job_id,batch_id,project_id,candidate_id,tool_id,protocol_id,input_artifacts,command_manifest,created_at,started_at,completed_at,status,return_code,stdout_path,stderr_path,output_artifacts,provenance,signature,reason,attempt
job_738f5f13d4176166c5d6,batch_82cabf7b83ed4419,atp_synthase,__library__,historical_import,atp_historical_audit_791f36fe7b4c,"[{""artifact_hash"": ""e7936d4100e882f6a511eb98d50c043c457630b1e4e3811e5c0fd75c38a11154"", ""original_path"": ""D:\\tiaozhansai\\ATP-Navigator\\results\\phase12\\internal_17_run1\\candidate_library.csv"", ""path"": ""D:\\tiaozhansai\\ATP-Navigator\\workspace_local\\artifacts\\e7936d4100e882f6a511eb98d50c043c457630b1e4e3811e5c0fd75c38a11154\\candidate_library.csv""}]","{""action"": ""import_existing_computational_evidence"", ""lineage"": {""candidate_count"": 17, ""input_sha256"": ""e7936d4100e882f6a511eb98d50c043c457630b1e4e3811e5c0fd75c38a11154"", ""library"": ""internal"", ""note"": ""Computed historical values are preserved, not regenerated or experimental measurements."", ""source_files"": [{""path"": ""data\\model_v3\\training_table.csv"", ""sha256"": ""fa6d57753ba4b72f33ac21ef68eeba932c6c891bc7949bd5af30ac3dc3cd0a1b""}, {""path"": ""data\\dataset_v0.2\\samples.csv"", ""sha256"": ""fdef34d7984dafadd743b94f910bd2d4a529b553dfed892115775bd03baf31e3""}, {""path"": ""data\\model_v3\\binding_feature_table.csv"", ""sha256"": ""dc85b57efc7835aa81b129ca05dccb935fad7eaec166ca90a97f36c383775dd3""}], ""source_kind"": ""historical_internal_17_replay_not_new_validation""}, ""source_sha256"": ""e7936d4100e882f6a511eb98d50c043c457630b1e4e3811e5c0fd75c38a11154""}",2026-08-26T07:34:23.592340+00:00,,2026-08-26T07:34:23.595168+00:00,completed,0.0,,,"[{""artifact_hash"": ""e7936d4100e882f6a511eb98d50c043c457630b1e4e3811e5c0fd75c38a11154"", ""original_path"": ""D:\\tiaozhansai\\ATP-Navigator\\results\\phase12\\internal_17_run1\\candidate_library.csv"", ""path"": ""D:\\tiaozhansai\\ATP-Navigator\\workspace_local\\artifacts\\e7936d4100e882f6a511eb98d50c043c457630b1e4e3811e5c0fd75c38a11154\\candidate_library.csv""}]","{""origin"": ""execution_workspace""}",738f5f13d4176166c5d658fb94c3a10917f92e11328438bc85f45ba31e89645e,,0
job_3144a23b0654fe207543,batch_82cabf7b83ed4419,atp_synthase,__library__,rdkit,rdkit_morgan2_1024_chiral_v1_2026_03_5,"[{""artifact_hash"": ""e7936d4100e882f6a511eb98d50c043c457630b1e4e3811e5c0fd75c38a11154"", ""original_path"": ""D:\\tiaozhansai\\ATP-Navigator\\results\\phase12\\internal_17_run1\\candidate_library.csv"", ""path"": ""D:\\tiaozhansai\\ATP-Navigator\\workspace_local\\artifacts\\e7936d4100e882f6a511eb98d50c043c457630b1e4e3811e5c0fd75c38a11154\\candidate_library.csv""}]","{""action"": ""structure_qc"", ""stage"": ""structure_qc"", ""worker_sha256"": ""e1afb8625a44d205a591b79a9d619aa1e1ab82d869df51798b3673c35180d452""}",2026-08-26T07:34:23.631442+00:00,2026-08-26T07:34:23.641057+00:00,2026-08-26T07:34:24.252473+00:00,completed,0.0,D:\tiaozhansai\ATP-Navigator\workspace_local\jobs\job_3144a23b0654fe207543\attempt_1\stdout.txt,D:\tiaozhansai\ATP-Navigator\workspace_local\jobs\job_3144a23b0654fe207543\attempt_1\stderr.txt,"[{""artifact_hash"": ""8766450d7bac4f15223d0f0c8f57c6d62c9395ef7f4cb2d19ea2f471d22d6000"", ""original_path"": ""D:\\tiaozhansai\\ATP-Navigator\\workspace_local\\jobs\\job_3144a23b0654fe207543\\attempt_1\\result.csv"", ""path"": ""D:\\tiaozhansai\\ATP-Navigator\\workspace_local\\artifacts\\8766450d7bac4f15223d0f0c8f57c6d62c9395ef7f4cb2d19ea2f471d22d6000\\result.csv""}, {""artifact_hash"": ""aa893e208ee43ca81b9b7cfb079bdafd5f88178151f78ac3ea70ae38bed6c6f9"", ""original_path"": ""D:\\tiaozhansai\\ATP-Navigator\\workspace_local\\jobs\\job_3144a23b0654fe207543\\attempt_1\\command.json"", ""path"": ""D:\\tiaozhansai\\ATP-Navigator\\workspace_local\\artifacts\\aa893e208ee43ca81b9b7cfb079bdafd5f88178151f78ac3ea70ae38bed6c6f9\\command.json""}, {""artifact_hash"": ""b3e1fce5002173b3e889c7bb83d33d472ea5660eb673b90335d8299751f5a570"", ""original_path"": ""D:\\tiaozhansai\\ATP-Navigator\\workspace_local\\jobs\\job_3144a23b0654fe207543\\attempt_1\\receipt.json"", ""path"": ""D:\\tiaozhansai\\ATP-Navigator\\workspace_local\\artifacts\\b3e1fce5002173b3e889c7bb83d33d472ea5660eb673b90335d8299751f5a570\\receipt.json""}]","{""origin"": ""execution_workspace""}",3144a23b0654fe207543d44cbb93ffcd0229be56c55224c0d96efd5b50e747a5,,1
job_1113f6fa60bc3b13625d,batch_82cabf7b83ed4419,atp_synthase,ATP-SMI-CFA68A98711F,glide,atp_historical_audit_791f36fe7b4c,"[{""artifact_hash"": ""e7936d4100e882f6a511eb98d50c043c457630b1e4e3811e5c0fd75c38a11154"", ""original_path"": ""D:\\tiaozhansai\\ATP-Navigator\\results\\phase12\\internal_17_run1\\candidate_library.csv"", ""path"": ""D:\\tiaozhansai\\ATP-Navigator\\workspace_local\\artifacts\\e7936d4100e882f6a511eb98d50c043c457630b1e4e3811e5c0fd75c38a11154\\candidate_library.csv""}]","{""candidate_id"": ""ATP-SMI-CFA68A98711F"", ""cli_arguments"": [], ""grid"": ""unknown"", ""predecessor"": ""structure_qc"", ""prepared_input"": null, ""stage"": ""HTVS"", ""tool_id"": ""glide"", ""worker_sha256"": ""3e0f2659012661507bda6a9c5781de8720b1eabf6621c1b7295bf9c0667ad9ef""}",2026-08-26T07:34:24.336113+00:00,,,blocked,,,,[],"{""origin"": ""execution_workspace""}",1113f6fa60bc3b13625db3d6e9468ec9476b1f9dc527cf0f7a818cb98427f9da,tool_not_found: Executable not found; docking_mode_not_confirmed_for_HTVS; grid_must_be_hash_pinned; protocol.docking_mode=unknown; protocol.force_field=unknown; protocol.grid=unknown; protocol.ligand_preparation=unknown; protocol.protonation=unknown; protocol.receptor=unknown; protocol_confirmation_required; receptor_must_be_hash_pinned; hash_pinned_prepared_ligand_or_poseviewer_missing,0
job_3439dc70fb7345fdc675,batch_82cabf7b83ed4419,atp_synthase,ATP-SMI-4417138BF81D,glide,atp_historical_audit_791f36fe7b4c,"[{""artifact_hash"": ""e7936d4100e882f6a511eb98d50c043c457630b1e4e3811e5c0fd75c38a11154"", ""original_path"": ""D:\\tiaozhansai\\ATP-Navigator\\results\\phase12\\internal_17_run1\\candidate_library.csv"", ""path"": ""D:\\tiaozhansai\\ATP-Navigator\\workspace_local\\artifacts\\e7936d4100e882f6a511eb98d50c043c457630b1e4e3811e5c0fd75c38a11154\\candidate_library.csv""}]","{""candidate_id"": ""ATP-SMI-4417138BF81D"", ""cli_arguments"": [], ""grid"": ""unknown"", ""predecessor"": ""structure_qc"", ""prepared_input"": null, ""stage"": ""HTVS"", ""tool_id"": ""glide"", ""worker_sha256"": ""3e0f2659012661507bda6a9c5781de8720b1eabf6621c1b7295bf9c0667ad9ef""}",2026-08-26T07:34:24.349286+00:00,,,blocked,,,,[],"{""origin"": ""execution_workspace""}",3439dc70fb7345fdc675d8a972ec57cf2ff632f074d6d881581ff6e890bfea50,tool_not_found: Executable not found; docking_mode_not_confirmed_for_HTVS; grid_must_be_hash_pinned; protocol.docking_mode=unknown; protocol.force_field=unknown; protocol.grid=unknown; protocol.ligand_preparation=unknown; protocol.protonation=unknown; protocol.receptor=unknown; protocol_confirmation_required; receptor_must_be_hash_pinned; hash_pinned_prepared_ligand_or_poseviewer_missing,0
job_106811c91c41849f720b,batch_82cabf7b83ed4419,atp_synthase,ATP-SMI-91E7552C2382,glide,atp_historical_audit_791f36fe7b4c,"[{""artifact_hash"": ""e7936d4100e882f6a511eb98d50c043c457630b1e4e3811e5c0fd75c38a11154"", ""original_path"": ""D:\\tiaozhansai\\ATP-Navigator\\results\\phase12\\internal_17_run1\\candidate_library.csv"", ""path"": ""D:\\tiaozhansai\\ATP-Navigator\\workspace_local\\artifacts\\e7936d4100e882f6a511eb98d50c043c457630b1e4e3811e5c0fd75c38a11154\\candidate_library.csv""}]","{""candidate_id"": ""ATP-SMI-91E7552C2382"", ""cli_arguments"": [], ""grid"": ""unknown"", ""predecessor"": ""structure_qc"", ""prepared_input"": null, ""stage"": ""HTVS"", ""tool_id"": ""glide"", ""worker_sha256"": ""3e0f2659012661507bda6a9c5781de8720b1eabf6621c1b7295bf9c0667ad9ef""}",2026-08-26T07:34:24.362545+00:00,,,blocked,,,,[],"{""origin"": ""execution_workspace""}",106811c91c41849f720b03c72f00fc64718f17ce9e0e47bdde83dc2f497e3934,tool_not_found: Executable not found; docking_mode_not_confirmed_for_HTVS; grid_must_be_hash_pinned; protocol.docking_mode=unknown; protocol.force_field=unknown; protocol.grid=unknown; protocol.ligand_preparation=unknown; protocol.protonation=unknown; protocol.receptor=unknown; protocol_confirmation_required; receptor_must_be_hash_pinned; hash_pinned_prepared_ligand_or_poseviewer_missing,0
job_0540e139a66e21c34ae2,batch_82cabf7b83ed4419,atp_synthase,ATP-SMI-775D33706F04,glide,atp_historical_audit_791f36fe7b4c,"[{""artifact_hash"": ""e7936d4100e882f6a511eb98d50c043c457630b1e4e3811e5c0fd75c38a11154"", ""original_path"": ""D:\\tiaozhansai\\ATP-Navigator\\results\\phase12\\internal_17_run1\\candidate_library.csv"", ""path"": ""D:\\tiaozhansai\\ATP-Navigator\\workspace_local\\artifacts\\e7936d4100e882f6a511eb98d50c043c457630b1e4e3811e5c0fd75c38a11154\\candidate_library.csv""}]","{""candidate_id"": ""ATP-SMI-775D33706F04"", ""cli_arguments"": [], ""grid"": ""unknown"", ""predecessor"": ""structure_qc"", ""prepared_input"": null, ""stage"": ""HTVS"", ""tool_id"": ""glide"", ""worker_sha256"": ""3e0f2659012661507bda6a9c5781de8720b1eabf6621c1b7295bf9c0667ad9ef""}",2026-08-26T07:34:24.375617+00:00,,,blocked,,,,[],"{""origin"": ""execution_workspace""}",0540e139a66e21c34ae2d4220847b919d40efe84c612ba15de3e7a0ee84fdbdb,tool_not_found: Executable not found; docking_mode_not_confirmed_for_HTVS; grid_must_be_hash_pinned; protocol.docking_mode=unknown; protocol.force_field=unknown; protocol.grid=unknown; protocol.ligand_preparation=unknown; protocol.protonation=unknown; protocol.receptor=unknown; protocol_confirmation_required; receptor_must_be_hash_pinned; hash_pinned_prepared_ligand_or_poseviewer_missing,0
job_b84658dc94140ff311cb,batch_82cabf7b83ed4419,atp_synthase,ATP-SMI-C93E6EC67CDB,glide,atp_historical_audit_791f36fe7b4c,"[{""artifact_hash"": ""e7936d4100e882f6a511eb98d50c043c457630b1e4e3811e5c0fd75c38a11154"", ""original_path"": ""D:\\tiaozhansai\\ATP-Navigator\\results\\phase12\\internal_17_run1\\candidate_library.csv"", ""path"": ""D:\\tiaozhansai\\ATP-Navigator\\workspace_local\\artifacts\\e7936d4100e882f6a511eb98d50c043c457630b1e4e3811e5c0fd75c38a11154\\candidate_library.csv""}]","{""candidate_id"": ""ATP-SMI-C93E6EC67CDB"", ""cli_arguments"": [], ""grid"": ""unknown"", ""predecessor"": ""structure_qc"", ""prepared_input"": null, ""stage"": ""HTVS"", ""tool_id"": ""glide"", ""worker_sha256"": ""3e0f2659012661507bda6a9c5781de8720b1eabf6621c1b7295bf9c0667ad9ef""}",2026-08-26T07:34:24.387427+00:00,,,blocked,,,,[],"{""origin"": ""execution_workspace""}",b84658dc94140ff311cb4f0acb21d19889c53256a975a241d560cae90d058d60,tool_not_found: Executable not found; docking_mode_not_confirmed_for_HTVS; grid_must_be_hash_pinned; protocol.docking_mode=unknown; protocol.force_field=unknown; protocol.grid=unknown; protocol.ligand_preparation=unknown; protocol.protonation=unknown; protocol.receptor=unknown; protocol_confirmation_required; receptor_must_be_hash_pinned; hash_pinned_prepared_ligand_or_poseviewer_missing,0
job_fbe72d9407a1b0860ab4,batch_82cabf7b83ed4419,atp_synthase,ATP-SMI-874C2DE25FE4,glide,atp_historical_audit_791f36fe7b4c,"[{""artifact_hash"": ""e7936d4100e882f6a511eb98d50c043c457630b1e4e3811e5c0fd75c38a11154"", ""original_path"": ""D:\\tiaozhansai\\ATP-Navigator\\results\\phase12\\internal_17_run1\\candidate_library.csv"", ""path"": ""D:\\tiaozhansai\\ATP-Navigator\\workspace_local\\artifacts\\e7936d4100e882f6a511eb98d50c043c457630b1e4e3811e5c0fd75c38a11154\\candidate_library.csv""}]","{""candidate_id"": ""ATP-SMI-874C2DE25FE4"", ""cli_arguments"": [], ""grid"": ""unknown"", ""predecessor"": ""structure_qc"", ""prepared_input"": null, ""stage"": ""HTVS"", ""tool_id"": ""glide"", ""worker_sha256"": ""3e0f2659012661507bda6a9c5781de8720b1eabf6621c1b7295bf9c0667ad9ef""}",2026-08-26T07:34:24.399106+00:00,,,blocked,,,,[],"{""origin"": ""execution_workspace""}",fbe72d9407a1b0860ab4914905a4ec994dc8561ea96041b2a0c2906e0f9b3316,tool_not_found: Executable not found; docking_mode_not_confirmed_for_HTVS; grid_must_be_hash_pinned; protocol.docking_mode=unknown; protocol.force_field=unknown; protocol.grid=unknown; protocol.ligand_preparation=unknown; protocol.protonation=unknown; protocol.receptor=unknown; protocol_confirmation_required; receptor_must_be_hash_pinned; hash_pinned_prepared_ligand_or_poseviewer_missing,0
job_f108c8a0baa7c7190fbb,batch_82cabf7b83ed4419,atp_synthase,ATP-SMI-96FD6257D8BA,glide,atp_historical_audit_791f36fe7b4c,"[{""artifact_hash"": ""e7936d4100e882f6a511eb98d50c043c457630b1e4e3811e5c0fd75c38a11154"", ""original_path"": ""D:\\tiaozhansai\\ATP-Navigator\\results\\phase12\\internal_17_run1\\candidate_library.csv"", ""path"": ""D:\\tiaozhansai\\ATP-Navigator\\workspace_local\\artifacts\\e7936d4100e882f6a511eb98d50c043c457630b1e4e3811e5c0fd75c38a11154\\candidate_library.csv""}]","{""candidate_id"": ""ATP-SMI-96FD6257D8BA"", ""cli_arguments"": [], ""grid"": ""unknown"", ""predecessor"": ""structure_qc"", ""prepared_input"": null, ""stage"": ""HTVS"", ""tool_id"": ""glide"", ""worker_sha256"": ""3e0f2659012661507bda6a9c5781de8720b1eabf6621c1b7295bf9c0667ad9ef""}",2026-08-26T07:34:24.410242+00:00,,,blocked,,,,[],"{""origin"": ""execution_workspace""}",f108c8a0baa7c7190fbb5e24def36700bab5cf752e14cdb6091cdb52002184c7,tool_not_found: Executable not found; docking_mode_not_confirmed_for_HTVS; grid_must_be_hash_pinned; protocol.docking_mode=unknown; protocol.force_field=unknown; protocol.grid=unknown; protocol.ligand_preparation=unknown; protocol.protonation=unknown; protocol.receptor=unknown; protocol_confirmation_required; receptor_must_be_hash_pinned; hash_pinned_prepared_ligand_or_poseviewer_missing,0
job_189974966aac3a33912e,batch_82cabf7b83ed4419,atp_synthase,ATP-SMI-94F73967C042,glide,atp_historical_audit_791f36fe7b4c,"[{""artifact_hash"": ""e7936d4100e882f6a511eb98d50c043c457630b1e4e3811e5c0fd75c38a11154"", ""original_path"": ""D:\\tiaozhansai\\ATP-Navigator\\results\\phase12\\internal_17_run1\\candidate_library.csv"", ""path"": ""D:\\tiaozhansai\\ATP-Navigator\\workspace_local\\artifacts\\e7936d4100e882f6a511eb98d50c043c457630b1e4e3811e5c0fd75c38a11154\\candidate_library.csv""}]","{""candidate_id"": ""ATP-SMI-94F73967C042"", ""cli_arguments"": [], ""grid"": ""unknown"", ""predecessor"": ""structure_qc"", ""prepared_input"": null, ""stage"": ""HTVS"", ""tool_id"": ""glide"", ""worker_sha256"": ""3e0f2659012661507bda6a9c5781de8720b1eabf6621c1b7295bf9c0667ad9ef""}",2026-08-26T07:34:24.423990+00:00,,,blocked,,,,[],"{""origin"": ""execution_workspace""}",189974966aac3a33912e5169c4392a40c99ca702e269a44b4521244eb1486b67,tool_not_found: Executable not found; docking_mode_not_confirmed_for_HTVS; grid_must_be_hash_pinned; protocol.docking_mode=unknown; protocol.force_field=unknown; protocol.grid=unknown; protocol.ligand_preparation=unknown; protocol.protonation=unknown; protocol.receptor=unknown; protocol_confirmation_required; receptor_must_be_hash_pinned; hash_pinned_prepared_ligand_or_poseviewer_missing,0
job_1499228dd2c5ce50c2c1,batch_82cabf7b83ed4419,atp_synthase,ATP-SMI-C3308BEE03AC,glide,atp_historical_audit_791f36fe7b4c,"[{""artifact_hash"": ""e7936d4100e882f6a511eb98d50c043c457630b1e4e3811e5c0fd75c38a11154"", ""original_path"": ""D:\\tiaozhansai\\ATP-Navigator\\results\\phase12\\internal_17_run1\\candidate_library.csv"", ""path"": ""D:\\tiaozhansai\\ATP-Navigator\\workspace_local\\artifacts\\e7936d4100e882f6a511eb98d50c043c457630b1e4e3811e5c0fd75c38a11154\\candidate_library.csv""}]","{""candidate_id"": ""ATP-SMI-C3308BEE03AC"", ""cli_arguments"": [], ""grid"": ""unknown"", ""predecessor"": ""structure_qc"", ""prepared_input"": null, ""stage"": ""HTVS"", ""tool_id"": ""glide"", ""worker_sha256"": ""3e0f2659012661507bda6a9c5781de8720b1eabf6621c1b7295bf9c0667ad9ef""}",2026-08-26T07:34:24.435752+00:00,,,blocked,,,,[],"{""origin"": ""execution_workspace""}",1499228dd2c5ce50c2c17229c3b2248fece62c47a52e205ef294fb9bcbfb9027,tool_not_found: Executable not found; docking_mode_not_confirmed_for_HTVS; grid_must_be_hash_pinned; protocol.docking_mode=unknown; protocol.force_field=unknown; protocol.grid=unknown; protocol.ligand_preparation=unknown; protocol.protonation=unknown; protocol.receptor=unknown; protocol_confirmation_required; receptor_must_be_hash_pinned; hash_pinned_prepared_ligand_or_poseviewer_missing,0
job_9bb2eac2717ab2749b18,batch_82cabf7b83ed4419,atp_synthase,ATP-SMI-FCA9CDF3313B,glide,atp_historical_audit_791f36fe7b4c,"[{""artifact_hash"": ""e7936d4100e882f6a511eb98d50c043c457630b1e4e3811e5c0fd75c38a11154"", ""original_path"": ""D:\\tiaozhansai\\ATP-Navigator\\results\\phase12\\internal_17_run1\\candidate_library.csv"", ""path"": ""D:\\tiaozhansai\\ATP-Navigator\\workspace_local\\artifacts\\e7936d4100e882f6a511eb98d50c043c457630b1e4e3811e5c0fd75c38a11154\\candidate_library.csv""}]","{""candidate_id"": ""ATP-SMI-FCA9CDF3313B"", ""cli_arguments"": [], ""grid"": ""unknown"", ""predecessor"": ""structure_qc"", ""prepared_input"": null, ""stage"": ""HTVS"", ""tool_id"": ""glide"", ""worker_sha256"": ""3e0f2659012661507bda6a9c5781de8720b1eabf6621c1b7295bf9c0667ad9ef""}",2026-08-26T07:34:24.448206+00:00,,,blocked,,,,[],"{""origin"": ""execution_workspace""}",9bb2eac2717ab2749b18b28a9ad7cb6f627a43394fbe6dd796132f8465f3cc85,tool_not_found: Executable not found; docking_mode_not_confirmed_for_HTVS; grid_must_be_hash_pinned; protocol.docking_mode=unknown; protocol.force_field=unknown; protocol.grid=unknown; protocol.ligand_preparation=unknown; protocol.protonation=unknown; protocol.receptor=unknown; protocol_confirmation_required; receptor_must_be_hash_pinned; hash_pinned_prepared_ligand_or_poseviewer_missing,0
job_506771efa0fed403d07b,batch_82cabf7b83ed4419,atp_synthase,ATP-SMI-CDED936B42F4,glide,atp_historical_audit_791f36fe7b4c,"[{""artifact_hash"": ""e7936d4100e882f6a511eb98d50c043c457630b1e4e3811e5c0fd75c38a11154"", ""original_path"": ""D:\\tiaozhansai\\ATP-Navigator\\results\\phase12\\internal_17_run1\\candidate_library.csv"", ""path"": ""D:\\tiaozhansai\\ATP-Navigator\\workspace_local\\artifacts\\e7936d4100e882f6a511eb98d50c043c457630b1e4e3811e5c0fd75c38a11154\\candidate_library.csv""}]","{""candidate_id"": ""ATP-SMI-CDED936B42F4"", ""cli_arguments"": [], ""grid"": ""unknown"", ""predecessor"": ""structure_qc"", ""prepared_input"": null, ""stage"": ""HTVS"", ""tool_id"": ""glide"", ""worker_sha256"": ""3e0f2659012661507bda6a9c5781de8720b1eabf6621c1b7295bf9c0667ad9ef""}",2026-08-26T07:34:24.461384+00:00,,,blocked,,,,[],"{""origin"": ""execution_workspace""}",506771efa0fed403d07b0bf2909e7b869dfe6e3fef1c237e4429a5501dd6f9f1,tool_not_found: Executable not found; docking_mode_not_confirmed_for_HTVS; grid_must_be_hash_pinned; protocol.docking_mode=unknown; protocol.force_field=unknown; protocol.grid=unknown; protocol.ligand_preparation=unknown; protocol.protonation=unknown; protocol.receptor=unknown; protocol_confirmation_required; receptor_must_be_hash_pinned; hash_pinned_prepared_ligand_or_poseviewer_missing,0
job_82ca5df1c996207c444b,batch_82cabf7b83ed4419,atp_synthase,ATP-SMI-E9798004BA11,glide,atp_historical_audit_791f36fe7b4c,"[{""artifact_hash"": ""e7936d4100e882f6a511eb98d50c043c457630b1e4e3811e5c0fd75c38a11154"", ""original_path"": ""D:\\tiaozhansai\\ATP-Navigator\\results\\phase12\\internal_17_run1\\candidate_library.csv"", ""path"": ""D:\\tiaozhansai\\ATP-Navigator\\workspace_local\\artifacts\\e7936d4100e882f6a511eb98d50c043c457630b1e4e3811e5c0fd75c38a11154\\candidate_library.csv""}]","{""candidate_id"": ""ATP-SMI-E9798004BA11"", ""cli_arguments"": [], ""grid"": ""unknown"", ""predecessor"": ""structure_qc"", ""prepared_input"": null, ""stage"": ""HTVS"", ""tool_id"": ""glide"", ""worker_sha256"": ""3e0f2659012661507bda6a9c5781de8720b1eabf6621c1b7295bf9c0667ad9ef""}",2026-08-26T07:34:24.474532+00:00,,,blocked,,,,[],"{""origin"": ""execution_workspace""}",82ca5df1c996207c444bd22894544f01e0ce8e0381279e969b2e2afd49957344,tool_not_found: Executable not found; docking_mode_not_confirmed_for_HTVS; grid_must_be_hash_pinned; protocol.docking_mode=unknown; protocol.force_field=unknown; protocol.grid=unknown; protocol.ligand_preparation=unknown; protocol.protonation=unknown; protocol.receptor=unknown; protocol_confirmation_required; receptor_must_be_hash_pinned; hash_pinned_prepared_ligand_or_poseviewer_missing,0
job_2f0e308ef9781a4056bf,batch_82cabf7b83ed4419,atp_synthase,ATP-SMI-9DA3213A09E8,glide,atp_historical_audit_791f36fe7b4c,"[{""artifact_hash"": ""e7936d4100e882f6a511eb98d50c043c457630b1e4e3811e5c0fd75c38a11154"", ""original_path"": ""D:\\tiaozhansai\\ATP-Navigator\\results\\phase12\\internal_17_run1\\candidate_library.csv"", ""path"": ""D:\\tiaozhansai\\ATP-Navigator\\workspace_local\\artifacts\\e7936d4100e882f6a511eb98d50c043c457630b1e4e3811e5c0fd75c38a11154\\candidate_library.csv""}]","{""candidate_id"": ""ATP-SMI-9DA3213A09E8"", ""cli_arguments"": [], ""grid"": ""unknown"", ""predecessor"": ""structure_qc"", ""prepared_input"": null, ""stage"": ""HTVS"", ""tool_id"": ""glide"", ""worker_sha256"": ""3e0f2659012661507bda6a9c5781de8720b1eabf6621c1b7295bf9c0667ad9ef""}",2026-08-26T07:34:24.490371+00:00,,,blocked,,,,[],"{""origin"": ""execution_workspace""}",2f0e308ef9781a4056bf24948a5040c14c5875d5039fe1ef8aad098da2e4537b,tool_not_found: Executable not found; docking_mode_not_confirmed_for_HTVS; grid_must_be_hash_pinned; protocol.docking_mode=unknown; protocol.force_field=unknown; protocol.grid=unknown; protocol.ligand_preparation=unknown; protocol.protonation=unknown; protocol.receptor=unknown; protocol_confirmation_required; receptor_must_be_hash_pinned; hash_pinned_prepared_ligand_or_poseviewer_missing,0
job_8e53f079a5c0e05ba297,batch_82cabf7b83ed4419,atp_synthase,ATP-SMI-5B36D3E11A3B,glide,atp_historical_audit_791f36fe7b4c,"[{""artifact_hash"": ""e7936d4100e882f6a511eb98d50c043c457630b1e4e3811e5c0fd75c38a11154"", ""original_path"": ""D:\\tiaozhansai\\ATP-Navigator\\results\\phase12\\internal_17_run1\\candidate_library.csv"", ""path"": ""D:\\tiaozhansai\\ATP-Navigator\\workspace_local\\artifacts\\e7936d4100e882f6a511eb98d50c043c457630b1e4e3811e5c0fd75c38a11154\\candidate_library.csv""}]","{""candidate_id"": ""ATP-SMI-5B36D3E11A3B"", ""cli_arguments"": [], ""grid"": ""unknown"", ""predecessor"": ""structure_qc"", ""prepared_input"": null, ""stage"": ""HTVS"", ""tool_id"": ""glide"", ""worker_sha256"": ""3e0f2659012661507bda6a9c5781de8720b1eabf6621c1b7295bf9c0667ad9ef""}",2026-08-26T07:34:24.503542+00:00,,,blocked,,,,[],"{""origin"": ""execution_workspace""}",8e53f079a5c0e05ba2971d09bac9b5123e3e8436bed4d8da20f9f36af2ab14c5,tool_not_found: Executable not found; docking_mode_not_confirmed_for_HTVS; grid_must_be_hash_pinned; protocol.docking_mode=unknown; protocol.force_field=unknown; protocol.grid=unknown; protocol.ligand_preparation=unknown; protocol.protonation=unknown; protocol.receptor=unknown; protocol_confirmation_required; receptor_must_be_hash_pinned; hash_pinned_prepared_ligand_or_poseviewer_missing,0
job_66a0f225848364b8c9be,batch_82cabf7b83ed4419,atp_synthase,ATP-SMI-BF69AB71C1A4,glide,atp_historical_audit_791f36fe7b4c,"[{""artifact_hash"": ""e7936d4100e882f6a511eb98d50c043c457630b1e4e3811e5c0fd75c38a11154"", ""original_path"": ""D:\\tiaozhansai\\ATP-Navigator\\results\\phase12\\internal_17_run1\\candidate_library.csv"", ""path"": ""D:\\tiaozhansai\\ATP-Navigator\\workspace_local\\artifacts\\e7936d4100e882f6a511eb98d50c043c457630b1e4e3811e5c0fd75c38a11154\\candidate_library.csv""}]","{""candidate_id"": ""ATP-SMI-BF69AB71C1A4"", ""cli_arguments"": [], ""grid"": ""unknown"", ""predecessor"": ""structure_qc"", ""prepared_input"": null, ""stage"": ""HTVS"", ""tool_id"": ""glide"", ""worker_sha256"": ""3e0f2659012661507bda6a9c5781de8720b1eabf6621c1b7295bf9c0667ad9ef""}",2026-08-26T07:34:24.518659+00:00,,,blocked,,,,[],"{""origin"": ""execution_workspace""}",66a0f225848364b8c9beab7447979112859beffc4d899007cfc153698ea62aa4,tool_not_found: Executable not found; docking_mode_not_confirmed_for_HTVS; grid_must_be_hash_pinned; protocol.docking_mode=unknown; protocol.force_field=unknown; protocol.grid=unknown; protocol.ligand_preparation=unknown; protocol.protonation=unknown; protocol.receptor=unknown; protocol_confirmation_required; receptor_must_be_hash_pinned; hash_pinned_prepared_ligand_or_poseviewer_missing,0
job_98bd66e74b44f8c5ecaf,batch_82cabf7b83ed4419,atp_synthase,ATP-SMI-15737353FB69,glide,atp_historical_audit_791f36fe7b4c,"[{""artifact_hash"": ""e7936d4100e882f6a511eb98d50c043c457630b1e4e3811e5c0fd75c38a11154"", ""original_path"": ""D:\\tiaozhansai\\ATP-Navigator\\results\\phase12\\internal_17_run1\\candidate_library.csv"", ""path"": ""D:\\tiaozhansai\\ATP-Navigator\\workspace_local\\artifacts\\e7936d4100e882f6a511eb98d50c043c457630b1e4e3811e5c0fd75c38a11154\\candidate_library.csv""}]","{""candidate_id"": ""ATP-SMI-15737353FB69"", ""cli_arguments"": [], ""grid"": ""unknown"", ""predecessor"": ""structure_qc"", ""prepared_input"": null, ""stage"": ""HTVS"", ""tool_id"": ""glide"", ""worker_sha256"": ""3e0f2659012661507bda6a9c5781de8720b1eabf6621c1b7295bf9c0667ad9ef""}",2026-08-26T07:34:24.536276+00:00,,,blocked,,,,[],"{""origin"": ""execution_workspace""}",98bd66e74b44f8c5ecafba3b3300e97a1f6101e1f0c88bef44438102555dd418,tool_not_found: Executable not found; docking_mode_not_confirmed_for_HTVS; grid_must_be_hash_pinned; protocol.docking_mode=unknown; protocol.force_field=unknown; protocol.grid=unknown; protocol.ligand_preparation=unknown; protocol.protonation=unknown; protocol.receptor=unknown; protocol_confirmation_required; receptor_must_be_hash_pinned; hash_pinned_prepared_ligand_or_poseviewer_missing,0
job_383483a800b3d7dcccec,batch_82cabf7b83ed4419,atp_synthase,ATP-SMI-5D3E7B6B6796,glide,atp_historical_audit_791f36fe7b4c,"[{""artifact_hash"": ""e7936d4100e882f6a511eb98d50c043c457630b1e4e3811e5c0fd75c38a11154"", ""original_path"": ""D:\\tiaozhansai\\ATP-Navigator\\results\\phase12\\internal_17_run1\\candidate_library.csv"", ""path"": ""D:\\tiaozhansai\\ATP-Navigator\\workspace_local\\artifacts\\e7936d4100e882f6a511eb98d50c043c457630b1e4e3811e5c0fd75c38a11154\\candidate_library.csv""}]","{""candidate_id"": ""ATP-SMI-5D3E7B6B6796"", ""cli_arguments"": [], ""grid"": ""unknown"", ""predecessor"": ""structure_qc"", ""prepared_input"": null, ""stage"": ""HTVS"", ""tool_id"": ""glide"", ""worker_sha256"": ""3e0f2659012661507bda6a9c5781de8720b1eabf6621c1b7295bf9c0667ad9ef""}",2026-08-26T07:34:24.553469+00:00,,,blocked,,,,[],"{""origin"": ""execution_workspace""}",383483a800b3d7dcccec0b925f63bbfc22616e319051714526707be995e9993c,tool_not_found: Executable not found; docking_mode_not_confirmed_for_HTVS; grid_must_be_hash_pinned; protocol.docking_mode=unknown; protocol.force_field=unknown; protocol.grid=unknown; protocol.ligand_preparation=unknown; protocol.protonation=unknown; protocol.receptor=unknown; protocol_confirmation_required; receptor_must_be_hash_pinned; hash_pinned_prepared_ligand_or_poseviewer_missing,0
job_2378b02cba14575e44dc,batch_82cabf7b83ed4419,atp_synthase,__pending_SP__,glide,atp_historical_audit_791f36fe7b4c,[],"{""budget_slots"": 17, ""predecessor"": ""HTVS"", ""stage"": ""SP""}",2026-08-26T07:34:24.572249+00:00,,,blocked,,,,[],"{""origin"": ""execution_workspace""}",2378b02cba14575e44dc7662fc0d17a67ce75220ad27462fd226f35db315638a,stage_gate_missing_HTVS; tool_not_found: Executable not found; docking_mode_not_confirmed_for_SP; grid_must_be_hash_pinned; protocol.docking_mode=unknown; protocol.force_field=unknown; protocol.grid=unknown; protocol.ligand_preparation=unknown; protocol.protonation=unknown; protocol.receptor=unknown; protocol_confirmation_required; receptor_must_be_hash_pinned; stage_gate_missing_HTVS; hash_pinned_prepared_ligand_or_poseviewer_missing; input_artifact_missing,0
job_b64904945baac7c62a8c,batch_82cabf7b83ed4419,atp_synthase,__pending_XP__,glide,atp_historical_audit_791f36fe7b4c,[],"{""budget_slots"": 17, ""predecessor"": ""SP"", ""stage"": ""XP""}",2026-08-26T07:34:24.593548+00:00,,,blocked,,,,[],"{""origin"": ""execution_workspace""}",b64904945baac7c62a8c95a5b21f14a3cc324ca75acfe0f0b325961c4d974382,stage_gate_missing_SP; tool_not_found: Executable not found; docking_mode_not_confirmed_for_XP; grid_must_be_hash_pinned; protocol.docking_mode=unknown; protocol.force_field=unknown; protocol.grid=unknown; protocol.ligand_preparation=unknown; protocol.protonation=unknown; protocol.receptor=unknown; protocol_confirmation_required; receptor_must_be_hash_pinned; stage_gate_missing_SP; hash_pinned_prepared_ligand_or_poseviewer_missing; input_artifact_missing,0
job_d19ea989c8a2df5c9ac6,batch_82cabf7b83ed4419,atp_synthase,ATP-SMI-CFA68A98711F,qikprop,atp_historical_audit_791f36fe7b4c,"[{""artifact_hash"": ""e7936d4100e882f6a511eb98d50c043c457630b1e4e3811e5c0fd75c38a11154"", ""original_path"": ""D:\\tiaozhansai\\ATP-Navigator\\results\\phase12\\internal_17_run1\\candidate_library.csv"", ""path"": ""D:\\tiaozhansai\\ATP-Navigator\\workspace_local\\artifacts\\e7936d4100e882f6a511eb98d50c043c457630b1e4e3811e5c0fd75c38a11154\\candidate_library.csv""}]","{""candidate_id"": ""ATP-SMI-CFA68A98711F"", ""cli_arguments"": [], ""grid"": ""unknown"", ""predecessor"": ""structure_qc"", ""prepared_input"": null, ""stage"": ""QikProp"", ""tool_id"": ""qikprop"", ""worker_sha256"": ""3e0f2659012661507bda6a9c5781de8720b1eabf6621c1b7295bf9c0667ad9ef""}",2026-08-26T07:34:24.624881+00:00,,,blocked,,,,[],"{""origin"": ""execution_workspace""}",d19ea989c8a2df5c9ac6b3cb6938e4e851bbdb9ad74b483cf06cedc81b706add,tool_not_found: Executable not found; protocol.force_field=unknown; protocol.ligand_preparation=unknown; protocol.protonation=unknown; protocol_confirmation_required; hash_pinned_prepared_ligand_or_poseviewer_missing,0
job_743811f369255105b6af,batch_82cabf7b83ed4419,atp_synthase,ATP-SMI-4417138BF81D,qikprop,atp_historical_audit_791f36fe7b4c,"[{""artifact_hash"": ""e7936d4100e882f6a511eb98d50c043c457630b1e4e3811e5c0fd75c38a11154"", ""original_path"": ""D:\\tiaozhansai\\ATP-Navigator\\results\\phase12\\internal_17_run1\\candidate_library.csv"", ""path"": ""D:\\tiaozhansai\\ATP-Navigator\\workspace_local\\artifacts\\e7936d4100e882f6a511eb98d50c043c457630b1e4e3811e5c0fd75c38a11154\\candidate_library.csv""}]","{""candidate_id"": ""ATP-SMI-4417138BF81D"", ""cli_arguments"": [], ""grid"": ""unknown"", ""predecessor"": ""structure_qc"", ""prepared_input"": null, ""stage"": ""QikProp"", ""tool_id"": ""qikprop"", ""worker_sha256"": ""3e0f2659012661507bda6a9c5781de8720b1eabf6621c1b7295bf9c0667ad9ef""}",2026-08-26T07:34:24.638699+00:00,,,blocked,,,,[],"{""origin"": ""execution_workspace""}",743811f369255105b6afa53f3295f70efe9ade608cbcca9365eec9ee1ee7c24c,tool_not_found: Executable not found; protocol.force_field=unknown; protocol.ligand_preparation=unknown; protocol.protonation=unknown; protocol_confirmation_required; hash_pinned_prepared_ligand_or_poseviewer_missing,0
job_0390cd2e0888639137f9,batch_82cabf7b83ed4419,atp_synthase,ATP-SMI-91E7552C2382,qikprop,atp_historical_audit_791f36fe7b4c,"[{""artifact_hash"": ""e7936d4100e882f6a511eb98d50c043c457630b1e4e3811e5c0fd75c38a11154"", ""original_path"": ""D:\\tiaozhansai\\ATP-Navigator\\results\\phase12\\internal_17_run1\\candidate_library.csv"", ""path"": ""D:\\tiaozhansai\\ATP-Navigator\\workspace_local\\artifacts\\e7936d4100e882f6a511eb98d50c043c457630b1e4e3811e5c0fd75c38a11154\\candidate_library.csv""}]","{""candidate_id"": ""ATP-SMI-91E7552C2382"", ""cli_arguments"": [], ""grid"": ""unknown"", ""predecessor"": ""structure_qc"", ""prepared_input"": null, ""stage"": ""QikProp"", ""tool_id"": ""qikprop"", ""worker_sha256"": ""3e0f2659012661507bda6a9c5781de8720b1eabf6621c1b7295bf9c0667ad9ef""}",2026-08-26T07:34:24.653638+00:00,,,blocked,,,,[],"{""origin"": ""execution_workspace""}",0390cd2e0888639137f9b12b9c4134d8b7a7933979bb1d5f41c0037502fb090c,tool_not_found: Executable not found; protocol.force_field=unknown; protocol.ligand_preparation=unknown; protocol.protonation=unknown; protocol_confirmation_required; hash_pinned_prepared_ligand_or_poseviewer_missing,0
job_94531fd25794c64b8929,batch_82cabf7b83ed4419,atp_synthase,ATP-SMI-775D33706F04,qikprop,atp_historical_audit_791f36fe7b4c,"[{""artifact_hash"": ""e7936d4100e882f6a511eb98d50c043c457630b1e4e3811e5c0fd75c38a11154"", ""original_path"": ""D:\\tiaozhansai\\ATP-Navigator\\results\\phase12\\internal_17_run1\\candidate_library.csv"", ""path"": ""D:\\tiaozhansai\\ATP-Navigator\\workspace_local\\artifacts\\e7936d4100e882f6a511eb98d50c043c457630b1e4e3811e5c0fd75c38a11154\\candidate_library.csv""}]","{""candidate_id"": ""ATP-SMI-775D33706F04"", ""cli_arguments"": [], ""grid"": ""unknown"", ""predecessor"": ""structure_qc"", ""prepared_input"": null, ""stage"": ""QikProp"", ""tool_id"": ""qikprop"", ""worker_sha256"": ""3e0f2659012661507bda6a9c5781de8720b1eabf6621c1b7295bf9c0667ad9ef""}",2026-08-26T07:34:24.666224+00:00,,,blocked,,,,[],"{""origin"": ""execution_workspace""}",94531fd25794c64b892936d3a2bf045d7947293ddf91d2055b2f91c9bef96e98,tool_not_found: Executable not found; protocol.force_field=unknown; protocol.ligand_preparation=unknown; protocol.protonation=unknown; protocol_confirmation_required; hash_pinned_prepared_ligand_or_poseviewer_missing,0
job_6774eff6ec64358934a5,batch_82cabf7b83ed4419,atp_synthase,ATP-SMI-C93E6EC67CDB,qikprop,atp_historical_audit_791f36fe7b4c,"[{""artifact_hash"": ""e7936d4100e882f6a511eb98d50c043c457630b1e4e3811e5c0fd75c38a11154"", ""original_path"": ""D:\\tiaozhansai\\ATP-Navigator\\results\\phase12\\internal_17_run1\\candidate_library.csv"", ""path"": ""D:\\tiaozhansai\\ATP-Navigator\\workspace_local\\artifacts\\e7936d4100e882f6a511eb98d50c043c457630b1e4e3811e5c0fd75c38a11154\\candidate_library.csv""}]","{""candidate_id"": ""ATP-SMI-C93E6EC67CDB"", ""cli_arguments"": [], ""grid"": ""unknown"", ""predecessor"": ""structure_qc"", ""prepared_input"": null, ""stage"": ""QikProp"", ""tool_id"": ""qikprop"", ""worker_sha256"": ""3e0f2659012661507bda6a9c5781de8720b1eabf6621c1b7295bf9c0667ad9ef""}",2026-08-26T07:34:24.681007+00:00,,,blocked,,,,[],"{""origin"": ""execution_workspace""}",6774eff6ec64358934a530af72b522c5498f26bb169e8cc8f4916e7e4dc0a04d,tool_not_found: Executable not found; protocol.force_field=unknown; protocol.ligand_preparation=unknown; protocol.protonation=unknown; protocol_confirmation_required; hash_pinned_prepared_ligand_or_poseviewer_missing,0
job_95ca644b4e62033493a5,batch_82cabf7b83ed4419,atp_synthase,ATP-SMI-874C2DE25FE4,qikprop,atp_historical_audit_791f36fe7b4c,"[{""artifact_hash"": ""e7936d4100e882f6a511eb98d50c043c457630b1e4e3811e5c0fd75c38a11154"", ""original_path"": ""D:\\tiaozhansai\\ATP-Navigator\\results\\phase12\\internal_17_run1\\candidate_library.csv"", ""path"": ""D:\\tiaozhansai\\ATP-Navigator\\workspace_local\\artifacts\\e7936d4100e882f6a511eb98d50c043c457630b1e4e3811e5c0fd75c38a11154\\candidate_library.csv""}]","{""candidate_id"": ""ATP-SMI-874C2DE25FE4"", ""cli_arguments"": [], ""grid"": ""unknown"", ""predecessor"": ""structure_qc"", ""prepared_input"": null, ""stage"": ""QikProp"", ""tool_id"": ""qikprop"", ""worker_sha256"": ""3e0f2659012661507bda6a9c5781de8720b1eabf6621c1b7295bf9c0667ad9ef""}",2026-08-26T07:34:24.696648+00:00,,,blocked,,,,[],"{""origin"": ""execution_workspace""}",95ca644b4e62033493a576a416f75dbc33224e36a16d71dfe85ad2ff79adc39e,tool_not_found: Executable not found; protocol.force_field=unknown; protocol.ligand_preparation=unknown; protocol.protonation=unknown; protocol_confirmation_required; hash_pinned_prepared_ligand_or_poseviewer_missing,0
job_a8004eaf23d604cb6938,batch_82cabf7b83ed4419,atp_synthase,ATP-SMI-96FD6257D8BA,qikprop,atp_historical_audit_791f36fe7b4c,"[{""artifact_hash"": ""e7936d4100e882f6a511eb98d50c043c457630b1e4e3811e5c0fd75c38a11154"", ""original_path"": ""D:\\tiaozhansai\\ATP-Navigator\\results\\phase12\\internal_17_run1\\candidate_library.csv"", ""path"": ""D:\\tiaozhansai\\ATP-Navigator\\workspace_local\\artifacts\\e7936d4100e882f6a511eb98d50c043c457630b1e4e3811e5c0fd75c38a11154\\candidate_library.csv""}]","{""candidate_id"": ""ATP-SMI-96FD6257D8BA"", ""cli_arguments"": [], ""grid"": ""unknown"", ""predecessor"": ""structure_qc"", ""prepared_input"": null, ""stage"": ""QikProp"", ""tool_id"": ""qikprop"", ""worker_sha256"": ""3e0f2659012661507bda6a9c5781de8720b1eabf6621c1b7295bf9c0667ad9ef""}",2026-08-26T07:34:24.708778+00:00,,,blocked,,,,[],"{""origin"": ""execution_workspace""}",a8004eaf23d604cb6938a3c20c08faee175e5cf5af40922f6d017c3782b516dc,tool_not_found: Executable not found; protocol.force_field=unknown; protocol.ligand_preparation=unknown; protocol.protonation=unknown; protocol_confirmation_required; hash_pinned_prepared_ligand_or_poseviewer_missing,0
job_ba6bfdb8eccab8f2f8cd,batch_82cabf7b83ed4419,atp_synthase,ATP-SMI-94F73967C042,qikprop,atp_historical_audit_791f36fe7b4c,"[{""artifact_hash"": ""e7936d4100e882f6a511eb98d50c043c457630b1e4e3811e5c0fd75c38a11154"", ""original_path"": ""D:\\tiaozhansai\\ATP-Navigator\\results\\phase12\\internal_17_run1\\candidate_library.csv"", ""path"": ""D:\\tiaozhansai\\ATP-Navigator\\workspace_local\\artifacts\\e7936d4100e882f6a511eb98d50c043c457630b1e4e3811e5c0fd75c38a11154\\candidate_library.csv""}]","{""candidate_id"": ""ATP-SMI-94F73967C042"", ""cli_arguments"": [], ""grid"": ""unknown"", ""predecessor"": ""structure_qc"", ""prepared_input"": null, ""stage"": ""QikProp"", ""tool_id"": ""qikprop"", ""worker_sha256"": ""3e0f2659012661507bda6a9c5781de8720b1eabf6621c1b7295bf9c0667ad9ef""}",2026-08-26T07:34:24.721341+00:00,,,blocked,,,,[],"{""origin"": ""execution_workspace""}",ba6bfdb8eccab8f2f8cd031366aa869daf88a9d3a4e11bb1ab814c40770154a6,tool_not_found: Executable not found; protocol.force_field=unknown; protocol.ligand_preparation=unknown; protocol.protonation=unknown; protocol_confirmation_required; hash_pinned_prepared_ligand_or_poseviewer_missing,0
job_1550bedb352a3ada8e90,batch_82cabf7b83ed4419,atp_synthase,ATP-SMI-C3308BEE03AC,qikprop,atp_historical_audit_791f36fe7b4c,"[{""artifact_hash"": ""e7936d4100e882f6a511eb98d50c043c457630b1e4e3811e5c0fd75c38a11154"", ""original_path"": ""D:\\tiaozhansai\\ATP-Navigator\\results\\phase12\\internal_17_run1\\candidate_library.csv"", ""path"": ""D:\\tiaozhansai\\ATP-Navigator\\workspace_local\\artifacts\\e7936d4100e882f6a511eb98d50c043c457630b1e4e3811e5c0fd75c38a11154\\candidate_library.csv""}]","{""candidate_id"": ""ATP-SMI-C3308BEE03AC"", ""cli_arguments"": [], ""grid"": ""unknown"", ""predecessor"": ""structure_qc"", ""prepared_input"": null, ""stage"": ""QikProp"", ""tool_id"": ""qikprop"", ""worker_sha256"": ""3e0f2659012661507bda6a9c5781de8720b1eabf6621c1b7295bf9c0667ad9ef""}",2026-08-26T07:34:24.733066+00:00,,,blocked,,,,[],"{""origin"": ""execution_workspace""}",1550bedb352a3ada8e90acfc933daca275cbf2a977beb25aba766dfd1e7df46f,tool_not_found: Executable not found; protocol.force_field=unknown; protocol.ligand_preparation=unknown; protocol.protonation=unknown; protocol_confirmation_required; hash_pinned_prepared_ligand_or_poseviewer_missing,0
job_2c4b81eca08e8807afb4,batch_82cabf7b83ed4419,atp_synthase,ATP-SMI-FCA9CDF3313B,qikprop,atp_historical_audit_791f36fe7b4c,"[{""artifact_hash"": ""e7936d4100e882f6a511eb98d50c043c457630b1e4e3811e5c0fd75c38a11154"", ""original_path"": ""D:\\tiaozhansai\\ATP-Navigator\\results\\phase12\\internal_17_run1\\candidate_library.csv"", ""path"": ""D:\\tiaozhansai\\ATP-Navigator\\workspace_local\\artifacts\\e7936d4100e882f6a511eb98d50c043c457630b1e4e3811e5c0fd75c38a11154\\candidate_library.csv""}]","{""candidate_id"": ""ATP-SMI-FCA9CDF3313B"", ""cli_arguments"": [], ""grid"": ""unknown"", ""predecessor"": ""structure_qc"", ""prepared_input"": null, ""stage"": ""QikProp"", ""tool_id"": ""qikprop"", ""worker_sha256"": ""3e0f2659012661507bda6a9c5781de8720b1eabf6621c1b7295bf9c0667ad9ef""}",2026-08-26T07:34:24.744451+00:00,,,blocked,,,,[],"{""origin"": ""execution_workspace""}",2c4b81eca08e8807afb4ae2ef06d0a6221efdd985a57bbfbfab2d0468c7bb4a6,tool_not_found: Executable not found; protocol.force_field=unknown; protocol.ligand_preparation=unknown; protocol.protonation=unknown; protocol_confirmation_required; hash_pinned_prepared_ligand_or_poseviewer_missing,0
job_66e12c2c90a914d24159,batch_82cabf7b83ed4419,atp_synthase,ATP-SMI-CDED936B42F4,qikprop,atp_historical_audit_791f36fe7b4c,"[{""artifact_hash"": ""e7936d4100e882f6a511eb98d50c043c457630b1e4e3811e5c0fd75c38a11154"", ""original_path"": ""D:\\tiaozhansai\\ATP-Navigator\\results\\phase12\\internal_17_run1\\candidate_library.csv"", ""path"": ""D:\\tiaozhansai\\ATP-Navigator\\workspace_local\\artifacts\\e7936d4100e882f6a511eb98d50c043c457630b1e4e3811e5c0fd75c38a11154\\candidate_library.csv""}]","{""candidate_id"": ""ATP-SMI-CDED936B42F4"", ""cli_arguments"": [], ""grid"": ""unknown"", ""predecessor"": ""structure_qc"", ""prepared_input"": null, ""stage"": ""QikProp"", ""tool_id"": ""qikprop"", ""worker_sha256"": ""3e0f2659012661507bda6a9c5781de8720b1eabf6621c1b7295bf9c0667ad9ef""}",2026-08-26T07:34:24.755861+00:00,,,blocked,,,,[],"{""origin"": ""execution_workspace""}",66e12c2c90a914d241590fabc8b37bfd6484b73acae3ad2b04e9a2fb7fedec9f,tool_not_found: Executable not found; protocol.force_field=unknown; protocol.ligand_preparation=unknown; protocol.protonation=unknown; protocol_confirmation_required; hash_pinned_prepared_ligand_or_poseviewer_missing,0
job_479ab7352749f97d5123,batch_82cabf7b83ed4419,atp_synthase,ATP-SMI-E9798004BA11,qikprop,atp_historical_audit_791f36fe7b4c,"[{""artifact_hash"": ""e7936d4100e882f6a511eb98d50c043c457630b1e4e3811e5c0fd75c38a11154"", ""original_path"": ""D:\\tiaozhansai\\ATP-Navigator\\results\\phase12\\internal_17_run1\\candidate_library.csv"", ""path"": ""D:\\tiaozhansai\\ATP-Navigator\\workspace_local\\artifacts\\e7936d4100e882f6a511eb98d50c043c457630b1e4e3811e5c0fd75c38a11154\\candidate_library.csv""}]","{""candidate_id"": ""ATP-SMI-E9798004BA11"", ""cli_arguments"": [], ""grid"": ""unknown"", ""predecessor"": ""structure_qc"", ""prepared_input"": null, ""stage"": ""QikProp"", ""tool_id"": ""qikprop"", ""worker_sha256"": ""3e0f2659012661507bda6a9c5781de8720b1eabf6621c1b7295bf9c0667ad9ef""}",2026-08-26T07:34:24.777123+00:00,,,blocked,,,,[],"{""origin"": ""execution_workspace""}",479ab7352749f97d512360aa34f85a9818e92eb83e3056ac04e1ae9ddbbe1507,tool_not_found: Executable not found; protocol.force_field=unknown; protocol.ligand_preparation=unknown; protocol.protonation=unknown; protocol_confirmation_required; hash_pinned_prepared_ligand_or_poseviewer_missing,0
job_0354a4ac7ea1af580a1b,batch_82cabf7b83ed4419,atp_synthase,ATP-SMI-9DA3213A09E8,qikprop,atp_historical_audit_791f36fe7b4c,"[{""artifact_hash"": ""e7936d4100e882f6a511eb98d50c043c457630b1e4e3811e5c0fd75c38a11154"", ""original_path"": ""D:\\tiaozhansai\\ATP-Navigator\\results\\phase12\\internal_17_run1\\candidate_library.csv"", ""path"": ""D:\\tiaozhansai\\ATP-Navigator\\workspace_local\\artifacts\\e7936d4100e882f6a511eb98d50c043c457630b1e4e3811e5c0fd75c38a11154\\candidate_library.csv""}]","{""candidate_id"": ""ATP-SMI-9DA3213A09E8"", ""cli_arguments"": [], ""grid"": ""unknown"", ""predecessor"": ""structure_qc"", ""prepared_input"": null, ""stage"": ""QikProp"", ""tool_id"": ""qikprop"", ""worker_sha256"": ""3e0f2659012661507bda6a9c5781de8720b1eabf6621c1b7295bf9c0667ad9ef""}",2026-08-26T07:34:24.795694+00:00,,,blocked,,,,[],"{""origin"": ""execution_workspace""}",0354a4ac7ea1af580a1ba2384d0c313f4faaee1170b05188dc66c03a47bb849e,tool_not_found: Executable not found; protocol.force_field=unknown; protocol.ligand_preparation=unknown; protocol.protonation=unknown; protocol_confirmation_required; hash_pinned_prepared_ligand_or_poseviewer_missing,0
job_f820f1fe83ffb1cd2600,batch_82cabf7b83ed4419,atp_synthase,ATP-SMI-5B36D3E11A3B,qikprop,atp_historical_audit_791f36fe7b4c,"[{""artifact_hash"": ""e7936d4100e882f6a511eb98d50c043c457630b1e4e3811e5c0fd75c38a11154"", ""original_path"": ""D:\\tiaozhansai\\ATP-Navigator\\results\\phase12\\internal_17_run1\\candidate_library.csv"", ""path"": ""D:\\tiaozhansai\\ATP-Navigator\\workspace_local\\artifacts\\e7936d4100e882f6a511eb98d50c043c457630b1e4e3811e5c0fd75c38a11154\\candidate_library.csv""}]","{""candidate_id"": ""ATP-SMI-5B36D3E11A3B"", ""cli_arguments"": [], ""grid"": ""unknown"", ""predecessor"": ""structure_qc"", ""prepared_input"": null, ""stage"": ""QikProp"", ""tool_id"": ""qikprop"", ""worker_sha256"": ""3e0f2659012661507bda6a9c5781de8720b1eabf6621c1b7295bf9c0667ad9ef""}",2026-08-26T07:34:24.808035+00:00,,,blocked,,,,[],"{""origin"": ""execution_workspace""}",f820f1fe83ffb1cd2600d14e2cf5a9cbb536202b29952a671322dce2bd9b42e9,tool_not_found: Executable not found; protocol.force_field=unknown; protocol.ligand_preparation=unknown; protocol.protonation=unknown; protocol_confirmation_required; hash_pinned_prepared_ligand_or_poseviewer_missing,0
job_53e72b78a7a82d2bc1be,batch_82cabf7b83ed4419,atp_synthase,ATP-SMI-BF69AB71C1A4,qikprop,atp_historical_audit_791f36fe7b4c,"[{""artifact_hash"": ""e7936d4100e882f6a511eb98d50c043c457630b1e4e3811e5c0fd75c38a11154"", ""original_path"": ""D:\\tiaozhansai\\ATP-Navigator\\results\\phase12\\internal_17_run1\\candidate_library.csv"", ""path"": ""D:\\tiaozhansai\\ATP-Navigator\\workspace_local\\artifacts\\e7936d4100e882f6a511eb98d50c043c457630b1e4e3811e5c0fd75c38a11154\\candidate_library.csv""}]","{""candidate_id"": ""ATP-SMI-BF69AB71C1A4"", ""cli_arguments"": [], ""grid"": ""unknown"", ""predecessor"": ""structure_qc"", ""prepared_input"": null, ""stage"": ""QikProp"", ""tool_id"": ""qikprop"", ""worker_sha256"": ""3e0f2659012661507bda6a9c5781de8720b1eabf6621c1b7295bf9c0667ad9ef""}",2026-08-26T07:34:24.822802+00:00,,,blocked,,,,[],"{""origin"": ""execution_workspace""}",53e72b78a7a82d2bc1be8dd5a149736d2ce45ceb2f0fd14c33f0ef6caa9a5c94,tool_not_found: Executable not found; protocol.force_field=unknown; protocol.ligand_preparation=unknown; protocol.protonation=unknown; protocol_confirmation_required; hash_pinned_prepared_ligand_or_poseviewer_missing,0
job_54a26badd61dd61490ea,batch_82cabf7b83ed4419,atp_synthase,ATP-SMI-15737353FB69,qikprop,atp_historical_audit_791f36fe7b4c,"[{""artifact_hash"": ""e7936d4100e882f6a511eb98d50c043c457630b1e4e3811e5c0fd75c38a11154"", ""original_path"": ""D:\\tiaozhansai\\ATP-Navigator\\results\\phase12\\internal_17_run1\\candidate_library.csv"", ""path"": ""D:\\tiaozhansai\\ATP-Navigator\\workspace_local\\artifacts\\e7936d4100e882f6a511eb98d50c043c457630b1e4e3811e5c0fd75c38a11154\\candidate_library.csv""}]","{""candidate_id"": ""ATP-SMI-15737353FB69"", ""cli_arguments"": [], ""grid"": ""unknown"", ""predecessor"": ""structure_qc"", ""prepared_input"": null, ""stage"": ""QikProp"", ""tool_id"": ""qikprop"", ""worker_sha256"": ""3e0f2659012661507bda6a9c5781de8720b1eabf6621c1b7295bf9c0667ad9ef""}",2026-08-26T07:34:24.841236+00:00,,,blocked,,,,[],"{""origin"": ""execution_workspace""}",54a26badd61dd61490ea08cb0dd1257f7c87ff6db22feed1b4f247ee21a0525e,tool_not_found: Executable not found; protocol.force_field=unknown; protocol.ligand_preparation=unknown; protocol.protonation=unknown; protocol_confirmation_required; hash_pinned_prepared_ligand_or_poseviewer_missing,0
job_04b7feb4e7d4ee4abf50,batch_82cabf7b83ed4419,atp_synthase,ATP-SMI-5D3E7B6B6796,qikprop,atp_historical_audit_791f36fe7b4c,"[{""artifact_hash"": ""e7936d4100e882f6a511eb98d50c043c457630b1e4e3811e5c0fd75c38a11154"", ""original_path"": ""D:\\tiaozhansai\\ATP-Navigator\\results\\phase12\\internal_17_run1\\candidate_library.csv"", ""path"": ""D:\\tiaozhansai\\ATP-Navigator\\workspace_local\\artifacts\\e7936d4100e882f6a511eb98d50c043c457630b1e4e3811e5c0fd75c38a11154\\candidate_library.csv""}]","{""candidate_id"": ""ATP-SMI-5D3E7B6B6796"", ""cli_arguments"": [], ""grid"": ""unknown"", ""predecessor"": ""structure_qc"", ""prepared_input"": null, ""stage"": ""QikProp"", ""tool_id"": ""qikprop"", ""worker_sha256"": ""3e0f2659012661507bda6a9c5781de8720b1eabf6621c1b7295bf9c0667ad9ef""}",2026-08-26T07:34:24.853389+00:00,,,blocked,,,,[],"{""origin"": ""execution_workspace""}",04b7feb4e7d4ee4abf50e808118fea05862c99e1a80cc10b288db80d7f1b382e,tool_not_found: Executable not found; protocol.force_field=unknown; protocol.ligand_preparation=unknown; protocol.protonation=unknown; protocol_confirmation_required; hash_pinned_prepared_ligand_or_poseviewer_missing,0
