candidate_id,candidate_origin,parent_id,canonical_smiles,scaffold,cluster,selection_class,glide_score,glide_rank,vina_score,vina_rank,acquisition_score,protocol_disagreement,novelty,tractability,pose_path,stage_added,panel_order,resolved_pose_path,pose_sha256,pose_evidence_source,pose_source_result,source_pose_protocol
ATP-REF-IN2,internal_reference,,C[NH+](C)Cc1ccc(C[NH2+]Cc2cc3ccccc3nc2SCc2ccccc2)cc1,,reference,reference_IN2,,,-8.212,,,,,,results/phase13/poses/ATP-REF-IN2_vina_7p3w_v1.pdbqt,qualification,1,/mnt/d/tiaozhansai/ATP-Navigator/workspace_local/multi_jobs/job_b813c2c6ca2f5c382a57/attempt_1/pose.pdbqt,b6674ecee63ddcd0388092ca14eaeb14cb5f6a79b94440b7f9533a9b8b44fb95,phase13_multi_protocol_execution_cache,/mnt/d/tiaozhansai/ATP-Navigator/workspace_local/multi_jobs/job_b813c2c6ca2f5c382a57/attempt_1/result.json,vina_7p3w_v1
ATP-HTVS-AD7FBCC01633,phase15_historical_htvs,,[NH3+][C@H](C#Cc1cc2ccccc2nc1NC(=O)Cc1ccc(O)cc1)Cc1cccc(F)c1,O=C(Cc1ccccc1)Nc1nc2ccccc2cc1C#CCCc1ccccc1,27,multi_protocol_strong,,7.0,-9.947,15.0,0.0548872631059242,0.0049019607843137,0.5323188378030038,,,qualification,2,/mnt/d/tiaozhansai/ATP-Navigator/workspace_local/phase14_vina/jobs/c2/c27109f75dfb23c7bb281a3495faf0d6490a3542c60d1f453987fb3ab0c4827f/pose.pdbqt,c0e18bcb9dd95b1e568bd573174398a6964df3f2e6fcc7a04117cd6ac0e66d50,phase14_vina_success_cache,/mnt/d/tiaozhansai/ATP-Navigator/workspace_local/phase14_vina/jobs/c2/c27109f75dfb23c7bb281a3495faf0d6490a3542c60d1f453987fb3ab0c4827f/result.json,vina_7p3w_v1
ATP-HTVS-8F383301D999,phase15_historical_htvs,,[NH3+][C@H](C#Cc1cc2ccccc2nc1NC(=O)[C@H](O)c1cccc(Cl)c1)Cc1cccc(F)c1,O=C(Cc1ccccc1)Nc1nc2ccccc2cc1C#CCCc1ccccc1,27,multi_protocol_strong,,12.0,-9.621,30.0,0.0548259885961203,0.0110294117647058,0.5323188378030038,,,qualification,3,/mnt/d/tiaozhansai/ATP-Navigator/workspace_local/phase14_vina/jobs/ed/ed828f3c69f01ff1aabe0cdfcb666ff8e6aa5d240536ca31e2d6265ef864d359/pose.pdbqt,c4156167065fb55ba9f9a62abf2ec73d5a778ebd5124519005b6db4b8c3ccd7a,phase14_vina_success_cache,/mnt/d/tiaozhansai/ATP-Navigator/workspace_local/phase14_vina/jobs/ed/ed828f3c69f01ff1aabe0cdfcb666ff8e6aa5d240536ca31e2d6265ef864d359/result.json,vina_7p3w_v1
ATP-HTVS-CF9A421CD50D,phase15_historical_htvs,,C[C@H](Nc1nc(NCc2ccc(F)c(CN(C)C)c2)c2ccccc2[nH+]1)c1ccccc1F,c1ccc(CNc2nc(NCc3ccccc3)c3ccccc3[nH+]2)cc1,52,extreme_disagreement,,1612.0,-9.475,41.0,0.042144774828498,0.962622549019608,0.2962049529094938,,,qualification,4,/mnt/d/tiaozhansai/ATP-Navigator/workspace_local/phase14_vina/jobs/12/1257c5f374f38807894c82464caeb4577c8502704343fc2f799b2fe4f59dfce1/pose.pdbqt,6ca5c1376e6c5af59f86c7eeb7f8b6b96c4b4c3b63dee895fbbb556b4a9d38f5,phase14_vina_success_cache,/mnt/d/tiaozhansai/ATP-Navigator/workspace_local/phase14_vina/jobs/12/1257c5f374f38807894c82464caeb4577c8502704343fc2f799b2fe4f59dfce1/result.json,vina_7p3w_v1
ATP-HTVS-898AE5CA69D9,phase15_historical_htvs,,CCN(C)Cc1cccc(CNc2nc(NCc3cccc(C)c3)[nH+]c3ccccc23)c1,c1ccc(CNc2nc(NCc3ccccc3)c3ccccc3[nH+]2)cc1,305,extreme_disagreement,,1628.0,-9.134,86.0,0.0453046218487394,0.9448529411764706,0.5,,,qualification,5,/mnt/d/tiaozhansai/ATP-Navigator/workspace_local/phase14_vina/jobs/71/7196ad1380eaacdb86cfd4206d354c94e663fad26fe9fa2a0932569d8c731354/pose.pdbqt,aab5089e84f61f29b20d8aac1b634348df9a5f4c6dfda2296c24016a36544676,phase14_vina_success_cache,/mnt/d/tiaozhansai/ATP-Navigator/workspace_local/phase14_vina/jobs/71/7196ad1380eaacdb86cfd4206d354c94e663fad26fe9fa2a0932569d8c731354/result.json,vina_7p3w_v1
ATP-HTVS-1E5A6A308B25,phase15_historical_htvs,,CN(C(=O)c1ccccc1F)c1ccncc1NCc1ccc(C[NH+](C)C)cc1,O=C(Nc1ccncc1NCc1ccccc1)c1ccccc1,861,medium_controls,,1086.0,-8.358,548.0,0.04501677397449,0.329656862745098,0.8760259858910316,,,qualification,6,/mnt/d/tiaozhansai/ATP-Navigator/workspace_local/phase14_vina/jobs/a1/a175b3e68432bacef8bb3b1a7c3934e8494721d60b97fc775a0ebff8f5ff9745/pose.pdbqt,680b05860607e2de6861c7419a12b1f1bbe441dd2d6631dd18bc7c207af1f225,phase14_vina_success_cache,/mnt/d/tiaozhansai/ATP-Navigator/workspace_local/phase14_vina/jobs/a1/a175b3e68432bacef8bb3b1a7c3934e8494721d60b97fc775a0ebff8f5ff9745/result.json,vina_7p3w_v1
ATP-GEN-7A898D5E996B,phase16_generated,ATP-REF-IN2,C[NH+](C)Cc1ccc(C[NH2+]Cc2cc3ccccc3nc2SCc2ccccc2)cc1C(F)(F)F,c1ccc(C[NH2+]Cc2cc3ccccc3nc2SCc2ccccc2)cc1,generated,generated_high_ranking,,,-8.954,4.0,0.7358589216277227,,0.6582278481012658,0.7222222222222222,results\phase16\poses\ATP-GEN-7A898D5E996B_vina_7p3w_v1.pdbqt,qualification,7,/mnt/d/tiaozhansai/ATP-Navigator/results/phase16/poses/ATP-GEN-7A898D5E996B_vina_7p3w_v1.pdbqt,e51ee52b82575ba013e8f566cb14eb32e700afc9d935b9e81247b60a2886b151,phase16_declared_vina_pose,,vina_7p3w_v1
ATP-GEN-B94A3A6839BC,phase16_generated,ATP-REF-IN2,CC(C)c1cc(C[NH2+]Cc2cc3ccccc3nc2SCc2ccccc2)ccc1C[NH+](C)C,c1ccc(C[NH2+]Cc2cc3ccccc3nc2SCc2ccccc2)cc1,generated,generated_diverse_novel,,,-8.366,26.0,0.690575398705704,,0.6708860759493671,0.7127777777777777,results\phase16\poses\ATP-GEN-B94A3A6839BC_vina_7p3w_v1.pdbqt,qualification,8,/mnt/d/tiaozhansai/ATP-Navigator/results/phase16/poses/ATP-GEN-B94A3A6839BC_vina_7p3w_v1.pdbqt,08b1a28e93d9e9c7fcaa0304bfa8c1e9c2693d83a2d1e3159bf78f60b25c3c64,phase16_declared_vina_pose,,vina_7p3w_v1
ATP-HTVS-1449F4F4BA71,phase15_historical_htvs,,Cc1ccc(C(=O)c2cnc3ccc(F)cc3c2N(CC[NH3+])Cc2ccc(F)cc2)cc1,O=C(c1ccccc1)c1cnc2ccccc2c1NCc1ccccc1,886,extreme_disagreement,,20.0,-6.164,1543.0,0.0614596463585434,0.9332107843137256,1.0,,,pilot30,9,/mnt/d/tiaozhansai/ATP-Navigator/workspace_local/phase14_vina/jobs/a7/a7bfaff6b2e39913d923b35014733a69923d6fb7500ffe323aa54bbbd32bd801/pose.pdbqt,1cdd3d1a7e30b981a6ac9401d91bf745ceeef209963eb9b1c7b5f0b2848c2c52,phase14_vina_success_cache,/mnt/d/tiaozhansai/ATP-Navigator/workspace_local/phase14_vina/jobs/a7/a7bfaff6b2e39913d923b35014733a69923d6fb7500ffe323aa54bbbd32bd801/result.json,vina_7p3w_v1
ATP-GEN-83963B27D9CD,phase16_generated,ATP-REF-IN2,Cc1cccc2cc(C[NH2+]Cc3ccc(C[NH+](C)C)cc3)c(SCc3ccccc3)nc12,c1ccc(C[NH2+]Cc2cc3ccccc3nc2SCc2ccccc2)cc1,generated,generated_acquisition,,,-8.562,11.0,0.7281848333536313,,0.6231884057971014,0.7338888888888888,results\phase16\poses\ATP-GEN-83963B27D9CD_vina_7p3w_v1.pdbqt,pilot30,10,/mnt/d/tiaozhansai/ATP-Navigator/results/phase16/poses/ATP-GEN-83963B27D9CD_vina_7p3w_v1.pdbqt,4704790c275d9d482bb52ed4b9a8441c7ed612a19f7fd42daeb994d4f24cc23e,phase16_declared_vina_pose,,vina_7p3w_v1
ATP-HTVS-66618B00A972,phase15_historical_htvs,,CC[N@@H+](C)Cc1cc(F)ccc1C[NH2+]Cc1csc(COc2ccc(OC)cc2)n1,c1ccc(C[NH2+]Cc2csc(COc3ccccc3)n2)cc1,125,historical_bridge_interpretable,,3.0,-7.245,1288.0,0.0524173832945028,0.7873774509803921,0.6785142789057869,,,pilot30,11,/mnt/d/tiaozhansai/ATP-Navigator/workspace_local/phase14_vina/jobs/87/874bc1424c4b8ea0abeb3dcb33572c88e7987e79627e5bf8cdc16641af38cc40/pose.pdbqt,28ced0e32118d7b0cb6e9dc0406683b3e7abe76dbe4f4082330a10d00aec2fb6,phase14_vina_success_cache,/mnt/d/tiaozhansai/ATP-Navigator/workspace_local/phase14_vina/jobs/87/874bc1424c4b8ea0abeb3dcb33572c88e7987e79627e5bf8cdc16641af38cc40/result.json,vina_7p3w_v1
ATP-HTVS-9F81613398D9,phase15_historical_htvs,,C[NH+](C)Cc1cccc(CNc2cnc(NC(=O)c3cccc(F)c3F)c(-n3cccc3)c2)c1,O=C(Nc1ncc(NCc2ccccc2)cc1-n1cccc1)c1ccccc1,54,medium_controls,,1094.0,-8.362,540.0,0.0395069647244861,0.3394607843137255,0.6069634889387587,,,pilot30,12,/mnt/d/tiaozhansai/ATP-Navigator/workspace_local/phase14_vina/jobs/a1/a114d2cdfd415661bdc6c58d7e2d34a2b674b1acae6530d1b79e1b36e46a83b6/pose.pdbqt,7a777404afa1b9a4d52c263f0c8dbf01e2e09441e0ff6525ff4621762db543c5,phase14_vina_success_cache,/mnt/d/tiaozhansai/ATP-Navigator/workspace_local/phase14_vina/jobs/a1/a114d2cdfd415661bdc6c58d7e2d34a2b674b1acae6530d1b79e1b36e46a83b6/result.json,vina_7p3w_v1
ATP-HTVS-B31ECD8B9A27,phase15_historical_htvs,,C[NH2+]Cc1ccccc1CNC(=O)c1cc(-c2ccccn2)nc2ccccc12,O=C(NCc1ccccc1)c1cc(-c2ccccn2)nc2ccccc12,157,multi_protocol_strong,,48.0,-9.507,39.0,0.0597418261857926,0.0055147058823529,0.8384962462644228,,,pilot30,13,/mnt/d/tiaozhansai/ATP-Navigator/workspace_local/phase14_vina/jobs/a6/a684269188ced4815a5bd1c2b3f1c977e7b6355a916a7865d91db246ab4268f4/pose.pdbqt,3067912fe94ef9cc080842d779b40ac60cc2d6633b4c5782631e2897d43ac9b7,phase14_vina_success_cache,/mnt/d/tiaozhansai/ATP-Navigator/workspace_local/phase14_vina/jobs/a6/a684269188ced4815a5bd1c2b3f1c977e7b6355a916a7865d91db246ab4268f4/result.json,vina_7p3w_v1
ATP-HTVS-E3E3C457ADC4,phase15_historical_htvs,,[NH3+][C@H](Cc1ccc(O)cc1)c1nc2ccccc2n1/C=C/c1ccccn1,C(=Cn1c(CCc2ccccc2)nc2ccccc21)c1ccccn1,436,rank_boundary_uncertain,,41.0,-6.981,1372.0,0.060485381652661,0.8155637254901961,1.0,,,pilot30,14,/mnt/d/tiaozhansai/ATP-Navigator/workspace_local/phase14_vina/jobs/c2/c20baf18ba59208fa9b8edac23124d9ea690e60f9041b20095f416e5aaa1ca54/pose.pdbqt,e7c5b6d72bd3c93ba2df2d461af0fe03495b2ec8622f67c7bdcfaeb13775ff93,phase14_vina_success_cache,/mnt/d/tiaozhansai/ATP-Navigator/workspace_local/phase14_vina/jobs/c2/c20baf18ba59208fa9b8edac23124d9ea690e60f9041b20095f416e5aaa1ca54/result.json,vina_7p3w_v1
ATP-HTVS-DDBB6FEB6103,phase15_historical_htvs,,C[C@H](O)Cc1ccc(C[NH2+]Cc2oc3ccc(F)cc3c2-c2ccccc2)cc1,c1ccc(C[NH2+]Cc2oc3ccccc3c2-c2ccccc2)cc1,452,scaffold_diverse,,13.0,-8.824,212.0,0.057531950280112,0.1219362745098039,1.0,,,pilot30,15,/mnt/d/tiaozhansai/ATP-Navigator/workspace_local/phase14_vina/jobs/fe/feed2dfba35aa30023f595c6860754c857507e5099b316b362a81fe7f18d43f9/pose.pdbqt,3d74b5a9545b3f9d4c9ad1aa497cdc1b9e52ccde1e7bc23a593816f394762849,phase14_vina_success_cache,/mnt/d/tiaozhansai/ATP-Navigator/workspace_local/phase14_vina/jobs/fe/feed2dfba35aa30023f595c6860754c857507e5099b316b362a81fe7f18d43f9/result.json,vina_7p3w_v1
ATP-HTVS-8E5D0C8C0586,phase15_historical_htvs,,O=C1c2ccccc2[C@@H](CNCc2cc(C3CC3)ccc2F)N1Cc1ccccc1,O=C1c2ccccc2C(CNCc2cccc(C3CC3)c2)N1Cc1ccccc1,642,extreme_disagreement,,1516.0,-9.493,40.0,0.0609480042016806,0.9044117647058824,1.0,,,pilot30,16,/mnt/d/tiaozhansai/ATP-Navigator/workspace_local/phase14_vina/jobs/ff/ff2a47c23bdbbddbc189552944749f7458c4f75da537873ea9ee4489b2811497/pose.pdbqt,9a461ce263f231d9a1a221c06a6a0709af425ffe48261421fe2e088f185610d4,phase14_vina_success_cache,/mnt/d/tiaozhansai/ATP-Navigator/workspace_local/phase14_vina/jobs/ff/ff2a47c23bdbbddbc189552944749f7458c4f75da537873ea9ee4489b2811497/result.json,vina_7p3w_v1
ATP-GEN-B9896EAB127D,phase16_generated,ATP-REF-IN2,C[NH+](C)Cc1ccc(C[NH2+]Cc2cc3cccc(Cl)c3nc2SCc2ccccc2)cc1,c1ccc(C[NH2+]Cc2cc3ccccc3nc2SCc2ccccc2)cc1,generated,generated_acquisition,,,-8.516,14.0,0.7251811391223155,,0.6285714285714286,0.7338888888888888,results\phase16\poses\ATP-GEN-B9896EAB127D_vina_7p3w_v1.pdbqt,pilot30,17,/mnt/d/tiaozhansai/ATP-Navigator/results/phase16/poses/ATP-GEN-B9896EAB127D_vina_7p3w_v1.pdbqt,3e1aff8e754de4b3ccf6388aca8d172cd06667a96023375149ec6ca93a410ba6,phase16_declared_vina_pose,,vina_7p3w_v1
ATP-HTVS-AC71774ACC4B,phase15_historical_htvs,,C[NH+](C)Cc1ccc(CNc2csc(C(=O)N[C@H](C[NH3+])c3ccccc3)c2)cc1,O=C(NCc1ccccc1)c1cc(NCc2ccccc2)cs1,567,historical_bridge_interpretable,,1.0,-7.449,1182.0,0.0513748496462544,0.7236519607843137,0.6871244233158569,,,pilot30,18,/mnt/d/tiaozhansai/ATP-Navigator/workspace_local/phase14_vina/jobs/5d/5dcca36aee068a96110d2a156c0850a7e34b2bf94f62338a575a0b766ed50d17/pose.pdbqt,82bfb87d4ecfa04ff68c4ce6f0091096fa1d7f536bd0507a9b23cdd2f4118aac,phase14_vina_success_cache,/mnt/d/tiaozhansai/ATP-Navigator/workspace_local/phase14_vina/jobs/5d/5dcca36aee068a96110d2a156c0850a7e34b2bf94f62338a575a0b766ed50d17/result.json,vina_7p3w_v1
ATP-HTVS-7BEC4E93BD87,phase15_historical_htvs,,CN(C)c1ccc(CCNc2c(NC(=O)c3cccc([S-])c3)c[nH+]c3ccccc23)cc1,O=C(Nc1c[nH+]c2ccccc2c1NCCc1ccccc1)c1ccccc1,164,medium_controls,,1098.0,-8.363,538.0,0.0391694988867748,0.3431372549019608,0.6189080487154627,,,pilot30,19,/mnt/d/tiaozhansai/ATP-Navigator/workspace_local/phase14_vina/jobs/16/16666c6a5ba257e36e2c70efb41dc97e7cd536b40defc0e884ea2095798939b7/pose.pdbqt,eee174d4a64935140fe6e3f7d9b4e2ab6bb008056749a834fd92a46d9fe113a1,phase14_vina_success_cache,/mnt/d/tiaozhansai/ATP-Navigator/workspace_local/phase14_vina/jobs/16/16666c6a5ba257e36e2c70efb41dc97e7cd536b40defc0e884ea2095798939b7/result.json,vina_7p3w_v1
ATP-HTVS-E71202E475AE,phase15_historical_htvs,,Cc1cc(OCc2ccccc2)ncc1NC(=O)Nc1ccccc1C[NH+](C)C,O=C(Nc1ccccc1)Nc1ccc(OCc2ccccc2)nc1,427,multi_protocol_strong,,23.0,-9.176,78.0,0.057406950280112,0.0337009803921568,1.0,,,pilot30,20,/mnt/d/tiaozhansai/ATP-Navigator/workspace_local/phase14_vina/jobs/59/590e7231e26dff04e1daa369c3ec73c282d2104938f5b6dff870d2fbef5e05ca/pose.pdbqt,978bc8e6a628535266b6e1cf1c93bf8f4677a4f9aaee42942e1ace6de4c8e420,phase14_vina_success_cache,/mnt/d/tiaozhansai/ATP-Navigator/workspace_local/phase14_vina/jobs/59/590e7231e26dff04e1daa369c3ec73c282d2104938f5b6dff870d2fbef5e05ca/result.json,vina_7p3w_v1
ATP-HTVS-3DA95123E47A,phase15_historical_htvs,,C[NH+]1CCN(c2ccc(CNCc3oc4ccc(F)cc4c3-c3ccccc3)cc2)CC1,c1ccc(-c2c(CNCc3ccc(N4CC[NH2+]CC4)cc3)oc3ccccc23)cc1,810,rank_boundary_uncertain,,1404.0,-9.373,49.0,0.0604118522408963,0.8302696078431373,1.0,,,pilot30,21,/mnt/d/tiaozhansai/ATP-Navigator/workspace_local/phase14_vina/jobs/ed/ed994b0ae4fa16e80851ccd9723d675fbce6393cd5b8f770ad99cabb85a45365/pose.pdbqt,3b0f2290f3df8ad4c86656dcef3684c2240c70e394a70f64ed102a5995a2d86e,phase14_vina_success_cache,/mnt/d/tiaozhansai/ATP-Navigator/workspace_local/phase14_vina/jobs/ed/ed994b0ae4fa16e80851ccd9723d675fbce6393cd5b8f770ad99cabb85a45365/result.json,vina_7p3w_v1
ATP-HTVS-1356F7D69808,phase15_historical_htvs,,C[NH+](C)Cc1ccc(NC(=O)NC[C@H]2c3ccccc3C(=O)N2Cc2ccccc2)c(F)c1,O=C(NCC1c2ccccc2C(=O)N1Cc1ccccc1)Nc1ccccc1,889,scaffold_diverse,,420.0,-9.306,58.0,0.057204131652661,0.221813725490196,1.0,,,pilot30,22,/mnt/d/tiaozhansai/ATP-Navigator/workspace_local/phase14_vina/jobs/60/601b9e04e60099652ecd38335ba99c85b24d55124399283dc9811502d604bfe7/pose.pdbqt,4643d67ba0f26d1234e5875093c75a5c23fd2ee4eb9d63e6ffc308fbea2eec79,phase14_vina_success_cache,/mnt/d/tiaozhansai/ATP-Navigator/workspace_local/phase14_vina/jobs/60/601b9e04e60099652ecd38335ba99c85b24d55124399283dc9811502d604bfe7/result.json,vina_7p3w_v1
ATP-HTVS-DF8AF7E8BFB3,phase15_historical_htvs,,C[C@H](C[NH2+]C[C@@H]1c2ccccc2C(=O)N1Cc1ccccc1)c1ccccc1,O=C1c2ccccc2C(C[NH2+]CCc2ccccc2)N1Cc1ccccc1,448,extreme_disagreement,,44.0,-6.319,1527.0,0.0608959208683473,0.9087009803921569,1.0,,,pilot30,23,/mnt/d/tiaozhansai/ATP-Navigator/workspace_local/phase14_vina/jobs/b1/b18242aa2d3c5d1d10fa74fb9e8bb0bd087a7f324c1c607b26539fea7b6d33f3/pose.pdbqt,da3b9ec746afcdda98f7e56cfe31ab9871d5c3523036f1c2176c7b82370878d1,phase14_vina_success_cache,/mnt/d/tiaozhansai/ATP-Navigator/workspace_local/phase14_vina/jobs/b1/b18242aa2d3c5d1d10fa74fb9e8bb0bd087a7f324c1c607b26539fea7b6d33f3/result.json,vina_7p3w_v1
ATP-GEN-28C82FC9CA0D,phase16_generated,ATP-SMI-874C2DE25FE4,Cc1ccc(-c2nn(Cc3ccccc3)c(C#N)c2C[NH2+]Cc2ccccc2C[N@H+]2CC[C@@H](O)C2)cc1,c1ccc(Cn2cc(C[NH2+]Cc3ccccc3C[NH+]3CCCC3)c(-c3ccccc3)n2)cc1,generated,generated_acquisition,,,-8.899,6.0,0.7245637077174846,,0.6075949367088608,0.6722222222222223,results\phase16\poses\ATP-GEN-28C82FC9CA0D_vina_7p3w_v1.pdbqt,pilot30,24,/mnt/d/tiaozhansai/ATP-Navigator/results/phase16/poses/ATP-GEN-28C82FC9CA0D_vina_7p3w_v1.pdbqt,d7ce344cde40263c0b8d753206a8b8dcbf0626d2688be43d68a31f77b7cb84e8,phase16_declared_vina_pose,,vina_7p3w_v1
ATP-HTVS-F0EA8E73CD83,phase15_historical_htvs,,C[NH+](C)Cc1cccc(CNc2cc(C(=O)N(CC[NH3+])c3ccc(Cl)cc3)sc2Cl)c1,O=C(Nc1ccccc1)c1cc(NCc2ccccc2)cs1,224,historical_bridge_interpretable,,163.0,-7.383,1227.0,0.0480384525874308,0.6519607843137255,0.6871244233158569,,,pilot30,25,/mnt/d/tiaozhansai/ATP-Navigator/workspace_local/phase14_vina/jobs/72/728ef6b8e8a346c6200050ed755033d4445826d1d91b74376dda6886c91000bf/pose.pdbqt,5a913dbdcb7ca04799d03aa983a9ab36611a93184e0d950d82006b51490b9db9,phase14_vina_success_cache,/mnt/d/tiaozhansai/ATP-Navigator/workspace_local/phase14_vina/jobs/72/728ef6b8e8a346c6200050ed755033d4445826d1d91b74376dda6886c91000bf/result.json,vina_7p3w_v1
ATP-HTVS-48ECC7021683,phase15_historical_htvs,,C[NH+](C)Cc1cccc(CNc2csc(C(=O)NCc3cccc(Cl)c3)c2)c1,O=C(NCc1ccccc1)c1cc(NCc2ccccc2)cs1,189,medium_controls,,688.0,-7.885,944.0,0.0326821520225232,0.1568627450980392,0.5256206695802796,,,pilot30,26,/mnt/d/tiaozhansai/ATP-Navigator/workspace_local/phase14_vina/jobs/da/da375d3446b35c734752ea42264403fbe7c67128fb667fd946ad84fb9f15a565/pose.pdbqt,0836829cecbf82729ba01948420174c7b898b87dd7bc581fe3e06d4a4dab71b2,phase14_vina_success_cache,/mnt/d/tiaozhansai/ATP-Navigator/workspace_local/phase14_vina/jobs/da/da375d3446b35c734752ea42264403fbe7c67128fb667fd946ad84fb9f15a565/result.json,vina_7p3w_v1
ATP-HTVS-B847417F307C,phase15_historical_htvs,,O=C(Cc1ccc(F)cc1)Nc1cnc2ccccc2c1C#CC(=O)c1ccccc1,O=C(Cc1ccccc1)Nc1cnc2ccccc2c1C#CC(=O)c1ccccc1,538,multi_protocol_strong,,132.0,-9.706,26.0,0.0570080532212885,0.0649509803921568,1.0,,,pilot30,27,/mnt/d/tiaozhansai/ATP-Navigator/workspace_local/phase14_vina/jobs/90/9079f57f2e37477b4bd532cbd732e9e7d7b6811085e2a5e16c994f43dfc360dc/pose.pdbqt,6c6a36c27552f3c3306d44b652dc22d7fd6767c09b5db34ac5c7f7ebecf9c8b4,phase14_vina_success_cache,/mnt/d/tiaozhansai/ATP-Navigator/workspace_local/phase14_vina/jobs/90/9079f57f2e37477b4bd532cbd732e9e7d7b6811085e2a5e16c994f43dfc360dc/result.json,vina_7p3w_v1
ATP-HTVS-9E45A7CB1B23,phase15_historical_htvs,,CC(C)Nc1ccc(CNC(=O)Cn2c(COc3ccccc3)[nH+]c3ccccc32)cc1,O=C(Cn1c(COc2ccccc2)[nH+]c2ccccc21)NCc1ccccc1,603,rank_boundary_uncertain,,1461.0,-9.107,96.0,0.059578518907563,0.8363970588235294,1.0,,,pilot30,28,/mnt/d/tiaozhansai/ATP-Navigator/workspace_local/phase14_vina/jobs/bf/bff0b90da1ee24d81685dc584c724f791d0f9305aa1536d4cade70ea602eecce/pose.pdbqt,e2d5ee55b6c543e5b051f740098816bb119ccdaf8d7fae718f8eaf688248bb97,phase14_vina_success_cache,/mnt/d/tiaozhansai/ATP-Navigator/workspace_local/phase14_vina/jobs/bf/bff0b90da1ee24d81685dc584c724f791d0f9305aa1536d4cade70ea602eecce/result.json,vina_7p3w_v1
ATP-HTVS-397149B089BD,phase15_historical_htvs,,Cc1cccc(-c2nn(Cc3ccccc3)cc2C[NH2+]Cc2cccc3c2CCN3)c1,c1ccc(Cn2cc(C[NH2+]Cc3cccc4c3CCN4)c(-c3ccccc3)n2)cc1,816,scaffold_diverse,,55.0,-8.594,339.0,0.0570203081232493,0.1740196078431372,1.0,,,pilot30,29,/mnt/d/tiaozhansai/ATP-Navigator/workspace_local/phase14_vina/jobs/e6/e6ea59e32e8a78d3c246130a39d45e06eb26c08132c574e97093921fdc9bf091/pose.pdbqt,60ec0fece9d1c4ca03c80f312f1f8a979d05804416aaaaa80fab4e65e38cda57,phase14_vina_success_cache,/mnt/d/tiaozhansai/ATP-Navigator/workspace_local/phase14_vina/jobs/e6/e6ea59e32e8a78d3c246130a39d45e06eb26c08132c574e97093921fdc9bf091/result.json,vina_7p3w_v1
ATP-HTVS-9505CBC4E7EE,phase15_historical_htvs,,CN(C)Cc1ccc(CCNc2nc(NCc3cccc4c3OCO4)[nH+]c3ccccc23)cc1,c1ccc(CCNc2nc(NCc3cccc4c3OCO4)[nH+]c3ccccc23)cc1,133,extreme_disagreement,,1554.0,-9.7,27.0,0.0593052743190109,0.9356617647058824,0.898102476454747,,,pilot30,30,/mnt/d/tiaozhansai/ATP-Navigator/workspace_local/phase14_vina/jobs/a3/a37970ed188345c03c83498e50b495563c04ead7b5293124bedd450af1f76b8e/pose.pdbqt,a3bbe8c7d7b55df804328694cc3ab0727e7adab7bed8a0bbc738aa84471996ec,phase14_vina_success_cache,/mnt/d/tiaozhansai/ATP-Navigator/workspace_local/phase14_vina/jobs/a3/a37970ed188345c03c83498e50b495563c04ead7b5293124bedd450af1f76b8e/result.json,vina_7p3w_v1
ATP-GEN-1315B7478DAE,phase16_generated,ATP-SMI-874C2DE25FE4,Cc1ccc(-c2nn(Cc3ccccc3)c(C(F)(F)F)c2C[NH2+]Cc2ccccc2C[N@H+]2CC[C@@H](O)C2)cc1,c1ccc(Cn2cc(C[NH2+]Cc3ccccc3C[NH+]3CCCC3)c(-c3ccccc3)n2)cc1,generated,generated_acquisition,,,-8.942,5.0,0.7218640196989626,,0.6025641025641026,0.6644444444444445,results\phase16\poses\ATP-GEN-1315B7478DAE_vina_7p3w_v1.pdbqt,expanded60,31,/mnt/d/tiaozhansai/ATP-Navigator/results/phase16/poses/ATP-GEN-1315B7478DAE_vina_7p3w_v1.pdbqt,0b4513fe653f6055d2f56cbee3fd238fe5e1b97f315327de8649a8ecd4dfa070,phase16_declared_vina_pose,,vina_7p3w_v1
ATP-HTVS-FDB0F1EC6F74,phase15_historical_htvs,,CSCCNC(=O)c1cccc(CN2CC(=O)Nc3ccccc3[C@@H]2c2ccccc2)c1F,O=C1CN(Cc2ccccc2)C(c2ccccc2)c2ccccc2N1,42,historical_bridge_interpretable,,133.0,-6.636,1464.0,0.0399303422088996,0.8155637254901961,0.2923383266545055,,,expanded60,32,/mnt/d/tiaozhansai/ATP-Navigator/workspace_local/phase14_vina/jobs/7e/7e97505ee2ffb34277bac144b514a214a04fd58bb7297bbaf059decdb69e628c/pose.pdbqt,b75395d57174c66cfec46a3298705f0af85b14f29ee7368e1147fe5f41e187ee,phase14_vina_success_cache,/mnt/d/tiaozhansai/ATP-Navigator/workspace_local/phase14_vina/jobs/7e/7e97505ee2ffb34277bac144b514a214a04fd58bb7297bbaf059decdb69e628c/result.json,vina_7p3w_v1
ATP-HTVS-24E588DA0D03,phase15_historical_htvs,,CNc1cccc(CNc2c(NC(=O)c3ccc(C[NH+](C)C)cc3)c[nH+]c3ccccc23)c1,O=C(Nc1c[nH+]c2ccccc2c1NCc1ccccc1)c1ccccc1,2,medium_controls,,510.0,-7.562,1122.0,0.027898685895612,0.375,0.1302971153872423,,,expanded60,33,/mnt/d/tiaozhansai/ATP-Navigator/workspace_local/phase14_vina/jobs/3f/3f35656ce92a6b074c7f60afe47c5ed3202e041b4487f300b13b24d64a68a711/pose.pdbqt,e1225a0eb8b03ca20e0f85b6d46109e1562575e8169ccc59bca60ebd4d780685,phase14_vina_success_cache,/mnt/d/tiaozhansai/ATP-Navigator/workspace_local/phase14_vina/jobs/3f/3f35656ce92a6b074c7f60afe47c5ed3202e041b4487f300b13b24d64a68a711/result.json,vina_7p3w_v1
ATP-HTVS-1D3C11D6B0D4,phase15_historical_htvs,,N#Cc1cc(C(=O)Nc2c(C#CC[NH2+]Cc3ccccc3)cnc3ccccc23)ccc1Cl,O=C(Nc1c(C#CC[NH2+]Cc2ccccc2)cnc2ccccc12)c1ccccc1,199,multi_protocol_strong,,53.0,-9.214,71.0,0.0555634873362254,0.0110294117647058,0.6568775983376735,,,expanded60,34,/mnt/d/tiaozhansai/ATP-Navigator/workspace_local/phase14_vina/jobs/c1/c10ecfbe39d90751073ae77c4e54def353e32170f3d1c5856b2822fc50971a19/pose.pdbqt,5e09fb868c2222fae9f87f979083c6dde8974796d869c87bccc28a3c036bd38a,phase14_vina_success_cache,/mnt/d/tiaozhansai/ATP-Navigator/workspace_local/phase14_vina/jobs/c1/c10ecfbe39d90751073ae77c4e54def353e32170f3d1c5856b2822fc50971a19/result.json,vina_7p3w_v1
ATP-HTVS-9DBDBA397665,phase15_historical_htvs,,Cc1ccc([C@@H](NCc2cc(OCc3ccccc3)cc(OCc3ccccc3)c2)C(=O)[O-])cc1,c1ccc(CNCc2cc(OCc3ccccc3)cc(OCc3ccccc3)c2)cc1,605,rank_boundary_uncertain,,1560.0,-8.928,156.0,0.05859506302521,0.8602941176470589,1.0,,,expanded60,35,/mnt/d/tiaozhansai/ATP-Navigator/workspace_local/phase14_vina/jobs/4c/4c359732bd7d02eabe3a03ef4b986a9656ca825a930052ea9926feb0e16df74b/pose.pdbqt,52feafb73d283ff0b21ba4095686867098bb124d958f613805ebd5387c539bb5,phase14_vina_success_cache,/mnt/d/tiaozhansai/ATP-Navigator/workspace_local/phase14_vina/jobs/4c/4c359732bd7d02eabe3a03ef4b986a9656ca825a930052ea9926feb0e16df74b/result.json,vina_7p3w_v1
ATP-HTVS-6B0687E57A6A,phase15_historical_htvs,,OCc1ccccc1CC[NH2+][C@@H](c1ccccc1)c1cc2ccccc2o1,c1ccc(CC[NH2+]C(c2ccccc2)c2cc3ccccc3o2)cc1,707,scaffold_diverse,,35.0,-8.996,125.0,0.0567935924369747,0.0551470588235294,1.0,,,expanded60,36,/mnt/d/tiaozhansai/ATP-Navigator/workspace_local/phase14_vina/jobs/ce/ce260a6520777ef9121b92c331f5a2eff55ae6dd559240e4169404a2a2171ee3/pose.pdbqt,eb8692992fdf5505c89626b4e72b734e0914a4fa114b589d4570b295f97ee22e,phase14_vina_success_cache,/mnt/d/tiaozhansai/ATP-Navigator/workspace_local/phase14_vina/jobs/ce/ce260a6520777ef9121b92c331f5a2eff55ae6dd559240e4169404a2a2171ee3/result.json,vina_7p3w_v1
ATP-HTVS-4EF6126AB2D8,phase15_historical_htvs,,CC[N@H+](Cc1cccc(C)c1)c1c(C(=O)N(CC[NH3+])c2ccccc2)sc2ccccc12,O=C(Nc1ccccc1)c1sc2ccccc2c1[NH2+]Cc1ccccc1,330,extreme_disagreement,,75.0,-5.988,1559.0,0.0559446143566249,0.909313725490196,0.8198835822837112,,,expanded60,37,/mnt/d/tiaozhansai/ATP-Navigator/workspace_local/phase14_vina/jobs/68/682776ec0ece0fd0a2786974643351e17cc145e0f00d89fd0f5accdba1b0dad1/pose.pdbqt,a7dfa9293dab6f2708d64a21f49110da6130e1f17bd44baf84f356b6b28ffb8d,phase14_vina_success_cache,/mnt/d/tiaozhansai/ATP-Navigator/workspace_local/phase14_vina/jobs/68/682776ec0ece0fd0a2786974643351e17cc145e0f00d89fd0f5accdba1b0dad1/result.json,vina_7p3w_v1
ATP-GEN-EDF096265289,phase16_generated,ATP-REF-IN2,Cc1cc(C[NH2+]Cc2cc3ccccc3nc2SCc2ccccc2)ccc1C[NH+](C)C,c1ccc(C[NH2+]Cc2cc3ccccc3nc2SCc2ccccc2)cc1,generated,generated_acquisition,,,-8.499,15.0,0.7162526527480088,,0.6578947368421053,0.7338888888888888,results\phase16\poses\ATP-GEN-EDF096265289_vina_7p3w_v1.pdbqt,expanded60,38,/mnt/d/tiaozhansai/ATP-Navigator/results/phase16/poses/ATP-GEN-EDF096265289_vina_7p3w_v1.pdbqt,a0ca383d35825b384520df2ed45421d1c337dffc52d4c8e6efcd48d399a0011e,phase16_declared_vina_pose,,vina_7p3w_v1
ATP-HTVS-D78134F4C173,phase15_historical_htvs,,CC[C@@H](NC(=O)c1cc(NCc2cccc(C[NH+](C)C)c2)cs1)c1ccccc1,O=C(NCc1ccccc1)c1cc(NCc2ccccc2)cs1,214,historical_bridge_interpretable,,687.0,-7.801,1003.0,0.0340764825086826,0.1936274509803921,0.5852268997706038,,,expanded60,39,/mnt/d/tiaozhansai/ATP-Navigator/workspace_local/phase14_vina/jobs/63/630c916b7eb8e8d33cf71396e62420389643a5f57fdd8669ace69ee15afb68d9/pose.pdbqt,fa4fa8f80b1c1703612c1d912463645e73e58350ab8101421f0241d1c1beb51b,phase14_vina_success_cache,/mnt/d/tiaozhansai/ATP-Navigator/workspace_local/phase14_vina/jobs/63/630c916b7eb8e8d33cf71396e62420389643a5f57fdd8669ace69ee15afb68d9/result.json,vina_7p3w_v1
ATP-HTVS-54A1786C1F00,phase15_historical_htvs,,[NH3+][C@H](C#Cc1cc2ccccc2nc1NC(=O)[C@H](O)c1ccc(Cl)cc1)Cc1cccc(F)c1,O=C(Cc1ccccc1)Nc1nc2ccccc2cc1C#CCCc1ccccc1,27,multi_protocol_strong,,18.0,-9.256,64.0,0.0548014787921987,0.0281862745098039,0.5323188378030038,,,expanded60,40,/mnt/d/tiaozhansai/ATP-Navigator/workspace_local/phase14_vina/jobs/c9/c92ba68f5ae1fb24b96dccf87333e5883efdcad59578dfe23d1dd87837bbfa8c/pose.pdbqt,c65ed127cc245c1a0b55107fb13c2ffe313e925857c836fd52529a685c1c29c5,phase14_vina_success_cache,/mnt/d/tiaozhansai/ATP-Navigator/workspace_local/phase14_vina/jobs/c9/c92ba68f5ae1fb24b96dccf87333e5883efdcad59578dfe23d1dd87837bbfa8c/result.json,vina_7p3w_v1
ATP-HTVS-EF5E324DB424,phase15_historical_htvs,,CN1CCN(c2ccccc2CNC(=O)c2oc3ccccc3c2COc2ccccc2)CC1,O=C(NCc1ccccc1N1CCNCC1)c1oc2ccccc2c1COc1ccccc1,407,rank_boundary_uncertain,,1470.0,-8.9,169.0,0.0580405287114845,0.7971813725490197,1.0,,,expanded60,41,/mnt/d/tiaozhansai/ATP-Navigator/workspace_local/phase14_vina/jobs/b7/b704454bb2e90c9b1c0536f85cf06110827104f5b3b0b90355990428a423fca4/pose.pdbqt,faab0b0902e6e67198dd36bab85c79160dad83e18ce55879b3a12c80ef1c5a78,phase14_vina_success_cache,/mnt/d/tiaozhansai/ATP-Navigator/workspace_local/phase14_vina/jobs/b7/b704454bb2e90c9b1c0536f85cf06110827104f5b3b0b90355990428a423fca4/result.json,vina_7p3w_v1
ATP-HTVS-BFD5BCAF9717,phase15_historical_htvs,,O=C(NNc1ccccc1)c1oc2ccccc2c1COc1ccccc1,O=C(NNc1ccccc1)c1oc2ccccc2c1COc1ccccc1,522,scaffold_diverse,,63.0,-8.907,165.0,0.0563156512605042,0.0625,1.0,,,expanded60,42,/mnt/d/tiaozhansai/ATP-Navigator/workspace_local/phase14_vina/jobs/81/8174aa6a074e725819747c054e54a971fa3c554d4850d348817ed25486c3c70e/pose.pdbqt,7aa410234c45ac2ac99d948079f14a70cbced1c59da840d52d0b68e15bbaaf76,phase14_vina_success_cache,/mnt/d/tiaozhansai/ATP-Navigator/workspace_local/phase14_vina/jobs/81/8174aa6a074e725819747c054e54a971fa3c554d4850d348817ed25486c3c70e/result.json,vina_7p3w_v1
ATP-HTVS-FACA9080893C,phase15_historical_htvs,,CCN(CC)Cc1cccc(CNc2cc3ccccc3nc2NC(=O)C[C@@H](C#N)c2ccccc2)c1,O=C(CCc1ccccc1)Nc1nc2ccccc2cc1NCc1ccccc1,382,extreme_disagreement,,1623.0,-8.922,159.0,0.0550045190725292,0.8970588235294118,0.8760259858910316,,,expanded60,43,/mnt/d/tiaozhansai/ATP-Navigator/workspace_local/phase14_vina/jobs/04/0460d9df0d1bd498a9c3c3cd2d4298e76d6e766d3fac7fb74c89d2d963f522e0/pose.pdbqt,5882883f91667b29a354074b5bccb0554ba7373dd355f67595fe1aec993a9dee,phase14_vina_success_cache,/mnt/d/tiaozhansai/ATP-Navigator/workspace_local/phase14_vina/jobs/04/0460d9df0d1bd498a9c3c3cd2d4298e76d6e766d3fac7fb74c89d2d963f522e0/result.json,vina_7p3w_v1
ATP-GEN-7D19A1D856E8,phase16_generated,ATP-SMI-874C2DE25FE4,Cc1ccc(-c2nn(Cc3ccccc3)cc2C[NH2+]Cc2ccccc2C[N@H+]2CC[C@@H](O)C2)cc1C#N,c1ccc(Cn2cc(C[NH2+]Cc3ccccc3C[NH+]3CCCC3)c(-c3ccccc3)n2)cc1,generated,generated_acquisition,,,-9.093,3.0,0.7157504107226085,,0.5432098765432098,0.6722222222222223,results\phase16\poses\ATP-GEN-7D19A1D856E8_vina_7p3w_v1.pdbqt,expanded60,44,/mnt/d/tiaozhansai/ATP-Navigator/results/phase16/poses/ATP-GEN-7D19A1D856E8_vina_7p3w_v1.pdbqt,550b26814a099c1ce71f032cbf094e2024884b40f6aabeb1dc8ae63f60aec50f,phase16_declared_vina_pose,,vina_7p3w_v1
ATP-HTVS-3B3954EE8C13,phase15_historical_htvs,,[NH3+][C@@H](C#Cc1cnc2ccccc2c1NC(=O)C#Cc1cccc(F)c1)Cc1cccc(F)c1,O=C(C#Cc1ccccc1)Nc1c(C#CCCc2ccccc2)cnc2ccccc12,47,multi_protocol_strong,,11.0,-9.454,42.0,0.0529394167328937,0.0189950980392156,0.6583798285481339,,,expanded60,45,/mnt/d/tiaozhansai/ATP-Navigator/workspace_local/phase14_vina/jobs/d8/d874471d8dbe096f443d376d2819b1b608cef83a145861c78d3bb7c0ed722175/pose.pdbqt,bd320da049628a05eb40275dffa7bd5116bdcd3673651d97c8e4d26969407b4a,phase14_vina_success_cache,/mnt/d/tiaozhansai/ATP-Navigator/workspace_local/phase14_vina/jobs/d8/d874471d8dbe096f443d376d2819b1b608cef83a145861c78d3bb7c0ed722175/result.json,vina_7p3w_v1
ATP-HTVS-D1462A8BE621,phase15_historical_htvs,,O=C(Nc1c(C#CC[NH2+]Cc2ccccc2)cnc2ccccc12)c1cc(F)cc(F)c1,O=C(Nc1c(C#CC[NH2+]Cc2ccccc2)cnc2ccccc12)c1ccccc1,199,rank_boundary_uncertain,,21.0,-8.881,181.0,0.0575867716499509,0.0980392156862745,0.6568775983376735,,,expanded60,46,/mnt/d/tiaozhansai/ATP-Navigator/workspace_local/phase14_vina/jobs/25/25b31b9db849a615f7cceb2f2fa95e1419f21c0575d3c4a30769b9ac94caae14/pose.pdbqt,afacef32f90bf1b34c6f231f3d8cb0b76362ee8c6df3400fba378e6e06faf03e,phase14_vina_success_cache,/mnt/d/tiaozhansai/ATP-Navigator/workspace_local/phase14_vina/jobs/25/25b31b9db849a615f7cceb2f2fa95e1419f21c0575d3c4a30769b9ac94caae14/result.json,vina_7p3w_v1
ATP-HTVS-531EE93584A6,phase15_historical_htvs,,Cc1ccc([C@H](O)CNc2cc(-c3ccccn3)nc3c(F)cccc23)cc1,c1ccc(CCNc2cc(-c3ccccn3)nc3ccccc23)cc1,756,scaffold_diverse,,419.0,-9.075,106.0,0.0561716561624649,0.1917892156862745,1.0,,,expanded60,47,/mnt/d/tiaozhansai/ATP-Navigator/workspace_local/phase14_vina/jobs/6f/6fd6b52f178addabe8b2ce7e8b4ff359dd341c5a0066f94e3e9e5433eb1b861c/pose.pdbqt,7cf3b83811a789d945160b72d44b7acf8503b9f32ff979c647f7eb81ae57dbf8,phase14_vina_success_cache,/mnt/d/tiaozhansai/ATP-Navigator/workspace_local/phase14_vina/jobs/6f/6fd6b52f178addabe8b2ce7e8b4ff359dd341c5a0066f94e3e9e5433eb1b861c/result.json,vina_7p3w_v1
ATP-HTVS-79E4EBD82D6A,phase15_historical_htvs,,CN(C)Cc1ccc(CNc2nc(NCC(=O)Nc3ccc(F)cc3)c3ccccc3[nH+]2)cc1,O=C(CNc1nc(NCc2ccccc2)[nH+]c2ccccc12)Nc1ccccc1,172,extreme_disagreement,,1540.0,-9.241,66.0,0.0547067646800555,0.903186274509804,0.7741284623457786,,,expanded60,48,/mnt/d/tiaozhansai/ATP-Navigator/workspace_local/phase14_vina/jobs/53/53c2eba7d80e139c0613f47a5c6e27d6b3f5d973713c91f216036512bd64f7d0/pose.pdbqt,3cf43ea35f16445e6f497daaac6ff329d73b82fcb5bbe4fed03d7702e4696055,phase14_vina_success_cache,/mnt/d/tiaozhansai/ATP-Navigator/workspace_local/phase14_vina/jobs/53/53c2eba7d80e139c0613f47a5c6e27d6b3f5d973713c91f216036512bd64f7d0/result.json,vina_7p3w_v1
ATP-GEN-80A31E9A52D5,phase16_generated,ATP-REF-IN2,C[NH+](C)Cc1ccc(C[NH2+]Cc2cc3c(F)cccc3nc2SCc2ccccc2)cc1,c1ccc(C[NH2+]Cc2cc3ccccc3nc2SCc2ccccc2)cc1,generated,generated_acquisition,,,-8.433,18.0,0.7154285714285714,,0.6190476190476191,0.7338888888888888,results\phase16\poses\ATP-GEN-80A31E9A52D5_vina_7p3w_v1.pdbqt,expanded60,49,/mnt/d/tiaozhansai/ATP-Navigator/results/phase16/poses/ATP-GEN-80A31E9A52D5_vina_7p3w_v1.pdbqt,c35aace76931538869d08abca891c46707fa0daeda7d265d6ddbae8f144abe65,phase16_declared_vina_pose,,vina_7p3w_v1
ATP-HTVS-CB3D9B3FDDC1,phase15_historical_htvs,,C[C@@H](NC(=O)NC[C@@H]1c2ccccc2C(=O)N1Cc1ccccc1)c1ccc(C[NH+](C)C)cc1,O=C(NCc1ccccc1)NCC1c2ccccc2C(=O)N1Cc1ccccc1,497,multi_protocol_strong,,26.0,-9.572,34.0,0.0520146744729871,0.0049019607843137,0.8435622116579284,,,expanded60,50,/mnt/d/tiaozhansai/ATP-Navigator/workspace_local/phase14_vina/jobs/f3/f338af6983254f8a21c69cce632ef3af2495062eb8a1a719d495d807107cba4b/pose.pdbqt,a180027504c21a53060fff1fae1db3d593a4f2cf35d6436c91f059cbc23c7918,phase14_vina_success_cache,/mnt/d/tiaozhansai/ATP-Navigator/workspace_local/phase14_vina/jobs/f3/f338af6983254f8a21c69cce632ef3af2495062eb8a1a719d495d807107cba4b/result.json,vina_7p3w_v1
ATP-HTVS-5BC6D09DB3F1,phase15_historical_htvs,,C[C@H](CF)Nc1cccc(CC(=O)NCc2[nH+]c3ccccc3n2Cc2ccccc2)c1,O=C(Cc1ccccc1)NCc1[nH+]c2ccccc2n1Cc1ccccc1,735,rank_boundary_uncertain,,1477.0,-8.798,223.0,0.0569038865546218,0.7683823529411765,1.0,,,expanded60,51,/mnt/d/tiaozhansai/ATP-Navigator/workspace_local/phase14_vina/jobs/84/841907324a48dd10c5d4c388706b7e40a635270e7f65f34362197679909c0710/pose.pdbqt,98427ca0af2301ae6a267d4494db03ceb82da33fa2992fbd98ca7da6be1eec65,phase14_vina_success_cache,/mnt/d/tiaozhansai/ATP-Navigator/workspace_local/phase14_vina/jobs/84/841907324a48dd10c5d4c388706b7e40a635270e7f65f34362197679909c0710/result.json,vina_7p3w_v1
ATP-HTVS-7CD79F872AFC,phase15_historical_htvs,,C[NH+](C)Cc1cccc(CNc2n/c(=[NH+]\Cc3cccc[nH+]3)c3ccccc3[nH]2)c1,c1ccc(CNc2nc(=[NH+]Cc3cccc[nH+]3)c3ccccc3[nH]2)cc1,677,scaffold_diverse,,305.0,-9.071,107.0,0.0558009453781512,0.1213235294117647,1.0,,,expanded60,52,/mnt/d/tiaozhansai/ATP-Navigator/workspace_local/phase14_vina/jobs/c3/c309eedea56988fec79e1a9d25dacaa60eb8aa4decd052e04c5426b02a551390/pose.pdbqt,aa83884350c1b8e08f530ac5c1d61931dbd0bf72c392f63bae279205d1bb50b4,phase14_vina_success_cache,/mnt/d/tiaozhansai/ATP-Navigator/workspace_local/phase14_vina/jobs/c3/c309eedea56988fec79e1a9d25dacaa60eb8aa4decd052e04c5426b02a551390/result.json,vina_7p3w_v1
ATP-HTVS-BE963CFE3042,phase15_historical_htvs,,CC(C)Nc1ccc(CNc2nc(N[C@H](C)c3ccccc3N)c3ccccc3n2)cc1,c1ccc(CNc2nc(NCc3ccccc3)c3ccccc3n2)cc1,525,extreme_disagreement,,1535.0,-9.621,30.0,0.0528083216967769,0.9221813725490196,0.7195881975489601,,,expanded60,53,/mnt/d/tiaozhansai/ATP-Navigator/workspace_local/phase14_vina/jobs/23/231538479250cca7042cc7913c462329b619653420c2ee304d8c5bc5cc3dd8af/pose.pdbqt,d3dcdf3476c7ba450140cee862861985f48fcde91a96a6a77f322e8d969df15a,phase14_vina_success_cache,/mnt/d/tiaozhansai/ATP-Navigator/workspace_local/phase14_vina/jobs/23/231538479250cca7042cc7913c462329b619653420c2ee304d8c5bc5cc3dd8af/result.json,vina_7p3w_v1
ATP-GEN-F6456D9CFF1B,phase16_generated,ATP-REF-IN2,C[NH+](C)Cc1ccc(C[NH2+]Cc2cc3ccccc3nc2SCc2ccccc2)cc1C#N,c1ccc(C[NH2+]Cc2cc3ccccc3nc2SCc2ccccc2)cc1,generated,generated_acquisition,,,-8.556,12.0,0.7146032105149751,,0.6282051282051282,0.73,results\phase16\poses\ATP-GEN-F6456D9CFF1B_vina_7p3w_v1.pdbqt,expanded60,54,/mnt/d/tiaozhansai/ATP-Navigator/results/phase16/poses/ATP-GEN-F6456D9CFF1B_vina_7p3w_v1.pdbqt,61c898d0f81824317fb68b8729389fcabe7d2cb3659e1241846600d6c80f2e27,phase16_declared_vina_pose,,vina_7p3w_v1
ATP-HTVS-780990BE0E68,phase15_historical_htvs,,C[C@@H]([NH2+]CC#Cc1cnc(NC(=O)c2cccc(O)c2)c2ccccc12)c1cccc(F)c1,O=C(Nc1ncc(C#CC[NH2+]Cc2ccccc2)c2ccccc12)c1ccccc1,49,multi_protocol_strong,,2.0,-9.251,65.0,0.0513923813911527,0.0386029411764705,0.6069634889387587,,,expanded60,55,/mnt/d/tiaozhansai/ATP-Navigator/workspace_local/phase14_vina/jobs/ed/edc2aa8b9cc1209a9176f7dd56ef9d58d316700ec47569f348458b3a2b10506e/pose.pdbqt,edebcfa246706e269fd9d8c5d3a49ba838197d5eaef3758a6dfb21ed31d19231,phase14_vina_success_cache,/mnt/d/tiaozhansai/ATP-Navigator/workspace_local/phase14_vina/jobs/ed/edc2aa8b9cc1209a9176f7dd56ef9d58d316700ec47569f348458b3a2b10506e/result.json,vina_7p3w_v1
ATP-HTVS-08266C4344A3,phase15_historical_htvs,,[NH3+][C@H](C#Cc1cnc2ccccc2c1NC(=O)c1cc(F)cc(F)c1)Cc1cccc(F)c1,O=C(Nc1c(C#CCCc2ccccc2)cnc2ccccc12)c1ccccc1,47,rank_boundary_uncertain,,162.0,-9.331,54.0,0.0495122288210303,0.0661764705882353,0.6126247086102014,,,expanded60,56,/mnt/d/tiaozhansai/ATP-Navigator/workspace_local/phase14_vina/jobs/d3/d34785c033f7558ad05d03fbf1c2c4f329b80d174fedae7db5c61e10e439df19/pose.pdbqt,479924d0f81f03da490ec12b1a4b60f3d10ab2538bba153ec319d67a40ac8f63,phase14_vina_success_cache,/mnt/d/tiaozhansai/ATP-Navigator/workspace_local/phase14_vina/jobs/d3/d34785c033f7558ad05d03fbf1c2c4f329b80d174fedae7db5c61e10e439df19/result.json,vina_7p3w_v1
ATP-HTVS-0CA591B42E29,phase15_historical_htvs,,C[NH+](C)Cc1cccc(CN[C@H](C#Cc2ccc(C(=O)[O-])cc2)c2coc3ccccc23)c1,C(#CC(NCc1ccccc1)c1coc2ccccc12)c1ccccc1,897,scaffold_diverse,,126.0,-8.89,177.0,0.05500131302521,0.03125,1.0,,,expanded60,57,/mnt/d/tiaozhansai/ATP-Navigator/workspace_local/phase14_vina/jobs/9e/9ea3173287d7119305b079f6f71614d4922e13b60f002e61857025773e30d0df/pose.pdbqt,99388e30e741b184ae5fae9e7ad0f0e48aff2163db5337bce0ea4af1c065ba98,phase14_vina_success_cache,/mnt/d/tiaozhansai/ATP-Navigator/workspace_local/phase14_vina/jobs/9e/9ea3173287d7119305b079f6f71614d4922e13b60f002e61857025773e30d0df/result.json,vina_7p3w_v1
ATP-HTVS-16A35D40F1B5,phase15_historical_htvs,,COC[C@H](Nc1nc(NCc2ccc(F)c(C[NH+](C)C)c2)nc2ccccc12)c1ccccc1,c1ccc(CNc2nc(NCc3ccccc3)c3ccccc3n2)cc1,881,extreme_disagreement,,1481.0,-9.361,50.0,0.0522139589516788,0.8768382352941176,0.7195881975489601,,,expanded60,58,/mnt/d/tiaozhansai/ATP-Navigator/workspace_local/phase14_vina/jobs/12/121526dc34e3a2e98b7107ccb5ff37b4eafa0ec6e6bcf8eda2b6933be5252fd2/pose.pdbqt,ae3e517bee5940bd64ef51154d8528bd083ee04261ec302cea5007e590fcfb1c,phase14_vina_success_cache,/mnt/d/tiaozhansai/ATP-Navigator/workspace_local/phase14_vina/jobs/12/121526dc34e3a2e98b7107ccb5ff37b4eafa0ec6e6bcf8eda2b6933be5252fd2/result.json,vina_7p3w_v1
ATP-GEN-1BC48CE9C549,phase16_generated,ATP-SMI-874C2DE25FE4,Cc1ccc(-c2nn(Cc3ccccc3)c(S(N)(=O)=O)c2C[NH2+]Cc2ccccc2C[N@H+]2CC[C@@H](O)C2)cc1,c1ccc(Cn2cc(C[NH2+]Cc3ccccc3C[NH+]3CCCC3)c(-c3ccccc3)n2)cc1,generated,generated_acquisition,,,-8.745,8.0,0.7117052824350352,,0.5679012345679013,0.6511111111111112,results\phase16\poses\ATP-GEN-1BC48CE9C549_vina_7p3w_v1.pdbqt,expanded60,59,/mnt/d/tiaozhansai/ATP-Navigator/results/phase16/poses/ATP-GEN-1BC48CE9C549_vina_7p3w_v1.pdbqt,ccad89b986107b8576317a262cea5c11bfe80a90e54bf6eeaff061c5593a1991,phase16_declared_vina_pose,,vina_7p3w_v1
ATP-HTVS-6F07AE7177E0,phase15_historical_htvs,,[NH3+][C@@H](CNC(=O)c1oc2ccccc2c1CSc1ccccc1F)c1ccccc1,O=C(NCCc1ccccc1)c1oc2ccccc2c1CSc1ccccc1,93,multi_protocol_strong,,50.0,-9.395,47.0,0.0513839923170924,0.0018382352941176,0.7179860587384581,,,expanded60,60,/mnt/d/tiaozhansai/ATP-Navigator/workspace_local/phase14_vina/jobs/6f/6f8f9bdd629eccd142263cda2c0b971885f67861b1b3fe73bbec31ad4de6542d/pose.pdbqt,00e2c213eb35c40f4a604c9138f22563c36c79e6964b2703fc8a7b4a67835c54,phase14_vina_success_cache,/mnt/d/tiaozhansai/ATP-Navigator/workspace_local/phase14_vina/jobs/6f/6f8f9bdd629eccd142263cda2c0b971885f67861b1b3fe73bbec31ad4de6542d/result.json,vina_7p3w_v1
