candidate_id,candidate_origin,panel_order,selection_class,scaffold,cluster,acquisition_score,protocol_disagreement,glide_score,phase14_glide_rank,glide_evidence_status,glide_missing_reason,glide_evidence_source,vina_score,open_mmgbsa_deltaG,open_mmgbsa_sd,frame_count,qc_status,protocol_id,protocol_hash,glide_utility,glide_finite,glide_cohort_n,vina_utility,vina_finite,vina_cohort_n,mmgbsa_utility,open_mmgbsa_finite,open_mmgbsa_cohort_n,protocol_count,three_protocol_complete,three_protocol_status,three_protocol_missing_reason,normalization,interpretation,glide_vs_vina_disagreement,glide_vs_vina_disagreement_status,glide_vs_vina_disagreement_reason,glide_vs_open_mmgbsa_disagreement,glide_vs_open_mmgbsa_disagreement_status,glide_vs_open_mmgbsa_disagreement_reason,vina_vs_open_mmgbsa_disagreement,vina_vs_open_mmgbsa_disagreement_status,vina_vs_open_mmgbsa_disagreement_reason,three_protocol_consensus,normalized_rank_variance,three_protocol_disagreement,three_protocol_disagreement_status,three_protocol_disagreement_reason
ATP-HTVS-66618B00A972,phase15_historical_htvs,11,historical_bridge_interpretable,c1ccc(C[NH2+]Cc2csc(COc3ccccc3)n2)cc1,125,0.0524173832945028,0.7873774509803921,-6.72891028700809,3.0,available_exact_candidate_id,,results/phase14/glide_vina_protocol_disagreement.csv; exact candidate_id,-7.245,-12.72,2.67,50,pass,open_mmgbsa_7p3w_v2,cb28279704aa51f7530e0e61fc592450d43823fe1e23aad5975a638b82407aab,0.9565217391304348,True,24,0.10344827586206895,True,30,0.10344827586206895,True,30,3,True,available,,within_protocol_finite_cohort_percentile; lower raw value is better,protocol consistency only; not biological activity,0.8530734632683659,available,,0.8530734632683659,available,,0.0,available,,0.38780609695152424,0.1617187408294853,0.8530734632683659,available,
ATP-HTVS-9505CBC4E7EE,phase15_historical_htvs,30,extreme_disagreement,c1ccc(CCNc2nc(NCc3cccc4c3OCO4)[nH+]c3ccccc23)cc1,133,0.0593052743190109,0.9356617647058824,-1.65167439484376,1554.0,available_exact_candidate_id,,results/phase14/glide_vina_protocol_disagreement.csv; exact candidate_id,-9.7,-20.37,3.09,50,pass,open_mmgbsa_7p3w_v2,cb28279704aa51f7530e0e61fc592450d43823fe1e23aad5975a638b82407aab,0.08695652173913049,True,24,0.9310344827586207,True,30,0.5862068965517242,True,30,3,True,available,,within_protocol_finite_cohort_percentile; lower raw value is better,protocol consistency only; not biological activity,0.8440779610194902,available,,0.4992503748125937,available,,0.34482758620689646,available,,0.5347326336831585,0.12006940058206778,0.8440779610194902,available,
ATP-HTVS-AC71774ACC4B,phase15_historical_htvs,18,historical_bridge_interpretable,O=C(NCc1ccccc1)c1cc(NCc2ccccc2)cs1,567,0.0513748496462544,0.7236519607843137,-6.96005044741765,1.0,available_exact_candidate_id,,results/phase14/glide_vina_protocol_disagreement.csv; exact candidate_id,-7.449,-20.0,2.04,50,pass,open_mmgbsa_7p3w_v2,cb28279704aa51f7530e0e61fc592450d43823fe1e23aad5975a638b82407aab,1.0,True,24,0.1724137931034483,True,30,0.48275862068965514,True,30,3,True,available,,within_protocol_finite_cohort_percentile; lower raw value is better,protocol consistency only; not biological activity,0.8275862068965517,available,,0.5172413793103449,available,,0.31034482758620685,available,,0.5517241379310346,0.11652794292508917,0.8275862068965517,available,
ATP-HTVS-1449F4F4BA71,phase15_historical_htvs,9,extreme_disagreement,O=C(c1ccccc1)c1cnc2ccccc2c1NCc1ccccc1,886,0.0614596463585434,0.9332107843137256,-6.21958526920677,20.0,available_exact_candidate_id,,results/phase14/glide_vina_protocol_disagreement.csv; exact candidate_id,-6.164,-12.82,1.81,50,pass,open_mmgbsa_7p3w_v2,cb28279704aa51f7530e0e61fc592450d43823fe1e23aad5975a638b82407aab,0.782608695652174,True,24,0.0,True,30,0.13793103448275867,True,30,3,True,available,,within_protocol_finite_cohort_percentile; lower raw value is better,protocol consistency only; not biological activity,0.782608695652174,available,,0.6446776611694153,available,,0.13793103448275867,available,,0.3068465767116442,0.11634562528830539,0.782608695652174,available,
ATP-HTVS-8E5D0C8C0586,phase15_historical_htvs,16,extreme_disagreement,O=C1c2ccccc2C(CNCc2cccc(C3CC3)c2)N1Cc1ccccc1,642,0.0609480042016806,0.9044117647058824,-1.92434302270637,1516.0,available_exact_candidate_id,,results/phase14/glide_vina_protocol_disagreement.csv; exact candidate_id,-9.493,-25.71,2.0,50,pass,open_mmgbsa_7p3w_v2,cb28279704aa51f7530e0e61fc592450d43823fe1e23aad5975a638b82407aab,0.13043478260869568,True,24,0.8275862068965517,True,30,0.896551724137931,True,30,3,True,available,,within_protocol_finite_cohort_percentile; lower raw value is better,protocol consistency only; not biological activity,0.697151424287856,available,,0.7661169415292354,available,,0.06896551724137934,available,,0.6181909045477262,0.11974572433922968,0.7661169415292354,available,
ATP-HTVS-AD7FBCC01633,phase15_historical_htvs,2,multi_protocol_strong,O=C(Cc1ccccc1)Nc1nc2ccccc2cc1C#CCCc1ccccc1,27,0.0548872631059242,0.0049019607843137,-6.49299466235293,7.0,available_exact_candidate_id,,results/phase14/glide_vina_protocol_disagreement.csv; exact candidate_id,-9.947,-15.57,2.97,50,pass,open_mmgbsa_7p3w_v2,cb28279704aa51f7530e0e61fc592450d43823fe1e23aad5975a638b82407aab,0.9130434782608696,True,24,1.0,True,30,0.24137931034482762,True,30,3,True,available,,within_protocol_finite_cohort_percentile; lower raw value is better,protocol consistency only; not biological activity,0.08695652173913038,available,,0.671664167916042,available,,0.7586206896551724,available,,0.7181409295352325,0.11491106021202292,0.7586206896551724,available,
ATP-HTVS-CF9A421CD50D,phase15_historical_htvs,4,extreme_disagreement,c1ccc(CNc2nc(NCc3ccccc3)c3ccccc3[nH+]2)cc1,52,0.042144774828498,0.962622549019608,-1.05740362215688,1612.0,available_exact_candidate_id,,results/phase14/glide_vina_protocol_disagreement.csv; exact candidate_id,-9.475,-23.17,3.43,50,pass,open_mmgbsa_7p3w_v2,cb28279704aa51f7530e0e61fc592450d43823fe1e23aad5975a638b82407aab,0.04347826086956519,True,24,0.7931034482758621,True,30,0.6896551724137931,True,30,3,True,available,,within_protocol_finite_cohort_percentile; lower raw value is better,protocol consistency only; not biological activity,0.7496251874062969,available,,0.646176911544228,available,,0.10344827586206895,available,,0.5087456271864068,0.11002045204284416,0.7496251874062969,available,
ATP-HTVS-E3E3C457ADC4,phase15_historical_htvs,14,rank_boundary_uncertain,C(=Cn1c(CCc2ccccc2)nc2ccccc21)c1ccccn1,436,0.060485381652661,0.8155637254901961,-6.02590230095753,41.0,available_exact_candidate_id,,results/phase14/glide_vina_protocol_disagreement.csv; exact candidate_id,-6.981,-6.37,2.48,50,pass,open_mmgbsa_7p3w_v2,cb28279704aa51f7530e0e61fc592450d43823fe1e23aad5975a638b82407aab,0.6956521739130435,True,24,0.06896551724137934,True,30,0.0,True,30,3,True,available,,within_protocol_finite_cohort_percentile; lower raw value is better,protocol consistency only; not biological activity,0.6266866566716641,available,,0.6956521739130435,available,,0.06896551724137934,available,,0.25487256371814093,0.09793603947651362,0.6956521739130435,available,
ATP-HTVS-898AE5CA69D9,phase15_historical_htvs,5,extreme_disagreement,c1ccc(CNc2nc(NCc3ccccc3)c3ccccc3[nH+]2)cc1,305,0.0453046218487394,0.9448529411764706,-0.632866293840059,1628.0,available_exact_candidate_id,,results/phase14/glide_vina_protocol_disagreement.csv; exact candidate_id,-9.134,-20.3,2.54,50,pass,open_mmgbsa_7p3w_v2,cb28279704aa51f7530e0e61fc592450d43823fe1e23aad5975a638b82407aab,0.0,True,24,0.6551724137931034,True,30,0.5517241379310345,True,30,3,True,available,,within_protocol_finite_cohort_percentile; lower raw value is better,protocol consistency only; not biological activity,0.6551724137931034,available,,0.5517241379310345,available,,0.10344827586206895,available,,0.40229885057471265,0.0827057735500066,0.6551724137931034,available,
ATP-HTVS-8F383301D999,phase15_historical_htvs,3,multi_protocol_strong,O=C(Cc1ccccc1)Nc1nc2ccccc2cc1C#CCCc1ccccc1,27,0.0548259885961203,0.0110294117647058,-6.30624062048678,12.0,available_exact_candidate_id,,results/phase14/glide_vina_protocol_disagreement.csv; exact candidate_id,-9.621,-15.8,3.03,50,pass,open_mmgbsa_7p3w_v2,cb28279704aa51f7530e0e61fc592450d43823fe1e23aad5975a638b82407aab,0.8695652173913043,True,24,0.896551724137931,True,30,0.27586206896551724,True,30,3,True,available,,within_protocol_finite_cohort_percentile; lower raw value is better,protocol consistency only; not biological activity,0.026986506746626726,available,,0.5937031484257871,available,,0.6206896551724138,available,,0.6806596701649176,0.08205192755945866,0.6206896551724138,available,
ATP-HTVS-DF8AF7E8BFB3,phase15_historical_htvs,23,extreme_disagreement,O=C1c2ccccc2C(C[NH2+]CCc2ccccc2)N1Cc1ccccc1,448,0.0608959208683473,0.9087009803921569,-5.97841732994679,44.0,available_exact_candidate_id,,results/phase14/glide_vina_protocol_disagreement.csv; exact candidate_id,-6.319,-12.14,1.26,50,pass,open_mmgbsa_7p3w_v2,cb28279704aa51f7530e0e61fc592450d43823fe1e23aad5975a638b82407aab,0.6521739130434783,True,24,0.03448275862068961,True,30,0.06896551724137934,True,30,3,True,available,,within_protocol_finite_cohort_percentile; lower raw value is better,protocol consistency only; not biological activity,0.6176911544227887,available,,0.5832083958020989,available,,0.034482758620689724,available,,0.2518740629685157,0.08031816175870087,0.6176911544227887,available,
ATP-HTVS-B847417F307C,phase15_historical_htvs,27,multi_protocol_strong,O=C(Cc1ccccc1)Nc1cnc2ccccc2c1C#CC(=O)c1ccccc1,538,0.0570080532212885,0.0649509803921568,-5.45752917124397,132.0,available_exact_candidate_id,,results/phase14/glide_vina_protocol_disagreement.csv; exact candidate_id,-9.706,-18.87,2.37,50,pass,open_mmgbsa_7p3w_v2,cb28279704aa51f7530e0e61fc592450d43823fe1e23aad5975a638b82407aab,0.5217391304347826,True,24,0.9655172413793104,True,30,0.4137931034482759,True,30,3,True,available,,within_protocol_finite_cohort_percentile; lower raw value is better,protocol consistency only; not biological activity,0.4437781109445278,available,,0.10794602698650668,available,,0.5517241379310345,available,,0.6336831584207897,0.05699898676348982,0.5517241379310345,available,
ATP-HTVS-3DA95123E47A,phase15_historical_htvs,21,rank_boundary_uncertain,c1ccc(-c2c(CNCc3ccc(N4CC[NH2+]CC4)cc3)oc3ccccc23)cc1,810,0.0604118522408963,0.8302696078431373,-2.79904934128025,1404.0,available_exact_candidate_id,,results/phase14/glide_vina_protocol_disagreement.csv; exact candidate_id,-9.373,-24.25,2.91,50,pass,open_mmgbsa_7p3w_v2,cb28279704aa51f7530e0e61fc592450d43823fe1e23aad5975a638b82407aab,0.21739130434782605,True,24,0.7586206896551724,True,30,0.7586206896551724,True,30,3,True,available,,within_protocol_finite_cohort_percentile; lower raw value is better,protocol consistency only; not biological activity,0.5412293853073463,available,,0.5412293853073463,available,,0.0,available,,0.5782108945527237,0.0650953883378151,0.5412293853073463,available,
ATP-HTVS-F0EA8E73CD83,phase15_historical_htvs,25,historical_bridge_interpretable,O=C(Nc1ccccc1)c1cc(NCc2ccccc2)cs1,224,0.0480384525874308,0.6519607843137255,-5.33587701286716,163.0,available_exact_candidate_id,,results/phase14/glide_vina_protocol_disagreement.csv; exact candidate_id,-7.383,-23.16,2.72,50,pass,open_mmgbsa_7p3w_v2,cb28279704aa51f7530e0e61fc592450d43823fe1e23aad5975a638b82407aab,0.4782608695652174,True,24,0.13793103448275867,True,30,0.6551724137931034,True,30,3,True,available,,within_protocol_finite_cohort_percentile; lower raw value is better,protocol consistency only; not biological activity,0.34032983508245873,available,,0.17691154422788602,available,,0.5172413793103448,available,,0.4237881059470265,0.04607341506657964,0.5172413793103448,available,
ATP-HTVS-1E5A6A308B25,phase15_historical_htvs,6,medium_controls,O=C(Nc1ccncc1NCc1ccccc1)c1ccccc1,861,0.04501677397449,0.329656862745098,-3.79637454853526,1086.0,available_exact_candidate_id,,results/phase14/glide_vina_protocol_disagreement.csv; exact candidate_id,-8.358,-23.72,2.22,50,pass,open_mmgbsa_7p3w_v2,cb28279704aa51f7530e0e61fc592450d43823fe1e23aad5975a638b82407aab,0.34782608695652173,True,24,0.27586206896551724,True,30,0.7241379310344828,True,30,3,True,available,,within_protocol_finite_cohort_percentile; lower raw value is better,protocol consistency only; not biological activity,0.07196401799100449,available,,0.37631184407796103,available,,0.4482758620689655,available,,0.4492753623188406,0.03863785248804883,0.4482758620689655,available,
ATP-HTVS-9E45A7CB1B23,phase15_historical_htvs,28,rank_boundary_uncertain,O=C(Cn1c(COc2ccccc2)[nH+]c2ccccc21)NCc1ccccc1,603,0.059578518907563,0.8363970588235294,-2.34711079073836,1461.0,available_exact_candidate_id,,results/phase14/glide_vina_protocol_disagreement.csv; exact candidate_id,-9.107,-18.58,2.52,50,pass,open_mmgbsa_7p3w_v2,cb28279704aa51f7530e0e61fc592450d43823fe1e23aad5975a638b82407aab,0.17391304347826086,True,24,0.6206896551724138,True,30,0.3448275862068966,True,30,3,True,available,,within_protocol_finite_cohort_percentile; lower raw value is better,protocol consistency only; not biological activity,0.44677661169415295,available,,0.1709145427286357,available,,0.27586206896551724,available,,0.37981009495252377,0.03388011141855359,0.44677661169415295,available,
ATP-HTVS-B31ECD8B9A27,phase15_historical_htvs,13,multi_protocol_strong,O=C(NCc1ccccc1)c1cc(-c2ccccn2)nc2ccccc12,157,0.0597418261857926,0.0055147058823529,-5.92766230536446,48.0,available_exact_candidate_id,,results/phase14/glide_vina_protocol_disagreement.csv; exact candidate_id,-9.507,-31.79,2.75,50,pass,open_mmgbsa_7p3w_v2,cb28279704aa51f7530e0e61fc592450d43823fe1e23aad5975a638b82407aab,0.6086956521739131,True,24,0.8620689655172413,True,30,1.0,True,30,3,True,available,,within_protocol_finite_cohort_percentile; lower raw value is better,protocol consistency only; not biological activity,0.25337331334332824,available,,0.3913043478260869,available,,0.13793103448275867,available,,0.8235882058970514,0.026260233201739952,0.3913043478260869,available,
ATP-HTVS-1356F7D69808,phase15_historical_htvs,22,scaffold_diverse,O=C(NCC1c2ccccc2C(=O)N1Cc1ccccc1)Nc1ccccc1,889,0.057204131652661,0.221813725490196,-4.76216215558839,420.0,available_exact_candidate_id,,results/phase14/glide_vina_protocol_disagreement.csv; exact candidate_id,-9.306,-24.38,3.33,50,pass,open_mmgbsa_7p3w_v2,cb28279704aa51f7530e0e61fc592450d43823fe1e23aad5975a638b82407aab,0.4347826086956522,True,24,0.7241379310344828,True,30,0.7931034482758621,True,30,3,True,available,,within_protocol_finite_cohort_percentile; lower raw value is better,protocol consistency only; not biological activity,0.28935532233883055,available,,0.3583208395802099,available,,0.06896551724137934,available,,0.6506746626686657,0.02409739657907178,0.3583208395802099,available,
ATP-HTVS-48ECC7021683,phase15_historical_htvs,26,medium_controls,O=C(NCc1ccccc1)c1cc(NCc2ccccc2)cs1,189,0.0326821520225232,0.1568627450980392,-4.40656122353877,688.0,available_exact_candidate_id,,results/phase14/glide_vina_protocol_disagreement.csv; exact candidate_id,-7.885,-9.58,2.07,50,pass,open_mmgbsa_7p3w_v2,cb28279704aa51f7530e0e61fc592450d43823fe1e23aad5975a638b82407aab,0.3913043478260869,True,24,0.2068965517241379,True,30,0.03448275862068961,True,30,3,True,available,,within_protocol_finite_cohort_percentile; lower raw value is better,protocol consistency only; not biological activity,0.18440779610194902,available,,0.3568215892053973,available,,0.1724137931034483,available,,0.21089455272363813,0.021228266426506884,0.3568215892053973,available,
ATP-HTVS-DDBB6FEB6103,phase15_historical_htvs,15,scaffold_diverse,c1ccc(C[NH2+]Cc2oc3ccccc3c2-c2ccccc2)cc1,452,0.057531950280112,0.1219362745098039,-6.29318849134732,13.0,available_exact_candidate_id,,results/phase14/glide_vina_protocol_disagreement.csv; exact candidate_id,-8.824,-20.29,1.74,50,pass,open_mmgbsa_7p3w_v2,cb28279704aa51f7530e0e61fc592450d43823fe1e23aad5975a638b82407aab,0.8260869565217391,True,24,0.5172413793103448,True,30,0.5172413793103448,True,30,3,True,available,,within_protocol_finite_cohort_percentile; lower raw value is better,protocol consistency only; not biological activity,0.3088455772113944,available,,0.3088455772113944,available,,0.0,available,,0.6201899050474763,0.021196797902897635,0.3088455772113944,available,
ATP-HTVS-397149B089BD,phase15_historical_htvs,29,scaffold_diverse,c1ccc(Cn2cc(C[NH2+]Cc3cccc4c3CCN4)c(-c3ccccc3)n2)cc1,816,0.0570203081232493,0.1740196078431372,-5.85385473217396,55.0,available_exact_candidate_id,,results/phase14/glide_vina_protocol_disagreement.csv; exact candidate_id,-8.594,-17.68,2.83,50,pass,open_mmgbsa_7p3w_v2,cb28279704aa51f7530e0e61fc592450d43823fe1e23aad5975a638b82407aab,0.5652173913043479,True,24,0.48275862068965514,True,30,0.31034482758620685,True,30,3,True,available,,within_protocol_finite_cohort_percentile; lower raw value is better,protocol consistency only; not biological activity,0.08245877061469276,available,,0.25487256371814104,available,,0.1724137931034483,available,,0.45277361319340326,0.011276220959984784,0.25487256371814104,available,
ATP-HTVS-7BEC4E93BD87,phase15_historical_htvs,19,medium_controls,O=C(Nc1c[nH+]c2ccccc2c1NCCc1ccccc1)c1ccccc1,164,0.0391694988867748,0.3431372549019608,-3.78499474999287,1098.0,available_exact_candidate_id,,results/phase14/glide_vina_protocol_disagreement.csv; exact candidate_id,-8.363,-14.17,2.17,50,pass,open_mmgbsa_7p3w_v2,cb28279704aa51f7530e0e61fc592450d43823fe1e23aad5975a638b82407aab,0.26086956521739135,True,24,0.3448275862068966,True,30,0.2068965517241379,True,30,3,True,available,,within_protocol_finite_cohort_percentile; lower raw value is better,protocol consistency only; not biological activity,0.08395802098950522,available,,0.05397301349325345,available,,0.13793103448275867,available,,0.2708645677161419,0.0032207784163890093,0.13793103448275867,available,
ATP-HTVS-9F81613398D9,phase15_historical_htvs,12,medium_controls,O=C(Nc1ncc(NCc2ccccc2)cc1-n1cccc1)c1ccccc1,54,0.0395069647244861,0.3394607843137255,-3.79144316095327,1094.0,available_exact_candidate_id,,results/phase14/glide_vina_protocol_disagreement.csv; exact candidate_id,-8.362,-13.92,2.74,50,pass,open_mmgbsa_7p3w_v2,cb28279704aa51f7530e0e61fc592450d43823fe1e23aad5975a638b82407aab,0.30434782608695654,True,24,0.31034482758620685,True,30,0.1724137931034483,True,30,3,True,available,,within_protocol_finite_cohort_percentile; lower raw value is better,protocol consistency only; not biological activity,0.0059970014992503096,available,,0.13193403298350825,available,,0.13793103448275856,available,,0.2623688155922039,0.004051947039973265,0.13793103448275856,available,
ATP-HTVS-E71202E475AE,phase15_historical_htvs,20,multi_protocol_strong,O=C(Nc1ccccc1)Nc1ccc(OCc2ccccc2)nc1,427,0.057406950280112,0.0337009803921568,-6.19841322737428,23.0,available_exact_candidate_id,,results/phase14/glide_vina_protocol_disagreement.csv; exact candidate_id,-9.176,-24.54,2.42,50,pass,open_mmgbsa_7p3w_v2,cb28279704aa51f7530e0e61fc592450d43823fe1e23aad5975a638b82407aab,0.7391304347826086,True,24,0.6896551724137931,True,30,0.8275862068965517,True,30,3,True,available,,within_protocol_finite_cohort_percentile; lower raw value is better,protocol consistency only; not biological activity,0.0494752623688155,available,,0.08845577211394307,available,,0.13793103448275856,available,,0.7521239380309845,0.003255243942246766,0.13793103448275856,available,
ATP-GEN-28C82FC9CA0D,phase16_generated,24,generated_acquisition,c1ccc(Cn2cc(C[NH2+]Cc3ccccc3C[NH+]3CCCC3)c(-c3ccccc3)n2)cc1,generated,0.7245637077174846,,,,scientifically_unavailable,no_comparable_historical_glide_result_for_candidate_identity,,-8.899,-29.31,1.88,50,pass,open_mmgbsa_7p3w_v2,cb28279704aa51f7530e0e61fc592450d43823fe1e23aad5975a638b82407aab,,False,24,0.5517241379310345,True,30,0.9310344827586207,True,30,2,False,scientifically_unavailable,glide_missing,within_protocol_finite_cohort_percentile; lower raw value is better,protocol consistency only; not biological activity,,scientifically_unavailable,one_or_both_protocols_missing,,scientifically_unavailable,one_or_both_protocols_missing,0.3793103448275862,available,,,,,scientifically_unavailable,requires_three_finite_protocol_observations
ATP-GEN-7A898D5E996B,phase16_generated,7,generated_high_ranking,c1ccc(C[NH2+]Cc2cc3ccccc3nc2SCc2ccccc2)cc1,generated,0.7358589216277227,,,,scientifically_unavailable,no_comparable_historical_glide_result_for_candidate_identity,,-8.954,-20.52,2.03,50,pass,open_mmgbsa_7p3w_v2,cb28279704aa51f7530e0e61fc592450d43823fe1e23aad5975a638b82407aab,,False,24,0.5862068965517242,True,30,0.6206896551724138,True,30,2,False,scientifically_unavailable,glide_missing,within_protocol_finite_cohort_percentile; lower raw value is better,protocol consistency only; not biological activity,,scientifically_unavailable,one_or_both_protocols_missing,,scientifically_unavailable,one_or_both_protocols_missing,0.03448275862068961,available,,,,,scientifically_unavailable,requires_three_finite_protocol_observations
ATP-GEN-83963B27D9CD,phase16_generated,10,generated_acquisition,c1ccc(C[NH2+]Cc2cc3ccccc3nc2SCc2ccccc2)cc1,generated,0.7281848333536313,,,,scientifically_unavailable,no_comparable_historical_glide_result_for_candidate_identity,,-8.562,-18.9,2.88,50,pass,open_mmgbsa_7p3w_v2,cb28279704aa51f7530e0e61fc592450d43823fe1e23aad5975a638b82407aab,,False,24,0.4482758620689655,True,30,0.4482758620689655,True,30,2,False,scientifically_unavailable,glide_missing,within_protocol_finite_cohort_percentile; lower raw value is better,protocol consistency only; not biological activity,,scientifically_unavailable,one_or_both_protocols_missing,,scientifically_unavailable,one_or_both_protocols_missing,0.0,available,,,,,scientifically_unavailable,requires_three_finite_protocol_observations
ATP-GEN-B94A3A6839BC,phase16_generated,8,generated_diverse_novel,c1ccc(C[NH2+]Cc2cc3ccccc3nc2SCc2ccccc2)cc1,generated,0.690575398705704,,,,scientifically_unavailable,no_comparable_historical_glide_result_for_candidate_identity,,-8.366,-30.11,3.7,50,pass,open_mmgbsa_7p3w_v2,cb28279704aa51f7530e0e61fc592450d43823fe1e23aad5975a638b82407aab,,False,24,0.3793103448275862,True,30,0.9655172413793104,True,30,2,False,scientifically_unavailable,glide_missing,within_protocol_finite_cohort_percentile; lower raw value is better,protocol consistency only; not biological activity,,scientifically_unavailable,one_or_both_protocols_missing,,scientifically_unavailable,one_or_both_protocols_missing,0.5862068965517242,available,,,,,scientifically_unavailable,requires_three_finite_protocol_observations
ATP-GEN-B9896EAB127D,phase16_generated,17,generated_acquisition,c1ccc(C[NH2+]Cc2cc3ccccc3nc2SCc2ccccc2)cc1,generated,0.7251811391223155,,,,scientifically_unavailable,no_comparable_historical_glide_result_for_candidate_identity,,-8.516,-18.8,1.86,50,pass,open_mmgbsa_7p3w_v2,cb28279704aa51f7530e0e61fc592450d43823fe1e23aad5975a638b82407aab,,False,24,0.4137931034482759,True,30,0.3793103448275862,True,30,2,False,scientifically_unavailable,glide_missing,within_protocol_finite_cohort_percentile; lower raw value is better,protocol consistency only; not biological activity,,scientifically_unavailable,one_or_both_protocols_missing,,scientifically_unavailable,one_or_both_protocols_missing,0.034482758620689724,available,,,,,scientifically_unavailable,requires_three_finite_protocol_observations
ATP-REF-IN2,internal_reference,1,reference_IN2,,reference,,,,,scientifically_unavailable,no_comparable_historical_glide_result_for_candidate_identity,,-8.212,-24.64,2.88,50,pass,open_mmgbsa_7p3w_v2,cb28279704aa51f7530e0e61fc592450d43823fe1e23aad5975a638b82407aab,,False,24,0.24137931034482762,True,30,0.8620689655172413,True,30,2,False,scientifically_unavailable,glide_missing,within_protocol_finite_cohort_percentile; lower raw value is better,protocol consistency only; not biological activity,,scientifically_unavailable,one_or_both_protocols_missing,,scientifically_unavailable,one_or_both_protocols_missing,0.6206896551724137,available,,,,,scientifically_unavailable,requires_three_finite_protocol_observations
