candidate_id,candidate_origin,parent_id,canonical_smiles,scaffold,cluster,selection_class,glide_score,glide_rank,vina_score,vina_rank,acquisition_score,protocol_disagreement,novelty,tractability,pose_path
ATP-HTVS-AD7FBCC01633,phase15_historical_htvs,,[NH3+][C@H](C#Cc1cc2ccccc2nc1NC(=O)Cc1ccc(O)cc1)Cc1cccc(F)c1,O=C(Cc1ccccc1)Nc1nc2ccccc2cc1C#CCCc1ccccc1,27,multi_protocol_strong,,7,-9.947,15,0.0548872631059242,0.0049019607843137,0.5323188378030038,,
ATP-HTVS-8F383301D999,phase15_historical_htvs,,[NH3+][C@H](C#Cc1cc2ccccc2nc1NC(=O)[C@H](O)c1cccc(Cl)c1)Cc1cccc(F)c1,O=C(Cc1ccccc1)Nc1nc2ccccc2cc1C#CCCc1ccccc1,27,multi_protocol_strong,,12,-9.621,30,0.0548259885961203,0.0110294117647058,0.5323188378030038,,
ATP-HTVS-3B3954EE8C13,phase15_historical_htvs,,[NH3+][C@@H](C#Cc1cnc2ccccc2c1NC(=O)C#Cc1cccc(F)c1)Cc1cccc(F)c1,O=C(C#Cc1ccccc1)Nc1c(C#CCCc2ccccc2)cnc2ccccc12,47,multi_protocol_strong,,11,-9.454,42,0.0529394167328937,0.0189950980392156,0.6583798285481339,,
ATP-HTVS-CB3D9B3FDDC1,phase15_historical_htvs,,C[C@@H](NC(=O)NC[C@@H]1c2ccccc2C(=O)N1Cc1ccccc1)c1ccc(C[NH+](C)C)cc1,O=C(NCc1ccccc1)NCC1c2ccccc2C(=O)N1Cc1ccccc1,497,multi_protocol_strong,,26,-9.572,34,0.0520146744729871,0.0049019607843137,0.8435622116579284,,
ATP-HTVS-780990BE0E68,phase15_historical_htvs,,C[C@@H]([NH2+]CC#Cc1cnc(NC(=O)c2cccc(O)c2)c2ccccc12)c1cccc(F)c1,O=C(Nc1ncc(C#CC[NH2+]Cc2ccccc2)c2ccccc12)c1ccccc1,49,multi_protocol_strong,,2,-9.251,65,0.0513923813911527,0.0386029411764705,0.6069634889387587,,
ATP-HTVS-54A1786C1F00,phase15_historical_htvs,,[NH3+][C@H](C#Cc1cc2ccccc2nc1NC(=O)[C@H](O)c1ccc(Cl)cc1)Cc1cccc(F)c1,O=C(Cc1ccccc1)Nc1nc2ccccc2cc1C#CCCc1ccccc1,27,multi_protocol_strong,,18,-9.256,64,0.0548014787921987,0.0281862745098039,0.5323188378030038,,
ATP-HTVS-B31ECD8B9A27,phase15_historical_htvs,,C[NH2+]Cc1ccccc1CNC(=O)c1cc(-c2ccccn2)nc2ccccc12,O=C(NCc1ccccc1)c1cc(-c2ccccn2)nc2ccccc12,157,multi_protocol_strong,,48,-9.507,39,0.0597418261857926,0.0055147058823529,0.8384962462644228,,
ATP-HTVS-081D95190B15,phase15_historical_htvs,,[NH3+][C@@H](C#Cc1cnc2ccccc2c1NC(=O)C#Cc1ccccc1)Cc1cccc(F)c1,O=C(C#Cc1ccccc1)Nc1c(C#CCCc2ccccc2)cnc2ccccc12,47,multi_protocol_strong,,37,-9.296,59,0.0509339020270114,0.0134803921568627,0.6583798285481339,,
ATP-HTVS-6F07AE7177E0,phase15_historical_htvs,,[NH3+][C@@H](CNC(=O)c1oc2ccccc2c1CSc1ccccc1F)c1ccccc1,O=C(NCCc1ccccc1)c1oc2ccccc2c1CSc1ccccc1,93,multi_protocol_strong,,50,-9.395,47,0.0513839923170924,0.0018382352941176,0.7179860587384581,,
ATP-HTVS-B3F47181DC5D,phase15_historical_htvs,,C[C@@H]([NH2+]CC#Cc1cnc(NC(=O)c2cccc(O)c2)c2ccccc12)c1ccc(F)cc1,O=C(Nc1ncc(C#CC[NH2+]Cc2ccccc2)c2ccccc12)c1ccccc1,49,multi_protocol_strong,,64,-9.567,35,0.0476815970774272,0.0177696078431372,0.6069634889387587,,
ATP-HTVS-E71202E475AE,phase15_historical_htvs,,Cc1cc(OCc2ccccc2)ncc1NC(=O)Nc1ccccc1C[NH+](C)C,O=C(Nc1ccccc1)Nc1ccc(OCc2ccccc2)nc1,427,multi_protocol_strong,,23,-9.176,78,0.057406950280112,0.0337009803921568,1.0,,
ATP-HTVS-1D3C11D6B0D4,phase15_historical_htvs,,N#Cc1cc(C(=O)Nc2c(C#CC[NH2+]Cc3ccccc3)cnc3ccccc23)ccc1Cl,O=C(Nc1c(C#CC[NH2+]Cc2ccccc2)cnc2ccccc12)c1ccccc1,199,multi_protocol_strong,,53,-9.214,71,0.0555634873362254,0.0110294117647058,0.6568775983376735,,
ATP-HTVS-2C5504015D66,phase15_historical_htvs,,O[C@H](C[NH2+][C@@H](c1ccccn1)c1cc2ccccc2o1)c1c(F)cccc1F,c1ccc(CC[NH2+]C(c2ccccn2)c2cc3ccccc3o2)cc1,126,multi_protocol_strong,,39,-9.038,112,0.0497186841938961,0.0447303921568627,0.7145222321554544,,
ATP-HTVS-F8BD3C119C5E,phase15_historical_htvs,,O[C@H](C[NH2+][C@@H](c1ccccn1)c1cc2ccccc2o1)c1ccccc1Cl,c1ccc(CC[NH2+]C(c2ccccn2)c2cc3ccccc3o2)cc1,126,multi_protocol_strong,,19,-8.984,133,0.0502119439978177,0.0698529411764705,0.7145222321554544,,
ATP-HTVS-B847417F307C,phase15_historical_htvs,,O=C(Cc1ccc(F)cc1)Nc1cnc2ccccc2c1C#CC(=O)c1ccccc1,O=C(Cc1ccccc1)Nc1cnc2ccccc2c1C#CC(=O)c1ccccc1,538,multi_protocol_strong,,132,-9.706,26,0.0570080532212885,0.0649509803921568,1.0,,
ATP-HTVS-CF9A421CD50D,phase15_historical_htvs,,C[C@H](Nc1nc(NCc2ccc(F)c(CN(C)C)c2)c2ccccc2[nH+]1)c1ccccc1F,c1ccc(CNc2nc(NCc3ccccc3)c3ccccc3[nH+]2)cc1,52,extreme_disagreement,,1612,-9.475,41,0.042144774828498,0.962622549019608,0.2962049529094938,,
ATP-HTVS-898AE5CA69D9,phase15_historical_htvs,,CCN(C)Cc1cccc(CNc2nc(NCc3cccc(C)c3)[nH+]c3ccccc23)c1,c1ccc(CNc2nc(NCc3ccccc3)c3ccccc3[nH+]2)cc1,305,extreme_disagreement,,1628,-9.134,86,0.0453046218487394,0.9448529411764706,0.5,,
ATP-HTVS-450A55DE989E,phase15_historical_htvs,,CC(C)Nc1cccc(CNc2nc(N[C@@H](C)c3ccc(C#N)cc3)nc3ccccc23)c1,c1ccc(CNc2nc(NCc3ccccc3)c3ccccc3n2)cc1,169,extreme_disagreement,,1630,-9.084,103,0.0483037368181438,0.9356617647058824,0.5580844438133828,,
ATP-HTVS-9505CBC4E7EE,phase15_historical_htvs,,CN(C)Cc1ccc(CCNc2nc(NCc3cccc4c3OCO4)[nH+]c3ccccc23)cc1,c1ccc(CCNc2nc(NCc3cccc4c3OCO4)[nH+]c3ccccc23)cc1,133,extreme_disagreement,,1554,-9.7,27,0.0593052743190109,0.9356617647058824,0.898102476454747,,
ATP-HTVS-1449F4F4BA71,phase15_historical_htvs,,Cc1ccc(C(=O)c2cnc3ccc(F)cc3c2N(CC[NH3+])Cc2ccc(F)cc2)cc1,O=C(c1ccccc1)c1cnc2ccccc2c1NCc1ccccc1,886,extreme_disagreement,,20,-6.164,1543,0.0614596463585434,0.9332107843137256,1.0,,
ATP-HTVS-41EB9DEAB7C9,phase15_historical_htvs,,N#C[C@@H](Nc1c(C(=O)N(CC[NH3+])c2ccccc2)sc2ccccc12)c1ccc(F)cc1,O=C(Nc1ccccc1)c1sc2ccccc2c1NCc1ccccc1,799,extreme_disagreement,,42,-5.993,1556,0.0512426533927566,0.9276960784313726,0.6738330776110275,,
ATP-HTVS-BE963CFE3042,phase15_historical_htvs,,CC(C)Nc1ccc(CNc2nc(N[C@H](C)c3ccccc3N)c3ccccc3n2)cc1,c1ccc(CNc2nc(NCc3ccccc3)c3ccccc3n2)cc1,525,extreme_disagreement,,1535,-9.621,30,0.0528083216967769,0.9221813725490196,0.7195881975489601,,
ATP-HTVS-4EF6126AB2D8,phase15_historical_htvs,,CC[N@H+](Cc1cccc(C)c1)c1c(C(=O)N(CC[NH3+])c2ccccc2)sc2ccccc12,O=C(Nc1ccccc1)c1sc2ccccc2c1[NH2+]Cc1ccccc1,330,extreme_disagreement,,75,-5.988,1559,0.0559446143566249,0.909313725490196,0.8198835822837112,,
ATP-HTVS-BF68A4285DB1,phase15_historical_htvs,,CC(C)[NH2+]c1cccc(CNc2nc(N[C@H](CCO)c3ccccc3F)c3ccccc3[nH+]2)c1,c1ccc(CNc2nc(NCc3ccccc3)c3ccccc3[nH+]2)cc1,524,extreme_disagreement,,1626,-8.959,143,0.0440760679271708,0.9087009803921569,0.5,,
ATP-HTVS-DF8AF7E8BFB3,phase15_historical_htvs,,C[C@H](C[NH2+]C[C@@H]1c2ccccc2C(=O)N1Cc1ccccc1)c1ccccc1,O=C1c2ccccc2C(C[NH2+]CCc2ccccc2)N1Cc1ccccc1,448,extreme_disagreement,,44,-6.319,1527,0.0608959208683473,0.9087009803921569,1.0,,
ATP-HTVS-8E5D0C8C0586,phase15_historical_htvs,,O=C1c2ccccc2[C@@H](CNCc2cc(C3CC3)ccc2F)N1Cc1ccccc1,O=C1c2ccccc2C(CNCc2cccc(C3CC3)c2)N1Cc1ccccc1,642,extreme_disagreement,,1516,-9.493,40,0.0609480042016806,0.9044117647058824,1.0,,
ATP-HTVS-79E4EBD82D6A,phase15_historical_htvs,,CN(C)Cc1ccc(CNc2nc(NCC(=O)Nc3ccc(F)cc3)c3ccccc3[nH+]2)cc1,O=C(CNc1nc(NCc2ccccc2)[nH+]c2ccccc12)Nc1ccccc1,172,extreme_disagreement,,1540,-9.241,66,0.0547067646800555,0.903186274509804,0.7741284623457786,,
ATP-HTVS-FACA9080893C,phase15_historical_htvs,,CCN(CC)Cc1cccc(CNc2cc3ccccc3nc2NC(=O)C[C@@H](C#N)c2ccccc2)c1,O=C(CCc1ccccc1)Nc1nc2ccccc2cc1NCc1ccccc1,382,extreme_disagreement,,1623,-8.922,159,0.0550045190725292,0.8970588235294118,0.8760259858910316,,
ATP-HTVS-E14A9B461B4E,phase15_historical_htvs,,Cc1c(F)cccc1-c1cc(CC[NH2+]Cc2ccccc2)n(C(=O)[C@@](C)(N)c2ccccc2)n1,O=C(Cc1ccccc1)n1nc(-c2ccccc2)cc1CC[NH2+]Cc1ccccc1,19,extreme_disagreement,,22,-6.584,1476,0.0490318459327222,0.8909313725490197,0.4921145210842366,,
ATP-HTVS-16A35D40F1B5,phase15_historical_htvs,,COC[C@H](Nc1nc(NCc2ccc(F)c(C[NH+](C)C)c2)nc2ccccc12)c1ccccc1,c1ccc(CNc2nc(NCc3ccccc3)c3ccccc3n2)cc1,881,extreme_disagreement,,1481,-9.361,50,0.0522139589516788,0.8768382352941176,0.7195881975489601,,
ATP-HTVS-D1462A8BE621,phase15_historical_htvs,,O=C(Nc1c(C#CC[NH2+]Cc2ccccc2)cnc2ccccc12)c1cc(F)cc(F)c1,O=C(Nc1c(C#CC[NH2+]Cc2ccccc2)cnc2ccccc12)c1ccccc1,199,rank_boundary_uncertain,,21,-8.881,181,0.0575867716499509,0.0980392156862745,0.6568775983376735,,
ATP-HTVS-E7B44E0E6F2B,phase15_historical_htvs,,C[NH2+]Cc1ccccc1CNc1nc(NCc2ccccc2)c2ccccc2[nH+]1,c1ccc(CNc2nc(NCc3ccccc3)c3ccccc3[nH+]2)cc1,425,rank_boundary_uncertain,,66,-8.959,143,0.0466839110644257,0.0471813725490196,0.5,,
ATP-HTVS-159795FE363C,phase15_historical_htvs,,N#Cc1ccccc1CC(=O)Nc1nc2ccccc2cc1C#C[C@@H]([NH3+])Cc1cccc(F)c1,O=C(Cc1ccccc1)Nc1nc2ccccc2cc1C#CCCc1ccccc1,27,rank_boundary_uncertain,,173,-10.004,12,0.0487641013412183,0.0986519607843137,0.5323188378030038,,
ATP-HTVS-08266C4344A3,phase15_historical_htvs,,[NH3+][C@H](C#Cc1cnc2ccccc2c1NC(=O)c1cc(F)cc(F)c1)Cc1cccc(F)c1,O=C(Nc1c(C#CCCc2ccccc2)cnc2ccccc12)c1ccccc1,47,rank_boundary_uncertain,,162,-9.331,54,0.0495122288210303,0.0661764705882353,0.6126247086102014,,
ATP-HTVS-9DBDBA397665,phase15_historical_htvs,,Cc1ccc([C@@H](NCc2cc(OCc3ccccc3)cc(OCc3ccccc3)c2)C(=O)[O-])cc1,c1ccc(CNCc2cc(OCc3ccccc3)cc(OCc3ccccc3)c2)cc1,605,rank_boundary_uncertain,,1560,-8.928,156,0.05859506302521,0.8602941176470589,1.0,,
ATP-HTVS-E3E3C457ADC4,phase15_historical_htvs,,[NH3+][C@H](Cc1ccc(O)cc1)c1nc2ccccc2n1/C=C/c1ccccn1,C(=Cn1c(CCc2ccccc2)nc2ccccc21)c1ccccn1,436,rank_boundary_uncertain,,41,-6.981,1372,0.060485381652661,0.8155637254901961,1.0,,
ATP-HTVS-9E45A7CB1B23,phase15_historical_htvs,,CC(C)Nc1ccc(CNC(=O)Cn2c(COc3ccccc3)[nH+]c3ccccc32)cc1,O=C(Cn1c(COc2ccccc2)[nH+]c2ccccc21)NCc1ccccc1,603,rank_boundary_uncertain,,1461,-9.107,96,0.059578518907563,0.8363970588235294,1.0,,
ATP-HTVS-EF5E324DB424,phase15_historical_htvs,,CN1CCN(c2ccccc2CNC(=O)c2oc3ccccc3c2COc2ccccc2)CC1,O=C(NCc1ccccc1N1CCNCC1)c1oc2ccccc2c1COc1ccccc1,407,rank_boundary_uncertain,,1470,-8.9,169,0.0580405287114845,0.7971813725490197,1.0,,
ATP-HTVS-3DA95123E47A,phase15_historical_htvs,,C[NH+]1CCN(c2ccc(CNCc3oc4ccc(F)cc4c3-c3ccccc3)cc2)CC1,c1ccc(-c2c(CNCc3ccc(N4CC[NH2+]CC4)cc3)oc3ccccc23)cc1,810,rank_boundary_uncertain,,1404,-9.373,49,0.0604118522408963,0.8302696078431373,1.0,,
ATP-HTVS-5BC6D09DB3F1,phase15_historical_htvs,,C[C@H](CF)Nc1cccc(CC(=O)NCc2[nH+]c3ccccc3n2Cc2ccccc2)c1,O=C(Cc1ccccc1)NCc1[nH+]c2ccccc2n1Cc1ccccc1,735,rank_boundary_uncertain,,1477,-8.798,223,0.0569038865546218,0.7683823529411765,1.0,,
ATP-HTVS-6B0687E57A6A,phase15_historical_htvs,,OCc1ccccc1CC[NH2+][C@@H](c1ccccc1)c1cc2ccccc2o1,c1ccc(CC[NH2+]C(c2ccccc2)c2cc3ccccc3o2)cc1,707,scaffold_diverse,,35,-8.996,125,0.0567935924369747,0.0551470588235294,1.0,,
ATP-HTVS-DDBB6FEB6103,phase15_historical_htvs,,C[C@H](O)Cc1ccc(C[NH2+]Cc2oc3ccc(F)cc3c2-c2ccccc2)cc1,c1ccc(C[NH2+]Cc2oc3ccccc3c2-c2ccccc2)cc1,452,scaffold_diverse,,13,-8.824,212,0.057531950280112,0.1219362745098039,1.0,,
ATP-HTVS-BFD5BCAF9717,phase15_historical_htvs,,O=C(NNc1ccccc1)c1oc2ccccc2c1COc1ccccc1,O=C(NNc1ccccc1)c1oc2ccccc2c1COc1ccccc1,522,scaffold_diverse,,63,-8.907,165,0.0563156512605042,0.0625,1.0,,
ATP-HTVS-0CA591B42E29,phase15_historical_htvs,,C[NH+](C)Cc1cccc(CN[C@H](C#Cc2ccc(C(=O)[O-])cc2)c2coc3ccccc23)c1,C(#CC(NCc1ccccc1)c1coc2ccccc12)c1ccccc1,897,scaffold_diverse,,126,-8.89,177,0.05500131302521,0.03125,1.0,,
ATP-HTVS-DD420CB019C5,phase15_historical_htvs,,c1ccc(Cn2c(C[NH2+]Cc3cccc4c3NCCC4)nc3ccccc32)cc1,c1ccc(Cn2c(C[NH2+]Cc3cccc4c3NCCC4)nc3ccccc32)cc1,453,scaffold_diverse,,159,-8.842,203,0.0543732492997198,0.0269607843137254,1.0,,
ATP-HTVS-397149B089BD,phase15_historical_htvs,,Cc1cccc(-c2nn(Cc3ccccc3)cc2C[NH2+]Cc2cccc3c2CCN3)c1,c1ccc(Cn2cc(C[NH2+]Cc3cccc4c3CCN4)c(-c3ccccc3)n2)cc1,816,scaffold_diverse,,55,-8.594,339,0.0570203081232493,0.1740196078431372,1.0,,
ATP-HTVS-7CD79F872AFC,phase15_historical_htvs,,C[NH+](C)Cc1cccc(CNc2n/c(=[NH+]\Cc3cccc[nH+]3)c3ccccc3[nH]2)c1,c1ccc(CNc2nc(=[NH+]Cc3cccc[nH+]3)c3ccccc3[nH]2)cc1,677,scaffold_diverse,,305,-9.071,107,0.0558009453781512,0.1213235294117647,1.0,,
ATP-HTVS-B7334B97F240,phase15_historical_htvs,,C[NH+](C)Cc1ccc(CNc2c[nH]/c(=N\C(=O)c3ccccc3C#N)c(-n3cccc3)c2)cc1,O=C(N=c1[nH]cc(NCc2ccccc2)cc1-n1cccc1)c1ccccc1,546,scaffold_diverse,,227,-8.86,191,0.0537605042016806,0.0220588235294117,1.0,,
ATP-HTVS-1356F7D69808,phase15_historical_htvs,,C[NH+](C)Cc1ccc(NC(=O)NC[C@H]2c3ccccc3C(=O)N2Cc2ccccc2)c(F)c1,O=C(NCC1c2ccccc2C(=O)N1Cc1ccccc1)Nc1ccccc1,889,scaffold_diverse,,420,-9.306,58,0.057204131652661,0.221813725490196,1.0,,
ATP-HTVS-531EE93584A6,phase15_historical_htvs,,Cc1ccc([C@H](O)CNc2cc(-c3ccccn3)nc3c(F)cccc23)cc1,c1ccc(CCNc2cc(-c3ccccn3)nc3ccccc23)cc1,756,scaffold_diverse,,419,-9.075,106,0.0561716561624649,0.1917892156862745,1.0,,
ATP-HTVS-1E5A6A308B25,phase15_historical_htvs,,CN(C(=O)c1ccccc1F)c1ccncc1NCc1ccc(C[NH+](C)C)cc1,O=C(Nc1ccncc1NCc1ccccc1)c1ccccc1,861,medium_controls,,1086,-8.358,548,0.04501677397449,0.329656862745098,0.8760259858910316,,
ATP-HTVS-9F81613398D9,phase15_historical_htvs,,C[NH+](C)Cc1cccc(CNc2cnc(NC(=O)c3cccc(F)c3F)c(-n3cccc3)c2)c1,O=C(Nc1ncc(NCc2ccccc2)cc1-n1cccc1)c1ccccc1,54,medium_controls,,1094,-8.362,540,0.0395069647244861,0.3394607843137255,0.6069634889387587,,
ATP-HTVS-48ECC7021683,phase15_historical_htvs,,C[NH+](C)Cc1cccc(CNc2csc(C(=O)NCc3cccc(Cl)c3)c2)c1,O=C(NCc1ccccc1)c1cc(NCc2ccccc2)cs1,189,medium_controls,,688,-7.885,944,0.0326821520225232,0.1568627450980392,0.5256206695802796,,
ATP-HTVS-7BEC4E93BD87,phase15_historical_htvs,,CN(C)c1ccc(CCNc2c(NC(=O)c3cccc([S-])c3)c[nH+]c3ccccc23)cc1,O=C(Nc1c[nH+]c2ccccc2c1NCCc1ccccc1)c1ccccc1,164,medium_controls,,1098,-8.363,538,0.0391694988867748,0.3431372549019608,0.6189080487154627,,
ATP-HTVS-24E588DA0D03,phase15_historical_htvs,,CNc1cccc(CNc2c(NC(=O)c3ccc(C[NH+](C)C)cc3)c[nH+]c3ccccc23)c1,O=C(Nc1c[nH+]c2ccccc2c1NCc1ccccc1)c1ccccc1,2,medium_controls,,510,-7.562,1122,0.027898685895612,0.375,0.1302971153872423,,
ATP-HTVS-AC71774ACC4B,phase15_historical_htvs,,C[NH+](C)Cc1ccc(CNc2csc(C(=O)N[C@H](C[NH3+])c3ccccc3)c2)cc1,O=C(NCc1ccccc1)c1cc(NCc2ccccc2)cs1,567,historical_bridge_interpretable,,1,-7.449,1182,0.0513748496462544,0.7236519607843137,0.6871244233158569,,
ATP-HTVS-66618B00A972,phase15_historical_htvs,,CC[N@@H+](C)Cc1cc(F)ccc1C[NH2+]Cc1csc(COc2ccc(OC)cc2)n1,c1ccc(C[NH2+]Cc2csc(COc3ccccc3)n2)cc1,125,historical_bridge_interpretable,,3,-7.245,1288,0.0524173832945028,0.7873774509803921,0.6785142789057869,,
ATP-HTVS-F0EA8E73CD83,phase15_historical_htvs,,C[NH+](C)Cc1cccc(CNc2cc(C(=O)N(CC[NH3+])c3ccc(Cl)cc3)sc2Cl)c1,O=C(Nc1ccccc1)c1cc(NCc2ccccc2)cs1,224,historical_bridge_interpretable,,163,-7.383,1227,0.0480384525874308,0.6519607843137255,0.6871244233158569,,
ATP-HTVS-FDB0F1EC6F74,phase15_historical_htvs,,CSCCNC(=O)c1cccc(CN2CC(=O)Nc3ccccc3[C@@H]2c2ccccc2)c1F,O=C1CN(Cc2ccccc2)C(c2ccccc2)c2ccccc2N1,42,historical_bridge_interpretable,,133,-6.636,1464,0.0399303422088996,0.8155637254901961,0.2923383266545055,,
ATP-HTVS-D78134F4C173,phase15_historical_htvs,,CC[C@@H](NC(=O)c1cc(NCc2cccc(C[NH+](C)C)c2)cs1)c1ccccc1,O=C(NCc1ccccc1)c1cc(NCc2ccccc2)cs1,214,historical_bridge_interpretable,,687,-7.801,1003,0.0340764825086826,0.1936274509803921,0.5852268997706038,,
ATP-GEN-7A898D5E996B,phase16_generated,ATP-REF-IN2,C[NH+](C)Cc1ccc(C[NH2+]Cc2cc3ccccc3nc2SCc2ccccc2)cc1C(F)(F)F,c1ccc(C[NH2+]Cc2cc3ccccc3nc2SCc2ccccc2)cc1,generated,generated_acquisition,,,-8.954,4,0.7358589216277227,,0.6582278481012658,0.7222222222222222,results\phase16\poses\ATP-GEN-7A898D5E996B_vina_7p3w_v1.pdbqt
ATP-GEN-83963B27D9CD,phase16_generated,ATP-REF-IN2,Cc1cccc2cc(C[NH2+]Cc3ccc(C[NH+](C)C)cc3)c(SCc3ccccc3)nc12,c1ccc(C[NH2+]Cc2cc3ccccc3nc2SCc2ccccc2)cc1,generated,generated_acquisition,,,-8.562,11,0.7281848333536313,,0.6231884057971014,0.7338888888888888,results\phase16\poses\ATP-GEN-83963B27D9CD_vina_7p3w_v1.pdbqt
ATP-GEN-B9896EAB127D,phase16_generated,ATP-REF-IN2,C[NH+](C)Cc1ccc(C[NH2+]Cc2cc3cccc(Cl)c3nc2SCc2ccccc2)cc1,c1ccc(C[NH2+]Cc2cc3ccccc3nc2SCc2ccccc2)cc1,generated,generated_acquisition,,,-8.516,14,0.7251811391223155,,0.6285714285714286,0.7338888888888888,results\phase16\poses\ATP-GEN-B9896EAB127D_vina_7p3w_v1.pdbqt
ATP-GEN-28C82FC9CA0D,phase16_generated,ATP-SMI-874C2DE25FE4,Cc1ccc(-c2nn(Cc3ccccc3)c(C#N)c2C[NH2+]Cc2ccccc2C[N@H+]2CC[C@@H](O)C2)cc1,c1ccc(Cn2cc(C[NH2+]Cc3ccccc3C[NH+]3CCCC3)c(-c3ccccc3)n2)cc1,generated,generated_acquisition,,,-8.899,6,0.7245637077174846,,0.6075949367088608,0.6722222222222223,results\phase16\poses\ATP-GEN-28C82FC9CA0D_vina_7p3w_v1.pdbqt
ATP-GEN-1315B7478DAE,phase16_generated,ATP-SMI-874C2DE25FE4,Cc1ccc(-c2nn(Cc3ccccc3)c(C(F)(F)F)c2C[NH2+]Cc2ccccc2C[N@H+]2CC[C@@H](O)C2)cc1,c1ccc(Cn2cc(C[NH2+]Cc3ccccc3C[NH+]3CCCC3)c(-c3ccccc3)n2)cc1,generated,generated_acquisition,,,-8.942,5,0.7218640196989626,,0.6025641025641026,0.6644444444444445,results\phase16\poses\ATP-GEN-1315B7478DAE_vina_7p3w_v1.pdbqt
ATP-GEN-EDF096265289,phase16_generated,ATP-REF-IN2,Cc1cc(C[NH2+]Cc2cc3ccccc3nc2SCc2ccccc2)ccc1C[NH+](C)C,c1ccc(C[NH2+]Cc2cc3ccccc3nc2SCc2ccccc2)cc1,generated,generated_acquisition,,,-8.499,15,0.7162526527480088,,0.6578947368421053,0.7338888888888888,results\phase16\poses\ATP-GEN-EDF096265289_vina_7p3w_v1.pdbqt
ATP-GEN-7D19A1D856E8,phase16_generated,ATP-SMI-874C2DE25FE4,Cc1ccc(-c2nn(Cc3ccccc3)cc2C[NH2+]Cc2ccccc2C[N@H+]2CC[C@@H](O)C2)cc1C#N,c1ccc(Cn2cc(C[NH2+]Cc3ccccc3C[NH+]3CCCC3)c(-c3ccccc3)n2)cc1,generated,generated_acquisition,,,-9.093,3,0.7157504107226085,,0.5432098765432098,0.6722222222222223,results\phase16\poses\ATP-GEN-7D19A1D856E8_vina_7p3w_v1.pdbqt
ATP-GEN-80A31E9A52D5,phase16_generated,ATP-REF-IN2,C[NH+](C)Cc1ccc(C[NH2+]Cc2cc3c(F)cccc3nc2SCc2ccccc2)cc1,c1ccc(C[NH2+]Cc2cc3ccccc3nc2SCc2ccccc2)cc1,generated,generated_acquisition,,,-8.433,18,0.7154285714285714,,0.6190476190476191,0.7338888888888888,results\phase16\poses\ATP-GEN-80A31E9A52D5_vina_7p3w_v1.pdbqt
ATP-GEN-F6456D9CFF1B,phase16_generated,ATP-REF-IN2,C[NH+](C)Cc1ccc(C[NH2+]Cc2cc3ccccc3nc2SCc2ccccc2)cc1C#N,c1ccc(C[NH2+]Cc2cc3ccccc3nc2SCc2ccccc2)cc1,generated,generated_acquisition,,,-8.556,12,0.7146032105149751,,0.6282051282051282,0.73,results\phase16\poses\ATP-GEN-F6456D9CFF1B_vina_7p3w_v1.pdbqt
ATP-GEN-1BC48CE9C549,phase16_generated,ATP-SMI-874C2DE25FE4,Cc1ccc(-c2nn(Cc3ccccc3)c(S(N)(=O)=O)c2C[NH2+]Cc2ccccc2C[N@H+]2CC[C@@H](O)C2)cc1,c1ccc(Cn2cc(C[NH2+]Cc3ccccc3C[NH+]3CCCC3)c(-c3ccccc3)n2)cc1,generated,generated_acquisition,,,-8.745,8,0.7117052824350352,,0.5679012345679013,0.6511111111111112,results\phase16\poses\ATP-GEN-1BC48CE9C549_vina_7p3w_v1.pdbqt
ATP-GEN-A0AD46590CE1,phase16_generated,ATP-REF-IN2,C[NH+](C)Cc1ccc(C[NH2+]Cc2cc3cccc(F)c3nc2SCc2ccccc2)cc1,c1ccc(C[NH2+]Cc2cc3ccccc3nc2SCc2ccccc2)cc1,generated,generated_acquisition,,,-8.426,21,0.7104752567693743,,0.6285714285714286,0.7338888888888888,results\phase16\poses\ATP-GEN-A0AD46590CE1_vina_7p3w_v1.pdbqt
ATP-GEN-FD1FCECEBA48,phase16_generated,ATP-SMI-874C2DE25FE4,Cc1ccc(-c2nn(Cc3ccccc3)cc2C[NH2+]Cc2ccccc2C[N@H+]2CC[C@@H](O)C2)cc1S(N)(=O)=O,c1ccc(Cn2cc(C[NH2+]Cc3ccccc3C[NH+]3CCCC3)c(-c3ccccc3)n2)cc1,generated,generated_acquisition,,,-9.179,2,0.7096822284469343,,0.5185185185185186,0.6511111111111112,results\phase16\poses\ATP-GEN-FD1FCECEBA48_vina_7p3w_v1.pdbqt
ATP-GEN-BB0F45ED0D68,phase16_generated,ATP-SMI-874C2DE25FE4,Cc1ccc(-c2nn(Cc3ccccc3)c(C(N)=O)c2C[NH2+]Cc2ccccc2C[N@H+]2CC[C@@H](O)C2)cc1,c1ccc(Cn2cc(C[NH2+]Cc3ccccc3C[NH+]3CCCC3)c(-c3ccccc3)n2)cc1,generated,generated_acquisition,,,-8.582,10,0.7069567447727975,,0.5975609756097561,0.655,results\phase16\poses\ATP-GEN-BB0F45ED0D68_vina_7p3w_v1.pdbqt
ATP-GEN-A100C3DC972B,phase16_generated,ATP-REF-IN2,C[NH+](C)Cc1ccc(C[NH2+]Cc2cc3ccccc3nc2SCc2ccccc2C(N)=O)cc1,c1ccc(C[NH2+]Cc2cc3ccccc3nc2SCc2ccccc2)cc1,generated,generated_acquisition,,,-8.431,19,0.7063265483043689,,0.6103896103896104,0.7127777777777777,results\phase16\poses\ATP-GEN-A100C3DC972B_vina_7p3w_v1.pdbqt
ATP-GEN-7D56AC38C465,phase16_generated,ATP-REF-IN2,C[NH+](C)Cc1ccc(C[NH2+]Cc2cc3ccccc3nc2SCc2ccccc2C(F)(F)F)cc1,c1ccc(C[NH2+]Cc2cc3ccccc3nc2SCc2ccccc2)cc1,generated,generated_acquisition,,,-8.33,28,0.70467577835732,,0.6666666666666667,0.7222222222222222,results\phase16\poses\ATP-GEN-7D56AC38C465_vina_7p3w_v1.pdbqt
ATP-GEN-3B3178A0D6A8,phase16_generated,ATP-REF-IN2,C[NH+](C)Cc1ccc(C[NH2+]Cc2cc3ccccc3nc2SCc2ccccc2)cc1F,c1ccc(C[NH2+]Cc2cc3ccccc3nc2SCc2ccccc2)cc1,generated,generated_acquisition,,,-8.445,16,0.7039854352460153,,0.6086956521739131,0.7338888888888888,results\phase16\poses\ATP-GEN-3B3178A0D6A8_vina_7p3w_v1.pdbqt
ATP-GEN-5DEF04ACDBD9,phase16_generated,ATP-SMI-874C2DE25FE4,Cc1ccc(-c2nn(Cc3ccccc3)cc2C[NH2+]Cc2ccccc2C[N@H+]2CC[C@@H](O)C2)cc1N(C)C,c1ccc(Cn2cc(C[NH2+]Cc3ccccc3C[NH+]3CCCC3)c(-c3ccccc3)n2)cc1,generated,generated_acquisition,,,-8.76,7,0.7039212737726669,,0.5526315789473684,0.655,results\phase16\poses\ATP-GEN-5DEF04ACDBD9_vina_7p3w_v1.pdbqt
ATP-GEN-1990BDD936CA,phase16_generated,ATP-SMI-874C2DE25FE4,Cc1ccc(-c2nn(Cc3ccccc3)c(F)c2C[NH2+]Cc2ccccc2C[N@H+]2CC[C@@H](O)C2)cc1,c1ccc(Cn2cc(C[NH2+]Cc3ccccc3C[NH+]3CCCC3)c(-c3ccccc3)n2)cc1,generated,generated_acquisition,,,-8.528,13,0.7018706908201877,,0.5921052631578947,0.6761111111111111,results\phase16\poses\ATP-GEN-1990BDD936CA_vina_7p3w_v1.pdbqt
ATP-GEN-8B66DDE9D395,phase16_generated,ATP-SMI-874C2DE25FE4,Cc1ccc(-c2nn(Cc3ccccc3)cc2C[NH2+]Cc2cc(C(C)C)ccc2C[N@H+]2CC[C@@H](O)C2)cc1,c1ccc(Cn2cc(C[NH2+]Cc3ccccc3C[NH+]3CCCC3)c(-c3ccccc3)n2)cc1,generated,generated_acquisition,,,-9.438,1,0.6996176836861768,,0.4794520547945206,0.655,results\phase16\poses\ATP-GEN-8B66DDE9D395_vina_7p3w_v1.pdbqt
ATP-GEN-397D5A9CBB80,phase16_generated,ATP-REF-IN2,CCOc1cc(C[NH2+]Cc2cc3ccccc3nc2SCc2ccccc2)ccc1C[NH+](C)C,c1ccc(C[NH2+]Cc2cc3ccccc3nc2SCc2ccccc2)cc1,generated,generated_acquisition,,,-8.43,20,0.6981948286189772,,0.6621621621621622,0.6994444444444444,results\phase16\poses\ATP-GEN-397D5A9CBB80_vina_7p3w_v1.pdbqt
ATP-GEN-8F70FC9A8BCC,phase16_generated,ATP-SMI-874C2DE25FE4,COC(=O)c1cc(-c2nn(Cc3ccccc3)cc2C[NH2+]Cc2ccccc2C[N@H+]2CC[C@@H](O)C2)ccc1C,c1ccc(Cn2cc(C[NH2+]Cc3ccccc3C[NH+]3CCCC3)c(-c3ccccc3)n2)cc1,generated,generated_acquisition,,,-8.744,9,0.6968492344729056,,0.5421686746987953,0.6511111111111112,results\phase16\poses\ATP-GEN-8F70FC9A8BCC_vina_7p3w_v1.pdbqt
ATP-GEN-71642F665463,phase16_generated,ATP-REF-IN2,COC(=O)c1cc(C[NH2+]Cc2cc3ccccc3nc2SCc2ccccc2)ccc1C[NH+](C)C,c1ccc(C[NH2+]Cc2cc3ccccc3nc2SCc2ccccc2)cc1,generated,generated_acquisition,,,-8.444,17,0.6947859540212481,,0.6081081081081081,0.7088888888888889,results\phase16\poses\ATP-GEN-71642F665463_vina_7p3w_v1.pdbqt
ATP-GEN-BD60F3115C29,phase16_generated,ATP-REF-IN2,C[NH+](C)Cc1ccc(C[NH2+]Cc2cc3ccccc3nc2SCc2ccccc2)cc1Br,c1ccc(C[NH2+]Cc2cc3ccccc3nc2SCc2ccccc2)cc1,generated,generated_acquisition,,,-8.381,25,0.6930684715157522,,0.6486486486486487,0.7338888888888888,results\phase16\poses\ATP-GEN-BD60F3115C29_vina_7p3w_v1.pdbqt
ATP-GEN-B94A3A6839BC,phase16_generated,ATP-REF-IN2,CC(C)c1cc(C[NH2+]Cc2cc3ccccc3nc2SCc2ccccc2)ccc1C[NH+](C)C,c1ccc(C[NH2+]Cc2cc3ccccc3nc2SCc2ccccc2)cc1,generated,generated_acquisition,,,-8.366,26,0.690575398705704,,0.6708860759493671,0.7127777777777777,results\phase16\poses\ATP-GEN-B94A3A6839BC_vina_7p3w_v1.pdbqt
ATP-GEN-0855E34BAFD6,phase16_generated,ATP-REF-IN2,C[NH+](C)Cc1ccc(C[NH2+]Cc2cc3ccccc3nc2SCc2ccccc2F)cc1,c1ccc(C[NH2+]Cc2cc3ccccc3nc2SCc2ccccc2)cc1,generated,generated_acquisition,,,-8.312,29,0.6901314255431902,,0.6081081081081081,0.7338888888888888,results\phase16\poses\ATP-GEN-0855E34BAFD6_vina_7p3w_v1.pdbqt
ATP-GEN-EF1581D85546,phase16_generated,ATP-REF-IN2,COC(=O)c1cccc2cc(C[NH2+]Cc3ccc(C[NH+](C)C)cc3)c(SCc3ccccc3)nc12,c1ccc(C[NH2+]Cc2cc3ccccc3nc2SCc2ccccc2)cc1,generated,generated_acquisition,,,-8.385,23,0.6844507033769134,,0.5492957746478873,0.7088888888888889,results\phase16\poses\ATP-GEN-EF1581D85546_vina_7p3w_v1.pdbqt
ATP-GEN-C72ED9E3262B,phase16_generated,ATP-REF-IN2,Cc1cccc2nc(SCc3ccccc3)c(C[NH2+]Cc3ccc(C[NH+](C)C)cc3)cc12,c1ccc(C[NH2+]Cc2cc3ccccc3nc2SCc2ccccc2)cc1,generated,generated_acquisition,,,-8.284,33,0.6826870877383211,,0.6129032258064516,0.7338888888888888,results\phase16\poses\ATP-GEN-C72ED9E3262B_vina_7p3w_v1.pdbqt
ATP-GEN-2CD174ECFC7B,phase16_generated,ATP-REF-IN2,C[NH+](C)Cc1ccc(C[NH2+]Cc2cc3c(Cl)cccc3nc2SCc2ccccc2)cc1,c1ccc(C[NH2+]Cc2cc3ccccc3nc2SCc2ccccc2)cc1,generated,generated_acquisition,,,-8.29,32,0.6822072829131652,,0.6,0.7338888888888888,results\phase16\poses\ATP-GEN-2CD174ECFC7B_vina_7p3w_v1.pdbqt
ATP-GEN-C50E5637374D,phase16_generated,ATP-REF-IN2,C[NH+](C)Cc1ccc(C[NH2+]Cc2cc3ccccc3nc2SCc2ccccc2C#N)cc1,c1ccc(C[NH2+]Cc2cc3ccccc3nc2SCc2ccccc2)cc1,generated,generated_acquisition,,,-8.225,37,0.6812631648270593,,0.6363636363636364,0.73,results\phase16\poses\ATP-GEN-C50E5637374D_vina_7p3w_v1.pdbqt
ATP-GEN-EC1693129A78,phase16_generated,ATP-SMI-874C2DE25FE4,Cc1ccc(-c2nn(Cc3ccccc3)c(Cl)c2C[NH2+]Cc2ccccc2C[N@H+]2CC[C@@H](O)C2)cc1,c1ccc(Cn2cc(C[NH2+]Cc3ccccc3C[NH+]3CCCC3)c(-c3ccccc3)n2)cc1,generated,generated_acquisition,,,-8.404,22,0.6798664799253034,,0.5866666666666667,0.6761111111111111,results\phase16\poses\ATP-GEN-EC1693129A78_vina_7p3w_v1.pdbqt
