compound_key,canonical_smiles,inchi_key,molecular_formula,molecular_weight,structure_source,structure_verification,identity_verified,first_seen_compound_id,recomputed_formula,recomputed_mw,parent_identity,scaffold,independent_structural_qc,issues,source_identity_claim,independent_source_identity_verification
AMIPNMOIENOTCR-UHFFFAOYSA-N,COc1ccc(-c2cnc(SCc3ccccc3)c(CNCCN3CCN(C)CC3)c2)cc1F,AMIPNMOIENOTCR-UHFFFAOYSA-N,C27H33FN4OS,480.653,paper_scheme_reconstructed,verified_against_source_scheme_and_formula,True,WSA275,C27H33FN4OS,480.65300000000036,COc1ccc(-c2cnc(SCc3ccccc3)c(CNCCN3CCN(C)CC3)c2)cc1F,c1ccc(CSc2ncc(-c3ccccc3)cc2CNCCN2CCNCC2)cc1,pass,,verified_against_source_scheme_and_formula,not_all_schemes_redrawn_in_this_audit
APMKTVCBYUVFFM-UHFFFAOYSA-N,CN(C)CCCCNCc1cc2ccccc2nc1SCc1ccccc1,APMKTVCBYUVFFM-UHFFFAOYSA-N,C23H29N3S,379.573,paper_scheme_reconstructed,verified_against_source_scheme_and_formula,True,WARD2024-8,C23H29N3S,379.57300000000015,CN(C)CCCCNCc1cc2ccccc2nc1SCc1ccccc1,c1ccc(CSc2ccc3ccccc3n2)cc1,pass,,verified_against_source_scheme_and_formula,not_all_schemes_redrawn_in_this_audit
AUXCLAOBTMCUDS-UHFFFAOYSA-N,CN1CCN(CCNCc2cc(-c3ccc(F)cc3)cnc2SCc2ccccc2)CC1,AUXCLAOBTMCUDS-UHFFFAOYSA-N,C26H31FN4S,450.627,paper_scheme_reconstructed,verified_against_source_scheme_and_formula,True,WSA273,C26H31FN4S,450.6270000000002,CN1CCN(CCNCc2cc(-c3ccc(F)cc3)cnc2SCc2ccccc2)CC1,c1ccc(CSc2ncc(-c3ccccc3)cc2CNCCN2CCNCC2)cc1,pass,,verified_against_source_scheme_and_formula,not_all_schemes_redrawn_in_this_audit
AVMFLQZOZFHZLB-UHFFFAOYSA-N,CN1CCN(CCNCc2cc(-c3ccc(N(C)C)cc3)cnc2SCc2ccccc2)CC1,AVMFLQZOZFHZLB-UHFFFAOYSA-N,C28H37N5S,475.706,paper_scheme_reconstructed,verified_against_source_scheme_and_formula,True,WSA276,C28H37N5S,475.70600000000024,CN1CCN(CCNCc2cc(-c3ccc(N(C)C)cc3)cnc2SCc2ccccc2)CC1,c1ccc(CSc2ncc(-c3ccccc3)cc2CNCCN2CCNCC2)cc1,pass,,verified_against_source_scheme_and_formula,not_all_schemes_redrawn_in_this_audit
BAVNIUAXBSRCQM-UHFFFAOYSA-N,CSc1nc2ccccc2cc1CNCCCCN(C)C,BAVNIUAXBSRCQM-UHFFFAOYSA-N,C17H25N3S,303.475,paper_scheme_reconstructed,verified_against_source_scheme_and_formula,True,WARD2024-7,C17H25N3S,303.475,CSc1nc2ccccc2cc1CNCCCCN(C)C,c1ccc2ncccc2c1,pass,,verified_against_source_scheme_and_formula,not_all_schemes_redrawn_in_this_audit
BIUKOUDAOJTTLM-UHFFFAOYSA-N,CCN1CCC(CCNCc2cc(-c3ccc(F)cc3F)cnc2SCc2ccccc2)CC1,BIUKOUDAOJTTLM-UHFFFAOYSA-N,C28H33F2N3S,481.656,paper_scheme_reconstructed,verified_against_source_scheme_and_formula,True,WSA308,C28H33F2N3S,481.65600000000023,CCN1CCC(CCNCc2cc(-c3ccc(F)cc3F)cnc2SCc2ccccc2)CC1,c1ccc(CSc2ncc(-c3ccccc3)cc2CNCCC2CCNCC2)cc1,pass,,verified_against_source_scheme_and_formula,not_all_schemes_redrawn_in_this_audit
BIVRJOXVTORWAX-DEOSSOPVSA-N,O=C(NS(=O)(=O)c1ccccc1)[C@@H]1CSc2c(C3CC3)c(Cc3cccc4ccccc34)cc(=O)n21,BIVRJOXVTORWAX-DEOSSOPVSA-N,C28H24N2O4S2,516.644,input_canonicalized,parsed_but_not_independently_identity_verified,False,CHEMBL429137,C28H24N2O4S2,516.6440000000003,O=C(NS(=O)(=O)c1ccccc1)C1CSc2c(C3CC3)c(Cc3cccc4ccccc34)cc(=O)n21,O=C(NS(=O)(=O)c1ccccc1)C1CSc2c(C3CC3)c(Cc3cccc4ccccc34)cc(=O)n21,pass,,parsed_but_not_independently_identity_verified,not_all_schemes_redrawn_in_this_audit
BJYUUFFIHWOTNU-UHFFFAOYSA-N,C1=CC=C2CSC2=NC=C(c2ccccc2)C=C2CNCCC(CCC=C1)CCN2C1CCCC1,BJYUUFFIHWOTNU-UHFFFAOYSA-N,C31H39N3S,485.741,paper_scheme_reconstructed,verified_against_source_scheme_and_formula,True,WSA302,C31H39N3S,485.7410000000005,C1=CC=C2CSC2=NC=C(c2ccccc2)C=C2CNCCC(CCC=C1)CCN2C1CCCC1,C1=CC=C2CSC2=NC=C(c2ccccc2)C=C2CNCCC(CCC=C1)CCN2C1CCCC1,pass,,verified_against_source_scheme_and_formula,not_all_schemes_redrawn_in_this_audit
BMTCMYDFINDWQK-UHFFFAOYSA-N,CSc1nc2ccccc2cc1CNCCCN(C)C,BMTCMYDFINDWQK-UHFFFAOYSA-N,C16H23N3S,289.448,paper_scheme_reconstructed,verified_against_source_scheme_and_formula,True,WARD2024-5,C16H23N3S,289.448,CSc1nc2ccccc2cc1CNCCCN(C)C,c1ccc2ncccc2c1,pass,,verified_against_source_scheme_and_formula,not_all_schemes_redrawn_in_this_audit
BYLMAFONBHVALJ-UHFFFAOYSA-N,Cc1ccc(-c2cnc(SCc3ccccc3)c(CNCc3ccc(CN4CCCC4)cc3)c2)cc1,BYLMAFONBHVALJ-UHFFFAOYSA-N,C32H35N3S,493.72,paper_scheme_reconstructed,verified_against_source_scheme_and_formula,True,WSA295,C32H35N3S,493.72000000000037,Cc1ccc(-c2cnc(SCc3ccccc3)c(CNCc3ccc(CN4CCCC4)cc3)c2)cc1,c1ccc(CSc2ncc(-c3ccccc3)cc2CNCc2ccc(CN3CCCC3)cc2)cc1,pass,,verified_against_source_scheme_and_formula,not_all_schemes_redrawn_in_this_audit
CEAZRRDELHUEMR-UHFFFAOYSA-N,CNC(C)C1CCC(N)C(OC2C(N)CC(N)C(OC3OCC(C)(O)C(NC)C3O)C2O)O1,CEAZRRDELHUEMR-UHFFFAOYSA-N,C21H43N5O7,477.603,input_canonicalized,parsed_but_not_independently_identity_verified,False,CTRL-GENTAMICIN,C21H43N5O7,477.6030000000002,CNC(C)C1CCC(N)C(OC2C(N)CC(N)C(OC3OCC(C)(O)C(NC)C3O)C2O)O1,C1CCC(OC2CCCC(OC3CCCCO3)C2)OC1,pass,,parsed_but_not_independently_identity_verified,not_all_schemes_redrawn_in_this_audit
CJWSCOKTAUPKHM-UHFFFAOYSA-N,CCN1CCC(CNCCc2cc3ccccc3nc2SCc2ccccc2)CC1,CJWSCOKTAUPKHM-UHFFFAOYSA-N,C26H33N3S,419.638,paper_scheme_reconstructed,verified_against_source_scheme_and_formula,True,WSA236,C26H33N3S,419.6380000000002,CCN1CCC(CNCCc2cc3ccccc3nc2SCc2ccccc2)CC1,c1ccc(CSc2nc3ccccc3cc2CCNCC2CCNCC2)cc1,pass,,verified_against_source_scheme_and_formula,not_all_schemes_redrawn_in_this_audit
CKJASZDKIIXJGB-UHFFFAOYSA-N,C1=CC=C2CSC2=Nc2ccccc2C=C2CCNCC(CCC=C1)CCN2C1CCCC1,CKJASZDKIIXJGB-UHFFFAOYSA-N,C29H37N3S,459.703,paper_scheme_reconstructed,verified_against_source_scheme_and_formula,True,WSA238,C29H37N3S,459.7030000000004,C1=CC=C2CSC2=Nc2ccccc2C=C2CCNCC(CCC=C1)CCN2C1CCCC1,C1=CC=C2CSC2=Nc2ccccc2C=C2CCNCC(CCC=C1)CCN2C1CCCC1,pass,,verified_against_source_scheme_and_formula,not_all_schemes_redrawn_in_this_audit
CXMRFZUNEWGZOD-UHFFFAOYSA-N,CCN1CCC(CCNCc2cc(-c3ccc(F)cc3)cnc2SCc2ccccc2)CC1,CXMRFZUNEWGZOD-UHFFFAOYSA-N,C28H34FN3S,463.666,paper_scheme_reconstructed,verified_against_source_scheme_and_formula,True,WSA307,C28H34FN3S,463.6660000000002,CCN1CCC(CCNCc2cc(-c3ccc(F)cc3)cnc2SCc2ccccc2)CC1,c1ccc(CSc2ncc(-c3ccccc3)cc2CNCCC2CCNCC2)cc1,pass,,verified_against_source_scheme_and_formula,not_all_schemes_redrawn_in_this_audit
CYFLBGUKERCHRN-UHFFFAOYSA-N,Fc1ccc(C2=CN=C3SCC3=CC=CC=CCCC3CCNCC(=C2)N(C2CCCC2)CC3)cc1,CYFLBGUKERCHRN-UHFFFAOYSA-N,C31H38FN3S,503.731,paper_scheme_reconstructed,verified_against_source_scheme_and_formula,True,WSA291,C31H38FN3S,503.7310000000005,Fc1ccc(C2=CN=C3SCC3=CC=CC=CCCC3CCNCC(=C2)N(C2CCCC2)CC3)cc1,C1=CC=C2CSC2=NC=C(c2ccccc2)C=C2CNCCC(CCC=C1)CCN2C1CCCC1,pass,,verified_against_source_scheme_and_formula,not_all_schemes_redrawn_in_this_audit
DCLANSSFVIGXHQ-OAQYLSRUSA-N,COC(=O)[C@@H](Cc1c[nH]c2ccccc12)NCc1cc2ccccc2nc1OC,DCLANSSFVIGXHQ-OAQYLSRUSA-N,C23H23N3O3,389.455,paper_scheme_reconstructed,verified_against_source_scheme_and_formula,True,STEED2022-18,C23H23N3O3,389.45500000000015,COC(=O)C(Cc1c[nH]c2ccccc12)NCc1cc2ccccc2nc1OC,c1ccc2ncc(CNCCc3c[nH]c4ccccc34)cc2c1,pass,,verified_against_source_scheme_and_formula,not_all_schemes_redrawn_in_this_audit
DENDYSZGMCHDRC-UHFFFAOYSA-N,CN1CCN(CCNCc2cccnc2SCc2ccccc2)CC1,DENDYSZGMCHDRC-UHFFFAOYSA-N,C20H28N4S,356.539,paper_scheme_reconstructed,verified_against_source_scheme_and_formula,True,WSA268,C20H28N4S,356.5390000000001,CN1CCN(CCNCc2cccnc2SCc2ccccc2)CC1,c1ccc(CSc2ncccc2CNCCN2CCNCC2)cc1,pass,,verified_against_source_scheme_and_formula,not_all_schemes_redrawn_in_this_audit
DHHYTMBBZNETGO-UQKRIMTDSA-M,C[C@@H](C(=O)[O-])n1cc(C2CC2)c(Cc2cccc3ccccc23)cc1=O.[Li+],DHHYTMBBZNETGO-UQKRIMTDSA-M,C22H20LiNO3,353.347,input_canonicalized,parsed_but_not_independently_identity_verified,False,CHEMBL402410,C22H20LiNO3,353.34700000000004,CC(C(=O)O)n1cc(C2CC2)c(Cc2cccc3ccccc23)cc1=O,O=c1cc(Cc2cccc3ccccc23)c(C2CC2)c[nH]1,pass,,parsed_but_not_independently_identity_verified,not_all_schemes_redrawn_in_this_audit
DHQKBEDPXLHXAJ-OAQYLSRUSA-N,COC(=O)[C@@H](Cc1c[nH]c2ccccc12)NCc1cc2ccccc2nc1SC,DHQKBEDPXLHXAJ-OAQYLSRUSA-N,C23H23N3O2S,405.523,paper_scheme_reconstructed,verified_against_source_scheme_and_formula,True,STEED2022-19,C23H23N3O2S,405.52300000000014,COC(=O)C(Cc1c[nH]c2ccccc12)NCc1cc2ccccc2nc1SC,c1ccc2ncc(CNCCc3c[nH]c4ccccc34)cc2c1,pass,,verified_against_source_scheme_and_formula,not_all_schemes_redrawn_in_this_audit
DVUDEYVEBQKKMF-UHFFFAOYSA-N,CSc1nc2ccccc2cc1CNCc1ccc(CN(C)C)cc1,DVUDEYVEBQKKMF-UHFFFAOYSA-N,C21H25N3S,351.519,paper_scheme_reconstructed,verified_against_source_scheme_and_formula,True,WARD2024-1,C21H25N3S,351.5190000000001,CSc1nc2ccccc2cc1CNCc1ccc(CN(C)C)cc1,c1ccc(CNCc2cnc3ccccc3c2)cc1,pass,,verified_against_source_scheme_and_formula,not_all_schemes_redrawn_in_this_audit
DZMUNSHMBCIBDH-UHFFFAOYSA-N,C=CCOc1nc2ccccc2cc1C(c1cc2ccccc2nc1OCC=C)C(O)(CCN(C)C)c1ccccc1,DZMUNSHMBCIBDH-UHFFFAOYSA-N,C36H37N3O3,559.71,input_canonicalized,parsed_but_not_independently_identity_verified,False,CHEMBL3754648,C36H37N3O3,559.7100000000004,C=CCOc1nc2ccccc2cc1C(c1cc2ccccc2nc1OCC=C)C(O)(CCN(C)C)c1ccccc1,c1ccc(CC(c2cnc3ccccc3c2)c2cnc3ccccc3c2)cc1,pass,,parsed_but_not_independently_identity_verified,not_all_schemes_redrawn_in_this_audit
FBCXCXWDAGLEIR-UHFFFAOYSA-N,CCN(CC)Cc1cc(N(c2cc(C)nc3cc(Cl)ccc23)S(=O)(=O)c2cccc(Cl)c2Cl)ccc1O,FBCXCXWDAGLEIR-UHFFFAOYSA-N,C27H26Cl3N3O3S,578.949,input_canonicalized,parsed_but_not_independently_identity_verified,False,CHEMBL3402630,C27H26Cl3N3O3S,578.9490000000003,CCN(CC)Cc1cc(N(c2cc(C)nc3cc(Cl)ccc23)S(=O)(=O)c2cccc(Cl)c2Cl)ccc1O,O=S(=O)(c1ccccc1)N(c1ccccc1)c1ccnc2ccccc12,pass,,parsed_but_not_independently_identity_verified,not_all_schemes_redrawn_in_this_audit
FIVPERXQZKOXRV-UHFFFAOYSA-N,Brc1ccc2cc(CNCc3ccc(CN4CCCC4)cc3)c(SCc3ccccc3)nc2c1,FIVPERXQZKOXRV-UHFFFAOYSA-N,C29H30BrN3S,532.551,paper_scheme_reconstructed,verified_against_source_scheme_and_formula,True,WSA256,C29H30BrN3S,532.5510000000003,Brc1ccc2cc(CNCc3ccc(CN4CCCC4)cc3)c(SCc3ccccc3)nc2c1,c1ccc(CSc2nc3ccccc3cc2CNCc2ccc(CN3CCCC3)cc2)cc1,pass,,verified_against_source_scheme_and_formula,not_all_schemes_redrawn_in_this_audit
FJDYUBLMOSKXMT-SFHVURJKSA-N,NC(=O)[C@@H]1CSc2c(C3CC3)c(Cc3cccc4ccccc34)cc(=O)n21,FJDYUBLMOSKXMT-SFHVURJKSA-N,C22H20N2O2S,376.481,input_canonicalized,parsed_but_not_independently_identity_verified,False,CHEMBL402627,C22H20N2O2S,376.4810000000001,NC(=O)C1CSc2c(C3CC3)c(Cc3cccc4ccccc34)cc(=O)n21,O=c1cc(Cc2cccc3ccccc23)c(C2CC2)c2n1CCS2,pass,,parsed_but_not_independently_identity_verified,not_all_schemes_redrawn_in_this_audit
FMUGFYQFZOPACO-UHFFFAOYSA-N,BrC1=CN=C2SCC2=CC=CC=CCCC2CCNCC(=C1)N(C1CCCC1)CC2,FMUGFYQFZOPACO-UHFFFAOYSA-N,C25H34BrN3S,488.539,paper_scheme_reconstructed,verified_against_source_scheme_and_formula,True,WSA301,C25H34BrN3S,488.5390000000005,BrC1=CN=C2SCC2=CC=CC=CCCC2CCNCC(=C1)N(C1CCCC1)CC2,C1=CC=C2CSC2=NC=CC=C2CNCCC(CCC=C1)CCN2C1CCCC1,pass,,verified_against_source_scheme_and_formula,not_all_schemes_redrawn_in_this_audit
FPTVNOKSIHPUTA-UHFFFAOYSA-N,c1ccc(CSc2ncc(-c3ccccc3)cc2CNCc2ccc(CN3CCCC3)cc2)cc1,FPTVNOKSIHPUTA-UHFFFAOYSA-N,C31H33N3S,479.693,paper_scheme_reconstructed,verified_against_source_scheme_and_formula,True,WSA294,C31H33N3S,479.6930000000004,c1ccc(CSc2ncc(-c3ccccc3)cc2CNCc2ccc(CN3CCCC3)cc2)cc1,c1ccc(CSc2ncc(-c3ccccc3)cc2CNCc2ccc(CN3CCCC3)cc2)cc1,pass,,verified_against_source_scheme_and_formula,not_all_schemes_redrawn_in_this_audit
FSIFTUHBPHJAAD-UHFFFAOYSA-N,COc1nc2ccccc2cc1C(c1cc2ccccc2nc1OC)C(O)(CCN(C)C)c1cccc2ccccc12,FSIFTUHBPHJAAD-UHFFFAOYSA-N,C36H35N3O3,557.694,input_canonicalized,parsed_but_not_independently_identity_verified,False,CHEMBL3754673,C36H35N3O3,557.6940000000003,COc1nc2ccccc2cc1C(c1cc2ccccc2nc1OC)C(O)(CCN(C)C)c1cccc2ccccc12,c1ccc2ncc(C(Cc3cccc4ccccc34)c3cnc4ccccc4c3)cc2c1,pass,,parsed_but_not_independently_identity_verified,not_all_schemes_redrawn_in_this_audit
GALJNXWUVQUDRC-UHFFFAOYSA-N,CN(C)CCCCCNCc1cc2ccccc2nc1SCc1ccccc1,GALJNXWUVQUDRC-UHFFFAOYSA-N,C24H31N3S,393.6,paper_scheme_reconstructed,verified_against_source_scheme_and_formula,True,WARD2024-10,C24H31N3S,393.60000000000014,CN(C)CCCCCNCc1cc2ccccc2nc1SCc1ccccc1,c1ccc(CSc2ccc3ccccc3n2)cc1,pass,,verified_against_source_scheme_and_formula,not_all_schemes_redrawn_in_this_audit
GDIKNPZGPCUHQP-UHFFFAOYSA-N,Brc1ccc2c(c1)N=C1SCC1=CC=CC=CCCC1CCN(C3CCCC3)C(=C2)CCNC1,GDIKNPZGPCUHQP-UHFFFAOYSA-N,C29H36BrN3S,538.599,paper_scheme_reconstructed,verified_against_source_scheme_and_formula,True,WSA255,C29H36BrN3S,538.5990000000004,Brc1ccc2c(c1)N=C1SCC1=CC=CC=CCCC1CCN(C3CCCC3)C(=C2)CCNC1,C1=CC=C2CSC2=Nc2ccccc2C=C2CCNCC(CCC=C1)CCN2C1CCCC1,pass,,verified_against_source_scheme_and_formula,not_all_schemes_redrawn_in_this_audit
GHGVFXRKINKBLR-ARJAWSKDSA-N,CN(C)CCC(O)(c1cccc(Br)c1)C1c2cc3ccccc3nc2OCC/C=C\CCOc2nc3ccccc3cc21,GHGVFXRKINKBLR-ARJAWSKDSA-N,C36H36BrN3O3,638.606,input_canonicalized,parsed_but_not_independently_identity_verified,False,CHEMBL3753969,C36H36BrN3O3,638.6060000000002,CN(C)CCC(O)(c1cccc(Br)c1)C1c2cc3ccccc3nc2OCCC=CCCOc2nc3ccccc3cc21,C1=CCCOc2nc3ccccc3cc2C(Cc2ccccc2)c2cc3ccccc3nc2OCC1,pass,,parsed_but_not_independently_identity_verified,not_all_schemes_redrawn_in_this_audit
GIVNEPBVLZKFQD-UHFFFAOYSA-N,c1ccc(CSc2ncccc2CNCc2ccc(CN3CCCC3)cc2)cc1,GIVNEPBVLZKFQD-UHFFFAOYSA-N,C25H29N3S,403.595,paper_scheme_reconstructed,verified_against_source_scheme_and_formula,True,WSA267,C25H29N3S,403.59500000000025,c1ccc(CSc2ncccc2CNCc2ccc(CN3CCCC3)cc2)cc1,c1ccc(CSc2ncccc2CNCc2ccc(CN3CCCC3)cc2)cc1,pass,,verified_against_source_scheme_and_formula,not_all_schemes_redrawn_in_this_audit
GLDUIBJCIYJHOM-UHFFFAOYSA-N,CCN(CC)Cc1cc(N(c2cc(C)nc3cc(Cl)ccc23)S(=O)(=O)c2ccc(Cl)s2)ccc1O,GLDUIBJCIYJHOM-UHFFFAOYSA-N,C25H25Cl2N3O3S2,550.533,input_canonicalized,parsed_but_not_independently_identity_verified,False,CHEMBL3400982,C25H25Cl2N3O3S2,550.5330000000002,CCN(CC)Cc1cc(N(c2cc(C)nc3cc(Cl)ccc23)S(=O)(=O)c2ccc(Cl)s2)ccc1O,O=S(=O)(c1cccs1)N(c1ccccc1)c1ccnc2ccccc12,pass,,parsed_but_not_independently_identity_verified,not_all_schemes_redrawn_in_this_audit
GXYVJEJKTGYEDL-UHFFFAOYSA-N,COc1ccc(-c2cnc(SCc3ccccc3)c(CNCc3ccc(CN4CCCC4)cc3)c2)cc1F,GXYVJEJKTGYEDL-UHFFFAOYSA-N,C32H34FN3OS,527.709,paper_scheme_reconstructed,verified_against_source_scheme_and_formula,True,WSA297,C32H34FN3OS,527.7090000000004,COc1ccc(-c2cnc(SCc3ccccc3)c(CNCc3ccc(CN4CCCC4)cc3)c2)cc1F,c1ccc(CSc2ncc(-c3ccccc3)cc2CNCc2ccc(CN3CCCC3)cc2)cc1,pass,,verified_against_source_scheme_and_formula,not_all_schemes_redrawn_in_this_audit
HCBCVTVDQQQYPH-UHFFFAOYSA-N,COc1ccc(-c2cnc(SCc3ccccc3)c(CNCc3ccc(CN4CCCC4)cc3)c2)cc1,HCBCVTVDQQQYPH-UHFFFAOYSA-N,C32H35N3OS,509.719,paper_scheme_reconstructed,verified_against_source_scheme_and_formula,True,WSA296,C32H35N3OS,509.7190000000004,COc1ccc(-c2cnc(SCc3ccccc3)c(CNCc3ccc(CN4CCCC4)cc3)c2)cc1,c1ccc(CSc2ncc(-c3ccccc3)cc2CNCc2ccc(CN3CCCC3)cc2)cc1,pass,,verified_against_source_scheme_and_formula,not_all_schemes_redrawn_in_this_audit
HSQAOIDXEYDHQE-UHFFFAOYSA-N,c1ccc(CSc2nc3cc(-c4ccccc4)ccc3cc2CNCc2ccc(CN3CCCC3)cc2)cc1,HSQAOIDXEYDHQE-UHFFFAOYSA-N,C35H35N3S,529.753,paper_scheme_reconstructed,verified_against_source_scheme_and_formula,True,WSA269,C35H35N3S,529.7530000000005,c1ccc(CSc2nc3cc(-c4ccccc4)ccc3cc2CNCc2ccc(CN3CCCC3)cc2)cc1,c1ccc(CSc2nc3cc(-c4ccccc4)ccc3cc2CNCc2ccc(CN3CCCC3)cc2)cc1,pass,,verified_against_source_scheme_and_formula,not_all_schemes_redrawn_in_this_audit
HXWNUGNSPIOUKJ-HNNXBMFYSA-N,COC(=O)[C@H](CCSC)NCc1cc2ccccc2nc1SC,HXWNUGNSPIOUKJ-HNNXBMFYSA-N,C17H22N2O2S2,350.509,paper_scheme_reconstructed,verified_against_source_scheme_and_formula,True,STEED2022-17,C17H22N2O2S2,350.50900000000007,COC(=O)C(CCSC)NCc1cc2ccccc2nc1SC,c1ccc2ncccc2c1,pass,,verified_against_source_scheme_and_formula,not_all_schemes_redrawn_in_this_audit
IIRFHYMEOYQCBC-UHFFFAOYSA-N,CSc1nc2ccccc2cc1CNCc1ccc(N(C)C)cc1,IIRFHYMEOYQCBC-UHFFFAOYSA-N,C20H23N3S,337.492,paper_scheme_reconstructed,verified_against_source_scheme_and_formula,True,WARD2024-11,C20H23N3S,337.4920000000001,CSc1nc2ccccc2cc1CNCc1ccc(N(C)C)cc1,c1ccc(CNCc2cnc3ccccc3c2)cc1,pass,,verified_against_source_scheme_and_formula,not_all_schemes_redrawn_in_this_audit
ILFUWRVDQBBTFO-UHFFFAOYSA-N,CCN1CCC(CNCCc2cc3ccc(-c4ccccc4)cc3nc2SCc2ccccc2)CC1,ILFUWRVDQBBTFO-UHFFFAOYSA-N,C32H37N3S,495.736,paper_scheme_reconstructed,verified_against_source_scheme_and_formula,True,WSA261,C32H37N3S,495.7360000000003,CCN1CCC(CNCCc2cc3ccc(-c4ccccc4)cc3nc2SCc2ccccc2)CC1,c1ccc(CSc2nc3cc(-c4ccccc4)ccc3cc2CCNCC2CCNCC2)cc1,pass,,verified_against_source_scheme_and_formula,not_all_schemes_redrawn_in_this_audit
IXLSBDXBCUSOJH-UHFFFAOYSA-N,COc1nc2ccccc2cc1C(c1cc2ccccc2nc1OC)C(O)(CCN(C)C)c1ccc2ccccc2c1,IXLSBDXBCUSOJH-UHFFFAOYSA-N,C36H35N3O3,557.694,input_canonicalized,parsed_but_not_independently_identity_verified,False,CHEMBL3753028,C36H35N3O3,557.6940000000003,COc1nc2ccccc2cc1C(c1cc2ccccc2nc1OC)C(O)(CCN(C)C)c1ccc2ccccc2c1,c1ccc2cc(CC(c3cnc4ccccc4c3)c3cnc4ccccc4c3)ccc2c1,pass,,parsed_but_not_independently_identity_verified,not_all_schemes_redrawn_in_this_audit
IZWVLJVCXHHUOO-UHFFFAOYSA-N,Fc1ccc(-c2cnc(SCc3ccccc3)c(CNCc3ccc(CN4CCCC4)cc3)c2)cc1,IZWVLJVCXHHUOO-UHFFFAOYSA-N,C31H32FN3S,497.683,paper_scheme_reconstructed,verified_against_source_scheme_and_formula,True,WSA298,C31H32FN3S,497.6830000000004,Fc1ccc(-c2cnc(SCc3ccccc3)c(CNCc3ccc(CN4CCCC4)cc3)c2)cc1,c1ccc(CSc2ncc(-c3ccccc3)cc2CNCc2ccc(CN3CCCC3)cc2)cc1,pass,,verified_against_source_scheme_and_formula,not_all_schemes_redrawn_in_this_audit
JEEVMYLVUPBCFP-UHFFFAOYSA-N,COc1nc2ccccc2cc1C(c1cc2ccccc2nc1OC)C(O)(CCN(C)C)c1cccc(Br)c1,JEEVMYLVUPBCFP-UHFFFAOYSA-N,C32H32BrN3O3,586.53,input_canonicalized,parsed_but_not_independently_identity_verified,False,CHEMBL3751877,C32H32BrN3O3,586.5300000000003,COc1nc2ccccc2cc1C(c1cc2ccccc2nc1OC)C(O)(CCN(C)C)c1cccc(Br)c1,c1ccc(CC(c2cnc3ccccc3c2)c2cnc3ccccc3c2)cc1,pass,,parsed_but_not_independently_identity_verified,not_all_schemes_redrawn_in_this_audit
JEOOPXHDCFWFFO-UHFFFAOYSA-N,CCN1CCC(CCNCc2cccnc2SCc2ccccc2)CC1,JEOOPXHDCFWFFO-UHFFFAOYSA-N,C22H31N3S,369.578,paper_scheme_reconstructed,verified_against_source_scheme_and_formula,True,WSA264,C22H31N3S,369.5780000000002,CCN1CCC(CCNCc2cccnc2SCc2ccccc2)CC1,c1ccc(CSc2ncccc2CNCCC2CCNCC2)cc1,pass,,verified_against_source_scheme_and_formula,not_all_schemes_redrawn_in_this_audit
JHBGNEYJXHSZKP-UHFFFAOYSA-N,CC1=NC(C)=NC=C2C=CC=C(C=C1)CSc1nc3ccccc3cc1CNCC2,JHBGNEYJXHSZKP-UHFFFAOYSA-N,C25H26N4S,414.578,paper_scheme_reconstructed,verified_against_source_scheme_and_formula,True,WARD2024-20,C25H26N4S,414.5780000000002,CC1=NC(C)=NC=C2C=CC=C(C=C1)CSc1nc3ccccc3cc1CNCC2,C1=CC2=CN=CN=CC=CC(=C1)CSc1nc3ccccc3cc1CNCC2,pass,,verified_against_source_scheme_and_formula,not_all_schemes_redrawn_in_this_audit
JOQXHNZJPVGSQL-FERBBOLQSA-M,O=C([O-])[C@@H]1CSc2c(C3CC3)c(Cc3cccc4ccccc34)cc(=O)n21.[Li+],JOQXHNZJPVGSQL-FERBBOLQSA-M,C22H18LiNO3S,383.398,input_canonicalized,parsed_but_not_independently_identity_verified,False,CHEMBL261105,C22H18LiNO3S,383.3980000000001,O=C(O)C1CSc2c(C3CC3)c(Cc3cccc4ccccc34)cc(=O)n21,O=c1cc(Cc2cccc3ccccc23)c(C2CC2)c2n1CCS2,pass,,parsed_but_not_independently_identity_verified,not_all_schemes_redrawn_in_this_audit
JWHCVPMRQDOIHA-UHFFFAOYSA-N,COc1ccc(-c2cnc(SCc3ccccc3)c(CNCCN3CCN(C)CC3)c2)cc1,JWHCVPMRQDOIHA-UHFFFAOYSA-N,C27H34N4OS,462.663,paper_scheme_reconstructed,verified_against_source_scheme_and_formula,True,WSA278,C27H34N4OS,462.66300000000035,COc1ccc(-c2cnc(SCc3ccccc3)c(CNCCN3CCN(C)CC3)c2)cc1,c1ccc(CSc2ncc(-c3ccccc3)cc2CNCCN2CCNCC2)cc1,pass,,verified_against_source_scheme_and_formula,not_all_schemes_redrawn_in_this_audit
KBBWUTKWDFCECI-UHFFFAOYSA-N,c1ccc(CSc2nc3ccccc3cc2CNCc2ccc(N3CCCCC3)cc2)cc1,KBBWUTKWDFCECI-UHFFFAOYSA-N,C29H31N3S,453.655,paper_scheme_reconstructed,verified_against_source_scheme_and_formula,True,WSA248,C29H31N3S,453.65500000000037,c1ccc(CSc2nc3ccccc3cc2CNCc2ccc(N3CCCCC3)cc2)cc1,c1ccc(CSc2nc3ccccc3cc2CNCc2ccc(N3CCCCC3)cc2)cc1,pass,,verified_against_source_scheme_and_formula,not_all_schemes_redrawn_in_this_audit
KITXXXWYRGIPNW-UHFFFAOYSA-N,C1=CC=C2CSC2=NC=CC=C2CNCCC(CCC=C1)CCN2C1CCCC1,KITXXXWYRGIPNW-UHFFFAOYSA-N,C25H35N3S,409.643,paper_scheme_reconstructed,verified_against_source_scheme_and_formula,True,WSA265,C25H35N3S,409.64300000000037,C1=CC=C2CSC2=NC=CC=C2CNCCC(CCC=C1)CCN2C1CCCC1,C1=CC=C2CSC2=NC=CC=C2CNCCC(CCC=C1)CCN2C1CCCC1,pass,,verified_against_source_scheme_and_formula,not_all_schemes_redrawn_in_this_audit
KNMXVWXMVVIKDE-UHFFFAOYSA-N,C=CCCOc1nc2ccccc2cc1C(c1cc2ccccc2nc1OCCC=C)C(O)(CCN(C)C)c1ccc(Br)cc1,KNMXVWXMVVIKDE-UHFFFAOYSA-N,C38H40BrN3O3,666.66,input_canonicalized,parsed_but_not_independently_identity_verified,False,CHEMBL3751865,C38H40BrN3O3,666.6600000000004,C=CCCOc1nc2ccccc2cc1C(c1cc2ccccc2nc1OCCC=C)C(O)(CCN(C)C)c1ccc(Br)cc1,c1ccc(CC(c2cnc3ccccc3c2)c2cnc3ccccc3c2)cc1,pass,,parsed_but_not_independently_identity_verified,not_all_schemes_redrawn_in_this_audit
KWYNWDLARNYFPR-UHFFFAOYSA-N,CN1CCN(CCNCc2cc(-c3ccccc3)cnc2SCc2ccccc2)CC1,KWYNWDLARNYFPR-UHFFFAOYSA-N,C26H32N4S,432.637,paper_scheme_reconstructed,verified_against_source_scheme_and_formula,True,WSA277,C26H32N4S,432.6370000000002,CN1CCN(CCNCc2cc(-c3ccccc3)cnc2SCc2ccccc2)CC1,c1ccc(CSc2ncc(-c3ccccc3)cc2CNCCN2CCNCC2)cc1,pass,,verified_against_source_scheme_and_formula,not_all_schemes_redrawn_in_this_audit
LAFSNTSKJXQUGQ-UHFFFAOYSA-N,COc1ccc(C2=CN=C3SCC3=CC=CC=CCCC3CCNCC(=C2)N(C2CCCC2)CC3)cc1F,LAFSNTSKJXQUGQ-UHFFFAOYSA-N,C32H40FN3OS,533.757,paper_scheme_reconstructed,verified_against_source_scheme_and_formula,True,WSA290,C32H40FN3OS,533.7570000000005,COc1ccc(C2=CN=C3SCC3=CC=CC=CCCC3CCNCC(=C2)N(C2CCCC2)CC3)cc1F,C1=CC=C2CSC2=NC=C(c2ccccc2)C=C2CNCCC(CCC=C1)CCN2C1CCCC1,pass,,verified_against_source_scheme_and_formula,not_all_schemes_redrawn_in_this_audit
LKLACXNGVWXYAW-UHFFFAOYSA-N,CN(C)CCCNCc1cc2ccccc2nc1SCc1ccccc1,LKLACXNGVWXYAW-UHFFFAOYSA-N,C22H27N3S,365.546,paper_scheme_reconstructed,verified_against_source_scheme_and_formula,True,WARD2024-6,C22H27N3S,365.5460000000001,CN(C)CCCNCc1cc2ccccc2nc1SCc1ccccc1,c1ccc(CSc2ccc3ccccc3n2)cc1,pass,,verified_against_source_scheme_and_formula,not_all_schemes_redrawn_in_this_audit
LLKLWYWYWKDHMZ-UHFFFAOYSA-N,CN(C)CC1=CC=C2C=CC=C(C=CC=C1)CSc1nc3ccccc3cc1CNC2,LLKLWYWYWKDHMZ-UHFFFAOYSA-N,C27H29N3S,427.617,paper_scheme_reconstructed,verified_against_source_scheme_and_formula,True,WARD2024-2,C27H29N3S,427.6170000000002,CN(C)CC1=CC=C2C=CC=C(C=CC=C1)CSc1nc3ccccc3cc1CNC2,C1=CC=CC2=CC=CC(=CC=C1)CNCc1cc3ccccc3nc1SC2,pass,,verified_against_source_scheme_and_formula,not_all_schemes_redrawn_in_this_audit
MISXPGZSFAATQD-UHFFFAOYSA-N,CSc1nc2ccccc2cc1CNCCC1CCN(C2CCCC2)CC1,MISXPGZSFAATQD-UHFFFAOYSA-N,C23H33N3S,383.605,paper_scheme_reconstructed,verified_against_source_scheme_and_formula,True,WARD2024-15,C23H33N3S,383.6050000000003,CSc1nc2ccccc2cc1CNCCC1CCN(C2CCCC2)CC1,c1ccc2ncc(CNCCC3CCN(C4CCCC4)CC3)cc2c1,pass,,verified_against_source_scheme_and_formula,not_all_schemes_redrawn_in_this_audit
MNULEGDCPYONBU-AWJDAWNUSA-N,CC[C@H]1/C=C/C=C/C[C@@H](C)[C@H](O)[C@@](C)(O)C(=O)[C@@H](C)[C@H](O)[C@@H](C)C(=O)[C@@H](C)[C@H](O)[C@@H](C)/C=C/C(=O)O[C@@H]2[C@H](C)[C@H](CC1)O[C@]1(CC[C@H](C)[C@H](C[C@@H](C)O)O1)[C@H]2C,MNULEGDCPYONBU-AWJDAWNUSA-N,C45H74O11,791.076,input_canonicalized,parsed_but_not_independently_identity_verified,False,CTRL-OLIGOMYCIN-A,C45H74O11,791.0759999999999,CCC1C=CC=CCC(C)C(O)C(C)(O)C(=O)C(C)C(O)C(C)C(=O)C(C)C(O)C(C)C=CC(=O)OC2C(C)C(CC1)OC1(CCC(C)C(CC(C)O)O1)C2C,O=C1CCCC=CC(=O)OC2CC(CCCC=CC=CCCCCC(=O)CCC1)OC1(CCCCO1)C2,pass,,parsed_but_not_independently_identity_verified,not_all_schemes_redrawn_in_this_audit
NCHOSMRPPKEPLR-UHFFFAOYSA-N,COc1cc2nc(SCc3ccccc3)c(CNCCN3CCN(C)CC3)cc2c(OC)c1OC,NCHOSMRPPKEPLR-UHFFFAOYSA-N,C27H36N4O3S,496.677,paper_scheme_reconstructed,verified_against_source_scheme_and_formula,True,WSA253,C27H36N4O3S,496.6770000000004,COc1cc2nc(SCc3ccccc3)c(CNCCN3CCN(C)CC3)cc2c(OC)c1OC,c1ccc(CSc2nc3ccccc3cc2CNCCN2CCNCC2)cc1,pass,,verified_against_source_scheme_and_formula,not_all_schemes_redrawn_in_this_audit
NGGZHFTWSXZZMZ-UHFFFAOYSA-N,CCN(CC)Cc1cc(N(c2cc(C)nc3cc(Cl)ccc23)S(=O)(=O)c2ccc(Cl)cc2Cl)ccc1O,NGGZHFTWSXZZMZ-UHFFFAOYSA-N,C27H26Cl3N3O3S,578.949,input_canonicalized,parsed_but_not_independently_identity_verified,False,CHEMBL3402631,C27H26Cl3N3O3S,578.9490000000003,CCN(CC)Cc1cc(N(c2cc(C)nc3cc(Cl)ccc23)S(=O)(=O)c2ccc(Cl)cc2Cl)ccc1O,O=S(=O)(c1ccccc1)N(c1ccccc1)c1ccnc2ccccc12,pass,,parsed_but_not_independently_identity_verified,not_all_schemes_redrawn_in_this_audit
NHYRGJGOYHRCHP-UHFFFAOYSA-N,CN1CCN(CCNCc2cc3ccc(-c4ccccc4)cc3nc2SCc2ccccc2)CC1,NHYRGJGOYHRCHP-UHFFFAOYSA-N,C30H34N4S,482.697,paper_scheme_reconstructed,verified_against_source_scheme_and_formula,True,WSA270,C30H34N4S,482.69700000000023,CN1CCN(CCNCc2cc3ccc(-c4ccccc4)cc3nc2SCc2ccccc2)CC1,c1ccc(CSc2nc3cc(-c4ccccc4)ccc3cc2CNCCN2CCNCC2)cc1,pass,,verified_against_source_scheme_and_formula,not_all_schemes_redrawn_in_this_audit
NLEMREXXYUDSQL-UHFFFAOYSA-N,COc1cc2c(c(OC)c1OC)C=C1CCNCC(CCC=CC=CC=C3CSC3=N2)CCN1C1CCCC1,NLEMREXXYUDSQL-UHFFFAOYSA-N,C32H43N3O3S,549.781,paper_scheme_reconstructed,verified_against_source_scheme_and_formula,True,WSA252,C32H43N3O3S,549.7810000000002,COc1cc2c(c(OC)c1OC)C=C1CCNCC(CCC=CC=CC=C3CSC3=N2)CCN1C1CCCC1,C1=CC=C2CSC2=Nc2ccccc2C=C2CCNCC(CCC=C1)CCN2C1CCCC1,pass,,verified_against_source_scheme_and_formula,not_all_schemes_redrawn_in_this_audit
NLTZNXHLSWPGMA-UHFFFAOYSA-N,CN1CCN(CCNCc2cc3ccc(Br)cc3nc2SCc2ccccc2)CC1,NLTZNXHLSWPGMA-UHFFFAOYSA-N,C24H29BrN4S,485.495,paper_scheme_reconstructed,verified_against_source_scheme_and_formula,True,WSA257,C24H29BrN4S,485.49500000000023,CN1CCN(CCNCc2cc3ccc(Br)cc3nc2SCc2ccccc2)CC1,c1ccc(CSc2nc3ccccc3cc2CNCCN2CCNCC2)cc1,pass,,verified_against_source_scheme_and_formula,not_all_schemes_redrawn_in_this_audit
NNVGKKBOEWDJJP-IBGZPJMESA-N,CS(=O)(=O)NC(=O)[C@@H]1CSc2c(C3CC3)c(Cc3cccc4ccccc34)cc(=O)n21,NNVGKKBOEWDJJP-IBGZPJMESA-N,C23H22N2O4S2,454.573,input_canonicalized,parsed_but_not_independently_identity_verified,False,CHEMBL401701,C23H22N2O4S2,454.5730000000002,CS(=O)(=O)NC(=O)C1CSc2c(C3CC3)c(Cc3cccc4ccccc34)cc(=O)n21,O=c1cc(Cc2cccc3ccccc23)c(C2CC2)c2n1CCS2,pass,,parsed_but_not_independently_identity_verified,not_all_schemes_redrawn_in_this_audit
NPEZRWZPEIGWDT-UHFFFAOYSA-N,Cc1ccc(C2=CN=C3SCC3=CC=CC=CCCC3CCNCC(=C2)N(C2CCCC2)CC3)cc1,NPEZRWZPEIGWDT-UHFFFAOYSA-N,C32H41N3S,499.768,paper_scheme_reconstructed,verified_against_source_scheme_and_formula,True,WSA289,C32H41N3S,499.7680000000005,Cc1ccc(C2=CN=C3SCC3=CC=CC=CCCC3CCNCC(=C2)N(C2CCCC2)CC3)cc1,C1=CC=C2CSC2=NC=C(c2ccccc2)C=C2CNCCC(CCC=C1)CCN2C1CCCC1,pass,,verified_against_source_scheme_and_formula,not_all_schemes_redrawn_in_this_audit
OCURKCGQDZTRPV-UHFFFAOYSA-N,CCN(CC)Cc1cc(N(c2cc(C)nc3cc(Cl)ccc23)S(=O)(=O)c2ccc([N+](=O)[O-])cc2)ccc1O,OCURKCGQDZTRPV-UHFFFAOYSA-N,C27H27ClN4O5S,555.056,input_canonicalized,parsed_but_not_independently_identity_verified,False,CHEMBL3402629,C27H27ClN4O5S,555.0560000000003,CCN(CC)Cc1cc(N(c2cc(C)nc3cc(Cl)ccc23)S(=O)(=O)c2ccc([N+](=O)[O-])cc2)ccc1O,O=S(=O)(c1ccccc1)N(c1ccccc1)c1ccnc2ccccc12,pass,,parsed_but_not_independently_identity_verified,not_all_schemes_redrawn_in_this_audit
OERRFXQQEGZCLT-UHFFFAOYSA-N,CCN1CCC(CCNCc2cc(-c3ccc(OC)cc3)cnc2SCc2ccccc2)CC1,OERRFXQQEGZCLT-UHFFFAOYSA-N,C29H37N3OS,475.702,paper_scheme_reconstructed,verified_against_source_scheme_and_formula,True,WSA305,C29H37N3OS,475.7020000000002,CCN1CCC(CCNCc2cc(-c3ccc(OC)cc3)cnc2SCc2ccccc2)CC1,c1ccc(CSc2ncc(-c3ccccc3)cc2CNCCC2CCNCC2)cc1,pass,,verified_against_source_scheme_and_formula,not_all_schemes_redrawn_in_this_audit
OQBHGUMTARFMHR-UHFFFAOYSA-N,CN1C=CC=C2C=CC=C(C=C1)CSc1nc3ccccc3cc1CNCC2,OQBHGUMTARFMHR-UHFFFAOYSA-N,C24H25N3S,387.552,paper_scheme_reconstructed,verified_against_source_scheme_and_formula,True,WARD2024-18,C24H25N3S,387.55200000000013,CN1C=CC=C2C=CC=C(C=C1)CSc1nc3ccccc3cc1CNCC2,C1=CNC=CC2=CC=CC(=C1)CCNCc1cc3ccccc3nc1SC2,pass,,verified_against_source_scheme_and_formula,not_all_schemes_redrawn_in_this_audit
OQFGGMRRCQCVER-UHFFFAOYSA-N,Fc1ccc(C2=CN=C3SCC3=CC=CC=CCCC3CCNCC(=C2)N(C2CCCC2)CC3)c(F)c1,OQFGGMRRCQCVER-UHFFFAOYSA-N,C31H37F2N3S,521.721,paper_scheme_reconstructed,verified_against_source_scheme_and_formula,True,WSA292,C31H37F2N3S,521.7210000000006,Fc1ccc(C2=CN=C3SCC3=CC=CC=CCCC3CCNCC(=C2)N(C2CCCC2)CC3)c(F)c1,C1=CC=C2CSC2=NC=C(c2ccccc2)C=C2CNCCC(CCC=C1)CCN2C1CCCC1,pass,,verified_against_source_scheme_and_formula,not_all_schemes_redrawn_in_this_audit
ORLAXBFWLNNFRF-UHFFFAOYSA-N,C1=CC=C2CSC2=Nc2cc(-c3ccccc3)ccc2C=C2CCNCC(CCC=C1)CCN2C1CCCC1,ORLAXBFWLNNFRF-UHFFFAOYSA-N,C35H41N3S,535.801,paper_scheme_reconstructed,verified_against_source_scheme_and_formula,True,WSA262,C35H41N3S,535.8010000000004,C1=CC=C2CSC2=Nc2cc(-c3ccccc3)ccc2C=C2CCNCC(CCC=C1)CCN2C1CCCC1,C1=CC=C2CSC2=Nc2cc(-c3ccccc3)ccc2C=C2CCNCC(CCC=C1)CCN2C1CCCC1,pass,,verified_against_source_scheme_and_formula,not_all_schemes_redrawn_in_this_audit
OSIDADUWAHRIJO-UHFFFAOYSA-N,CCN(CC)Cc1cc(N(c2cc(C)nc3cc(Cl)ccc23)S(=O)(=O)c2cc(C)cc(C)c2)ccc1O,OSIDADUWAHRIJO-UHFFFAOYSA-N,C29H32ClN3O3S,538.113,input_canonicalized,parsed_but_not_independently_identity_verified,False,CHEMBL3402635,C29H32ClN3O3S,538.1130000000003,CCN(CC)Cc1cc(N(c2cc(C)nc3cc(Cl)ccc23)S(=O)(=O)c2cc(C)cc(C)c2)ccc1O,O=S(=O)(c1ccccc1)N(c1ccccc1)c1ccnc2ccccc12,pass,,parsed_but_not_independently_identity_verified,not_all_schemes_redrawn_in_this_audit
OUUCQDAKDZWOHC-UHFFFAOYSA-N,CSc1nc2ccccc2cc1CNCCCCCN(C)C,OUUCQDAKDZWOHC-UHFFFAOYSA-N,C18H27N3S,317.502,paper_scheme_reconstructed,verified_against_source_scheme_and_formula,True,WARD2024-9,C18H27N3S,317.50200000000007,CSc1nc2ccccc2cc1CNCCCCCN(C)C,c1ccc2ncccc2c1,pass,,verified_against_source_scheme_and_formula,not_all_schemes_redrawn_in_this_audit
PKYJBDDPIQOPNP-UHFFFAOYSA-N,CCN1CCC(CCNCc2cc(Br)cnc2SCc2ccccc2)CC1,PKYJBDDPIQOPNP-UHFFFAOYSA-N,C22H30BrN3S,448.474,paper_scheme_reconstructed,verified_against_source_scheme_and_formula,True,WSA272,C22H30BrN3S,448.4740000000002,CCN1CCC(CCNCc2cc(Br)cnc2SCc2ccccc2)CC1,c1ccc(CSc2ncccc2CNCCC2CCNCC2)cc1,pass,,verified_against_source_scheme_and_formula,not_all_schemes_redrawn_in_this_audit
PPDXHFIWMLVDEJ-UHFFFAOYSA-N,O=c1c(NCc2ccccn2)c(-c2ccc(N3CCOCC3)cc2)c1=O,PPDXHFIWMLVDEJ-UHFFFAOYSA-N,C20H19N3O3,349.39,input_canonicalized,parsed_but_not_independently_identity_verified,False,CHEMBL4101131,C20H19N3O3,349.3900000000001,O=c1c(NCc2ccccn2)c(-c2ccc(N3CCOCC3)cc2)c1=O,O=c1c(NCc2ccccn2)c(-c2ccc(N3CCOCC3)cc2)c1=O,pass,,parsed_but_not_independently_identity_verified,not_all_schemes_redrawn_in_this_audit
PXXYITLVUSHXPN-UHFFFAOYSA-N,CSc1nc2ccccc2cc1CNCCc1cnc(C)nc1C,PXXYITLVUSHXPN-UHFFFAOYSA-N,C19H22N4S,338.48,paper_scheme_reconstructed,verified_against_source_scheme_and_formula,True,WARD2024-19,C19H22N4S,338.4800000000001,CSc1nc2ccccc2cc1CNCCc1cnc(C)nc1C,c1ccc2ncc(CNCCc3cncnc3)cc2c1,pass,,verified_against_source_scheme_and_formula,not_all_schemes_redrawn_in_this_audit
QDRJSIIKIUXVRU-UHFFFAOYSA-N,COc1nc2ccccc2cc1C(c1cc2ccccc2nc1OC)C(O)(CCN(C)C)c1ccc(Br)cc1,QDRJSIIKIUXVRU-UHFFFAOYSA-N,C32H32BrN3O3,586.53,input_canonicalized,parsed_but_not_independently_identity_verified,False,CHEMBL3754231,C32H32BrN3O3,586.5300000000003,COc1nc2ccccc2cc1C(c1cc2ccccc2nc1OC)C(O)(CCN(C)C)c1ccc(Br)cc1,c1ccc(CC(c2cnc3ccccc3c2)c2cnc3ccccc3c2)cc1,pass,,parsed_but_not_independently_identity_verified,not_all_schemes_redrawn_in_this_audit
QOAKXIVNSVUYRQ-UHFFFAOYSA-N,COc1ccc(C2=CN=C3SCC3=CC=CC=CCCC3CCNCC(=C2)N(C2CCCC2)CC3)cc1,QOAKXIVNSVUYRQ-UHFFFAOYSA-N,C32H41N3OS,515.767,paper_scheme_reconstructed,verified_against_source_scheme_and_formula,True,WSA288,C32H41N3OS,515.7670000000005,COc1ccc(C2=CN=C3SCC3=CC=CC=CCCC3CCNCC(=C2)N(C2CCCC2)CC3)cc1,C1=CC=C2CSC2=NC=C(c2ccccc2)C=C2CNCCC(CCC=C1)CCN2C1CCCC1,pass,,verified_against_source_scheme_and_formula,not_all_schemes_redrawn_in_this_audit
QOSSAOTZNIDXMA-UHFFFAOYSA-N,C(=NC1CCCCC1)=NC1CCCCC1,QOSSAOTZNIDXMA-UHFFFAOYSA-N,C13H22N2,206.333,input_canonicalized,parsed_but_not_independently_identity_verified,False,CHEMBL162598,C13H22N2,206.33299999999997,C(=NC1CCCCC1)=NC1CCCCC1,C(=NC1CCCCC1)=NC1CCCCC1,pass,,parsed_but_not_independently_identity_verified,not_all_schemes_redrawn_in_this_audit
QUIJNHUBAXPXFS-XLJNKUFUSA-N,COc1nc2ccc(Br)cc2cc1[C@@H](c1ccccc1)[C@@](O)(CCN(C)C)c1cccc2ccccc12,QUIJNHUBAXPXFS-XLJNKUFUSA-N,C32H31BrN2O2,555.516,input_canonicalized,parsed_but_not_independently_identity_verified,False,CTRL-BEDAQUILINE,C32H31BrN2O2,555.5160000000003,COc1nc2ccc(Br)cc2cc1C(c1ccccc1)C(O)(CCN(C)C)c1cccc2ccccc12,c1ccc(C(Cc2cccc3ccccc23)c2cnc3ccccc3c2)cc1,pass,,parsed_but_not_independently_identity_verified,not_all_schemes_redrawn_in_this_audit
QXQOBCBJOCQFRK-UHFFFAOYSA-N,COc1nc2ccccc2cc1C(c1cc2ccccc2nc1OC)C(O)(CCN(C)C)c1ccccc1,QXQOBCBJOCQFRK-UHFFFAOYSA-N,C32H33N3O3,507.634,input_canonicalized,parsed_but_not_independently_identity_verified,False,CHEMBL3752792,C32H33N3O3,507.6340000000003,COc1nc2ccccc2cc1C(c1cc2ccccc2nc1OC)C(O)(CCN(C)C)c1ccccc1,c1ccc(CC(c2cnc3ccccc3c2)c2cnc3ccccc3c2)cc1,pass,,parsed_but_not_independently_identity_verified,not_all_schemes_redrawn_in_this_audit
RIDDIWJTDCGXDH-NRFANRHFSA-N,COC(=O)[C@@H](NCc1cc2ccccc2nc1OCc1ccccc1)C(C)C,RIDDIWJTDCGXDH-NRFANRHFSA-N,C23H26N2O3,378.472,paper_scheme_reconstructed,verified_against_source_scheme_and_formula,True,STEED2022-15,C23H26N2O3,378.47200000000015,COC(=O)C(NCc1cc2ccccc2nc1OCc1ccccc1)C(C)C,c1ccc(COc2ccc3ccccc3n2)cc1,pass,,verified_against_source_scheme_and_formula,not_all_schemes_redrawn_in_this_audit
ROJPDORYZONAPF-UHFFFAOYSA-N,COc1nc2ccccc2cc1COC(=O)Nc1ccc(CO)cc1,ROJPDORYZONAPF-UHFFFAOYSA-N,C19H18N2O4,338.363,paper_scheme_reconstructed,verified_against_source_scheme_and_formula,True,STEED2022-8,C19H18N2O4,338.36300000000006,COc1nc2ccccc2cc1COC(=O)Nc1ccc(CO)cc1,O=C(Nc1ccccc1)OCc1cnc2ccccc2c1,pass,,verified_against_source_scheme_and_formula,not_all_schemes_redrawn_in_this_audit
RWXRACFJDWXXDE-UHFFFAOYSA-N,CCN1CCC(CNCCc2cc3ccc(Br)cc3nc2SCc2ccccc2)CC1,RWXRACFJDWXXDE-UHFFFAOYSA-N,C26H32BrN3S,498.534,paper_scheme_reconstructed,verified_against_source_scheme_and_formula,True,WSA254,C26H32BrN3S,498.5340000000002,CCN1CCC(CNCCc2cc3ccc(Br)cc3nc2SCc2ccccc2)CC1,c1ccc(CSc2nc3ccccc3cc2CCNCC2CCNCC2)cc1,pass,,verified_against_source_scheme_and_formula,not_all_schemes_redrawn_in_this_audit
SGQDQCCZJOEXJH-UHFFFAOYSA-N,C1=CC2=NC=CNC=CC(=C1)CSc1nc3ccccc3cc1CNCC2,SGQDQCCZJOEXJH-UHFFFAOYSA-N,C22H22N4S,374.513,paper_scheme_reconstructed,verified_against_source_scheme_and_formula,True,WARD2024-22,C22H22N4S,374.51300000000015,C1=CC2=NC=CNC=CC(=C1)CSc1nc3ccccc3cc1CNCC2,C1=CC2=NC=CNC=CC(=C1)CSc1nc3ccccc3cc1CNCC2,pass,,verified_against_source_scheme_and_formula,not_all_schemes_redrawn_in_this_audit
SQOBRXGLLMOCKF-UHFFFAOYSA-N,CC1(C)CC(=O)C(=CNc2ccccc2O)C(=O)C1,SQOBRXGLLMOCKF-UHFFFAOYSA-N,C15H17NO3,259.305,input_canonicalized,parsed_but_not_independently_identity_verified,False,CHEMBL4294286,C15H17NO3,259.305,CC1(C)CC(=O)C(=CNc2ccccc2O)C(=O)C1,O=C1CCCC(=O)C1=CNc1ccccc1,pass,,parsed_but_not_independently_identity_verified,not_all_schemes_redrawn_in_this_audit
SSOJQSHUAQGPLD-UHFFFAOYSA-N,CN1CCN(CCNCc2cc3ccccc3nc2SCc2ccccc2)CC1,SSOJQSHUAQGPLD-UHFFFAOYSA-N,C24H30N4S,406.599,paper_scheme_reconstructed,verified_against_source_scheme_and_formula,True,WSA250,C24H30N4S,406.59900000000016,CN1CCN(CCNCc2cc3ccccc3nc2SCc2ccccc2)CC1,c1ccc(CSc2nc3ccccc3cc2CNCCN2CCNCC2)cc1,pass,,verified_against_source_scheme_and_formula,not_all_schemes_redrawn_in_this_audit
SVSBIDILOVJTHE-UHFFFAOYSA-N,CCN1CCC(CCNCc2cc3ccccc3nc2SC)CC1,SVSBIDILOVJTHE-UHFFFAOYSA-N,C20H29N3S,343.54,paper_scheme_reconstructed,verified_against_source_scheme_and_formula,True,WARD2024-13,C20H29N3S,343.54000000000013,CCN1CCC(CCNCc2cc3ccccc3nc2SC)CC1,c1ccc2ncc(CNCCC3CCNCC3)cc2c1,pass,,verified_against_source_scheme_and_formula,not_all_schemes_redrawn_in_this_audit
TXZGGVBUNOVBHL-UHFFFAOYSA-N,C=CCOc1nc2ccccc2cc1C(c1cc2ccccc2nc1OCC=C)C(O)(CCN(C)C)c1ccc(Br)cc1,TXZGGVBUNOVBHL-UHFFFAOYSA-N,C36H36BrN3O3,638.606,input_canonicalized,parsed_but_not_independently_identity_verified,False,CHEMBL3753673,C36H36BrN3O3,638.6060000000003,C=CCOc1nc2ccccc2cc1C(c1cc2ccccc2nc1OCC=C)C(O)(CCN(C)C)c1ccc(Br)cc1,c1ccc(CC(c2cnc3ccccc3c2)c2cnc3ccccc3c2)cc1,pass,,parsed_but_not_independently_identity_verified,not_all_schemes_redrawn_in_this_audit
UHMXBFQXPUTOKL-UHFFFAOYSA-N,CCN1CCC(CCNCc2cc(-c3ccc(C)cc3)cnc2SCc2ccccc2)CC1,UHMXBFQXPUTOKL-UHFFFAOYSA-N,C29H37N3S,459.703,paper_scheme_reconstructed,verified_against_source_scheme_and_formula,True,WSA300,C29H37N3S,459.7030000000002,CCN1CCC(CCNCc2cc(-c3ccc(C)cc3)cnc2SCc2ccccc2)CC1,c1ccc(CSc2ncc(-c3ccccc3)cc2CNCCC2CCNCC2)cc1,pass,,verified_against_source_scheme_and_formula,not_all_schemes_redrawn_in_this_audit
UOLLIRMONGMMAV-UHFFFAOYSA-N,CSc1nc2ccccc2cc1CNCCc1ncc[nH]1,UOLLIRMONGMMAV-UHFFFAOYSA-N,C16H18N4S,298.415,paper_scheme_reconstructed,verified_against_source_scheme_and_formula,True,WARD2024-21,C16H18N4S,298.41499999999996,CSc1nc2ccccc2cc1CNCCc1ncc[nH]1,c1ccc2ncc(CNCCc3ncc[nH]3)cc2c1,pass,,verified_against_source_scheme_and_formula,not_all_schemes_redrawn_in_this_audit
UVOSDXRUYYKIMQ-UHFFFAOYSA-N,CN(C)C1=CC=C2C=CC=C(C=CC=C1)CSc1nc3ccccc3cc1CNC2,UVOSDXRUYYKIMQ-UHFFFAOYSA-N,C26H27N3S,413.59,paper_scheme_reconstructed,verified_against_source_scheme_and_formula,True,WARD2024-12,C26H27N3S,413.59000000000015,CN(C)C1=CC=C2C=CC=C(C=CC=C1)CSc1nc3ccccc3cc1CNC2,C1=CC=CC2=CC=CC(=CC=C1)CNCc1cc3ccccc3nc1SC2,pass,,verified_against_source_scheme_and_formula,not_all_schemes_redrawn_in_this_audit
UYSBYFPUEOTVDZ-UHFFFAOYSA-N,CSc1nc2ccccc2cc1CNCCc1cccn1C,UYSBYFPUEOTVDZ-UHFFFAOYSA-N,C18H21N3S,311.454,paper_scheme_reconstructed,verified_against_source_scheme_and_formula,True,WARD2024-17,C18H21N3S,311.454,CSc1nc2ccccc2cc1CNCCc1cccn1C,c1c[nH]c(CCNCc2cnc3ccccc3c2)c1,pass,,verified_against_source_scheme_and_formula,not_all_schemes_redrawn_in_this_audit
VBVMGRCNUWHODZ-UHFFFAOYSA-N,C=CCOc1nc2ccccc2cc1C(c1cc2ccccc2nc1OCC=C)C(O)(CCN(C)C)c1cccc(Br)c1,VBVMGRCNUWHODZ-UHFFFAOYSA-N,C36H36BrN3O3,638.606,input_canonicalized,parsed_but_not_independently_identity_verified,False,CHEMBL3752547,C36H36BrN3O3,638.6060000000003,C=CCOc1nc2ccccc2cc1C(c1cc2ccccc2nc1OCC=C)C(O)(CCN(C)C)c1cccc(Br)c1,c1ccc(CC(c2cnc3ccccc3c2)c2cnc3ccccc3c2)cc1,pass,,parsed_but_not_independently_identity_verified,not_all_schemes_redrawn_in_this_audit
VPHZLIOARSIWRC-UHFFFAOYSA-N,CCN1CCC(CCNCc2cc(-c3ccc(OC)c(F)c3)cnc2SCc2ccccc2)CC1,VPHZLIOARSIWRC-UHFFFAOYSA-N,C29H36FN3OS,493.692,paper_scheme_reconstructed,verified_against_source_scheme_and_formula,True,WSA306,C29H36FN3OS,493.69200000000023,CCN1CCC(CCNCc2cc(-c3ccc(OC)c(F)c3)cnc2SCc2ccccc2)CC1,c1ccc(CSc2ncc(-c3ccccc3)cc2CNCCC2CCNCC2)cc1,pass,,verified_against_source_scheme_and_formula,not_all_schemes_redrawn_in_this_audit
VVBRNCOBMAIGNK-GAZRNQOFSA-N,COc1ccc(/C=C2/S/C(=N/N=C/c3ccccc3O)NC2=O)cc1,VVBRNCOBMAIGNK-GAZRNQOFSA-N,C18H15N3O3S,353.403,input_canonicalized,parsed_but_not_independently_identity_verified,False,CHEMBL4560563,C18H15N3O3S,353.4030000000001,COc1ccc(C=C2SC(=NN=Cc3ccccc3O)NC2=O)cc1,O=C1NC(=NN=Cc2ccccc2)SC1=Cc1ccccc1,pass,,parsed_but_not_independently_identity_verified,not_all_schemes_redrawn_in_this_audit
WDZUWGIXBFSGCL-UHFFFAOYSA-N,CN(C)CCNCc1cc2c3nc1SCC(=CC=CC=CC=2)C=CC=3,WDZUWGIXBFSGCL-UHFFFAOYSA-N,C21H25N3S,351.519,input_only,source_structure_not_resolved,False,FRAUNFELTER2023-4,C21H25N3S,351.519,CN(C)CCNCc1cc2c3nc1SCC(=CC=CC=CC=2)C=CC=3,C1=CC=C2C=CC=c3nc(ccc3=CC=C1)SC2,pass,,source_structure_not_resolved,not_all_schemes_redrawn_in_this_audit
WEEJBHMAXXLXSK-SFHVURJKSA-N,O=c1cc(Cc2cccc3ccccc23)c(C2CC2)c2n1[C@H](c1nnn[nH]1)CS2,WEEJBHMAXXLXSK-SFHVURJKSA-N,C22H19N5OS,401.495,input_canonicalized,parsed_but_not_independently_identity_verified,False,CHEMBL402124,C22H19N5OS,401.49500000000006,O=c1cc(Cc2cccc3ccccc23)c(C2CC2)c2n1C(c1nnn[nH]1)CS2,O=c1cc(Cc2cccc3ccccc23)c(C2CC2)c2n1C(c1nnn[nH]1)CS2,pass,,parsed_but_not_independently_identity_verified,not_all_schemes_redrawn_in_this_audit
WFBMDLWJDONKOF-UHFFFAOYSA-N,Brc1cnc(SCc2ccccc2)c(CNCc2ccc(CN3CCCC3)cc2)c1,WFBMDLWJDONKOF-UHFFFAOYSA-N,C25H28BrN3S,482.491,paper_scheme_reconstructed,verified_against_source_scheme_and_formula,True,WSA293,C25H28BrN3S,482.4910000000004,Brc1cnc(SCc2ccccc2)c(CNCc2ccc(CN3CCCC3)cc2)c1,c1ccc(CSc2ncccc2CNCc2ccc(CN3CCCC3)cc2)cc1,pass,,verified_against_source_scheme_and_formula,not_all_schemes_redrawn_in_this_audit
WGWNRWFMNFHBIY-SFHVURJKSA-N,O=C(NO)[C@@H]1CSc2c(C3CC3)c(Cc3cccc4ccccc34)cc(=O)n21,WGWNRWFMNFHBIY-SFHVURJKSA-N,C22H20N2O3S,392.48,input_canonicalized,parsed_but_not_independently_identity_verified,False,CHEMBL402123,C22H20N2O3S,392.4800000000001,O=C(NO)C1CSc2c(C3CC3)c(Cc3cccc4ccccc34)cc(=O)n21,O=c1cc(Cc2cccc3ccccc23)c(C2CC2)c2n1CCS2,pass,,parsed_but_not_independently_identity_verified,not_all_schemes_redrawn_in_this_audit
WIDVPHSBAXLSEU-LJQANCHMSA-N,COC(=O)[C@@H](Cc1ccc(O)cc1)NCc1cc2ccccc2nc1SC,WIDVPHSBAXLSEU-LJQANCHMSA-N,C21H22N2O3S,382.485,paper_scheme_reconstructed,verified_against_source_scheme_and_formula,True,FRAUNFELTER2023-1,C21H22N2O3S,382.48500000000007,COC(=O)C(Cc1ccc(O)cc1)NCc1cc2ccccc2nc1SC,c1ccc(CCNCc2cnc3ccccc3c2)cc1,pass,,verified_against_source_scheme_and_formula,not_all_schemes_redrawn_in_this_audit
WIIZWVCIJKGZOK-RKDXNWHRSA-N,O=C(N[C@H](CO)[C@H](O)c1ccc([N+](=O)[O-])cc1)C(Cl)Cl,WIIZWVCIJKGZOK-RKDXNWHRSA-N,C11H12Cl2N2O5,323.132,input_canonicalized,parsed_but_not_independently_identity_verified,False,CHLORAMPHENICOL,C11H12Cl2N2O5,323.13199999999995,O=C(NC(CO)C(O)c1ccc([N+](=O)[O-])cc1)C(Cl)Cl,c1ccccc1,pass,,parsed_but_not_independently_identity_verified,not_all_schemes_redrawn_in_this_audit
WYSMMAHMVVNKNU-UHFFFAOYSA-N,CCN1CCC(CNCCc2cc3c(OC)c(OC)c(OC)cc3nc2SCc2ccccc2)CC1,WYSMMAHMVVNKNU-UHFFFAOYSA-N,C29H39N3O3S,509.716,paper_scheme_reconstructed,verified_against_source_scheme_and_formula,True,WSA251,C29H39N3O3S,509.7160000000003,CCN1CCC(CNCCc2cc3c(OC)c(OC)c(OC)cc3nc2SCc2ccccc2)CC1,c1ccc(CSc2nc3ccccc3cc2CCNCC2CCNCC2)cc1,pass,,verified_against_source_scheme_and_formula,not_all_schemes_redrawn_in_this_audit
XDWSRXVAROERCY-UHFFFAOYSA-N,CN1CCN(CCNCc2cc(-c3ccc(F)cc3F)cnc2SCc2ccccc2)CC1,XDWSRXVAROERCY-UHFFFAOYSA-N,C26H30F2N4S,468.617,paper_scheme_reconstructed,verified_against_source_scheme_and_formula,True,WSA274,C26H30F2N4S,468.6170000000002,CN1CCN(CCNCc2cc(-c3ccc(F)cc3F)cnc2SCc2ccccc2)CC1,c1ccc(CSc2ncc(-c3ccccc3)cc2CNCCN2CCNCC2)cc1,pass,,verified_against_source_scheme_and_formula,not_all_schemes_redrawn_in_this_audit
XQBWCRMKNUAPEC-UHFFFAOYSA-N,Cc1ccc(-c2cnc(SCc3ccccc3)c(CNCCN3CCN(C)CC3)c2)cc1,XQBWCRMKNUAPEC-UHFFFAOYSA-N,C27H34N4S,446.664,paper_scheme_reconstructed,verified_against_source_scheme_and_formula,True,WSA280,C27H34N4S,446.6640000000003,Cc1ccc(-c2cnc(SCc3ccccc3)c(CNCCN3CCN(C)CC3)c2)cc1,c1ccc(CSc2ncc(-c3ccccc3)cc2CNCCN2CCNCC2)cc1,pass,,verified_against_source_scheme_and_formula,not_all_schemes_redrawn_in_this_audit
YEMLSUARMQTHJO-UHFFFAOYSA-N,c1ccc(CSc2nc3ccccc3cc2CNCc2ccc(CN3CCCC3)cc2)cc1,YEMLSUARMQTHJO-UHFFFAOYSA-N,C29H31N3S,453.655,paper_scheme_reconstructed,verified_against_source_scheme_and_formula,True,WSA249,C29H31N3S,453.65500000000037,c1ccc(CSc2nc3ccccc3cc2CNCc2ccc(CN3CCCC3)cc2)cc1,c1ccc(CSc2nc3ccccc3cc2CNCc2ccc(CN3CCCC3)cc2)cc1,pass,,verified_against_source_scheme_and_formula,not_all_schemes_redrawn_in_this_audit
YLGXQCGDJLLDBJ-UHFFFAOYSA-N,CN1CCN(CCNCc2cc(Br)cnc2SCc2ccccc2)CC1,YLGXQCGDJLLDBJ-UHFFFAOYSA-N,C20H27BrN4S,435.435,paper_scheme_reconstructed,verified_against_source_scheme_and_formula,True,WSA271,C20H27BrN4S,435.4350000000002,CN1CCN(CCNCc2cc(Br)cnc2SCc2ccccc2)CC1,c1ccc(CSc2ncccc2CNCCN2CCNCC2)cc1,pass,,verified_against_source_scheme_and_formula,not_all_schemes_redrawn_in_this_audit
ZGIDBFBSYKRZQE-UHFFFAOYSA-N,CCN1CCC(CCNCc2cc(-c3ccccc3)cnc2SCc2ccccc2)CC1,ZGIDBFBSYKRZQE-UHFFFAOYSA-N,C28H35N3S,445.676,paper_scheme_reconstructed,verified_against_source_scheme_and_formula,True,WSA304,C28H35N3S,445.6760000000002,CCN1CCC(CCNCc2cc(-c3ccccc3)cnc2SCc2ccccc2)CC1,c1ccc(CSc2ncc(-c3ccccc3)cc2CNCCC2CCNCC2)cc1,pass,,verified_against_source_scheme_and_formula,not_all_schemes_redrawn_in_this_audit
ZMCMUCKOPVYNJN-UHFFFAOYSA-N,Fc1ccc(-c2cnc(SCc3ccccc3)c(CNCc3ccc(CN4CCCC4)cc3)c2)c(F)c1,ZMCMUCKOPVYNJN-UHFFFAOYSA-N,C31H31F2N3S,515.673,paper_scheme_reconstructed,verified_against_source_scheme_and_formula,True,WSA299,C31H31F2N3S,515.6730000000005,Fc1ccc(-c2cnc(SCc3ccccc3)c(CNCc3ccc(CN4CCCC4)cc3)c2)c(F)c1,c1ccc(CSc2ncc(-c3ccccc3)cc2CNCc2ccc(CN3CCCC3)cc2)cc1,pass,,verified_against_source_scheme_and_formula,not_all_schemes_redrawn_in_this_audit
ZPDBJZFBTVCYMH-UHFFFAOYSA-N,CN(C)c1ccc(C2=CN=C3SCC3=CC=CC=CCCC3CCNCC(=C2)N(C2CCCC2)CC3)cc1,ZPDBJZFBTVCYMH-UHFFFAOYSA-N,C33H44N4S,528.81,paper_scheme_reconstructed,verified_against_source_scheme_and_formula,True,WSA303,C33H44N4S,528.8100000000005,CN(C)c1ccc(C2=CN=C3SCC3=CC=CC=CCCC3CCNCC(=C2)N(C2CCCC2)CC3)cc1,C1=CC=C2CSC2=NC=C(c2ccccc2)C=C2CNCCC(CCC=C1)CCN2C1CCCC1,pass,,verified_against_source_scheme_and_formula,not_all_schemes_redrawn_in_this_audit
ZZMUKOHGPLYJED-UHFFFAOYSA-N,CCN(CC)Cc1cc(N(c2cc(C)nc3cc(Cl)ccc23)S(=O)(=O)c2ccc(Cl)cc2)ccc1O,ZZMUKOHGPLYJED-UHFFFAOYSA-N,C27H27Cl2N3O3S,544.504,input_canonicalized,parsed_but_not_independently_identity_verified,False,CHEMBL3402627,C27H27Cl2N3O3S,544.5040000000002,CCN(CC)Cc1cc(N(c2cc(C)nc3cc(Cl)ccc23)S(=O)(=O)c2ccc(Cl)cc2)ccc1O,O=S(=O)(c1ccccc1)N(c1ccccc1)c1ccnc2ccccc12,pass,,parsed_but_not_independently_identity_verified,not_all_schemes_redrawn_in_this_audit
