compound_key,canonical_smiles,inchi_key,molecular_formula,molecular_weight,structure_source,structure_verification,identity_verified,first_seen_compound_id
AMIPNMOIENOTCR-UHFFFAOYSA-N,COc1ccc(-c2cnc(SCc3ccccc3)c(CNCCN3CCN(C)CC3)c2)cc1F,AMIPNMOIENOTCR-UHFFFAOYSA-N,C27H33FN4OS,480.653,paper_scheme_reconstructed,verified_against_source_scheme_and_formula,True,WSA275
APMKTVCBYUVFFM-UHFFFAOYSA-N,CN(C)CCCCNCc1cc2ccccc2nc1SCc1ccccc1,APMKTVCBYUVFFM-UHFFFAOYSA-N,C23H29N3S,379.573,paper_scheme_reconstructed,verified_against_source_scheme_and_formula,True,WARD2024-8
AUXCLAOBTMCUDS-UHFFFAOYSA-N,CN1CCN(CCNCc2cc(-c3ccc(F)cc3)cnc2SCc2ccccc2)CC1,AUXCLAOBTMCUDS-UHFFFAOYSA-N,C26H31FN4S,450.627,paper_scheme_reconstructed,verified_against_source_scheme_and_formula,True,WSA273
AVMFLQZOZFHZLB-UHFFFAOYSA-N,CN1CCN(CCNCc2cc(-c3ccc(N(C)C)cc3)cnc2SCc2ccccc2)CC1,AVMFLQZOZFHZLB-UHFFFAOYSA-N,C28H37N5S,475.706,paper_scheme_reconstructed,verified_against_source_scheme_and_formula,True,WSA276
BAVNIUAXBSRCQM-UHFFFAOYSA-N,CSc1nc2ccccc2cc1CNCCCCN(C)C,BAVNIUAXBSRCQM-UHFFFAOYSA-N,C17H25N3S,303.475,paper_scheme_reconstructed,verified_against_source_scheme_and_formula,True,WARD2024-7
BIUKOUDAOJTTLM-UHFFFAOYSA-N,CCN1CCC(CCNCc2cc(-c3ccc(F)cc3F)cnc2SCc2ccccc2)CC1,BIUKOUDAOJTTLM-UHFFFAOYSA-N,C28H33F2N3S,481.656,paper_scheme_reconstructed,verified_against_source_scheme_and_formula,True,WSA308
BIVRJOXVTORWAX-DEOSSOPVSA-N,O=C(NS(=O)(=O)c1ccccc1)[C@@H]1CSc2c(C3CC3)c(Cc3cccc4ccccc34)cc(=O)n21,BIVRJOXVTORWAX-DEOSSOPVSA-N,C28H24N2O4S2,516.644,input_canonicalized,parsed_but_not_independently_identity_verified,False,CHEMBL429137
BJYUUFFIHWOTNU-UHFFFAOYSA-N,C1=CC=C2CSC2=NC=C(c2ccccc2)C=C2CNCCC(CCC=C1)CCN2C1CCCC1,BJYUUFFIHWOTNU-UHFFFAOYSA-N,C31H39N3S,485.741,paper_scheme_reconstructed,verified_against_source_scheme_and_formula,True,WSA302
BMTCMYDFINDWQK-UHFFFAOYSA-N,CSc1nc2ccccc2cc1CNCCCN(C)C,BMTCMYDFINDWQK-UHFFFAOYSA-N,C16H23N3S,289.448,paper_scheme_reconstructed,verified_against_source_scheme_and_formula,True,WARD2024-5
BYLMAFONBHVALJ-UHFFFAOYSA-N,Cc1ccc(-c2cnc(SCc3ccccc3)c(CNCc3ccc(CN4CCCC4)cc3)c2)cc1,BYLMAFONBHVALJ-UHFFFAOYSA-N,C32H35N3S,493.72,paper_scheme_reconstructed,verified_against_source_scheme_and_formula,True,WSA295
CEAZRRDELHUEMR-UHFFFAOYSA-N,CNC(C)C1CCC(N)C(OC2C(N)CC(N)C(OC3OCC(C)(O)C(NC)C3O)C2O)O1,CEAZRRDELHUEMR-UHFFFAOYSA-N,C21H43N5O7,477.603,input_canonicalized,parsed_but_not_independently_identity_verified,False,CTRL-GENTAMICIN
CJWSCOKTAUPKHM-UHFFFAOYSA-N,CCN1CCC(CNCCc2cc3ccccc3nc2SCc2ccccc2)CC1,CJWSCOKTAUPKHM-UHFFFAOYSA-N,C26H33N3S,419.638,paper_scheme_reconstructed,verified_against_source_scheme_and_formula,True,WSA236
CKJASZDKIIXJGB-UHFFFAOYSA-N,C1=CC=C2CSC2=Nc2ccccc2C=C2CCNCC(CCC=C1)CCN2C1CCCC1,CKJASZDKIIXJGB-UHFFFAOYSA-N,C29H37N3S,459.703,paper_scheme_reconstructed,verified_against_source_scheme_and_formula,True,WSA238
CXMRFZUNEWGZOD-UHFFFAOYSA-N,CCN1CCC(CCNCc2cc(-c3ccc(F)cc3)cnc2SCc2ccccc2)CC1,CXMRFZUNEWGZOD-UHFFFAOYSA-N,C28H34FN3S,463.666,paper_scheme_reconstructed,verified_against_source_scheme_and_formula,True,WSA307
CYFLBGUKERCHRN-UHFFFAOYSA-N,Fc1ccc(C2=CN=C3SCC3=CC=CC=CCCC3CCNCC(=C2)N(C2CCCC2)CC3)cc1,CYFLBGUKERCHRN-UHFFFAOYSA-N,C31H38FN3S,503.731,paper_scheme_reconstructed,verified_against_source_scheme_and_formula,True,WSA291
DCLANSSFVIGXHQ-OAQYLSRUSA-N,COC(=O)[C@@H](Cc1c[nH]c2ccccc12)NCc1cc2ccccc2nc1OC,DCLANSSFVIGXHQ-OAQYLSRUSA-N,C23H23N3O3,389.455,paper_scheme_reconstructed,verified_against_source_scheme_and_formula,True,STEED2022-18
DENDYSZGMCHDRC-UHFFFAOYSA-N,CN1CCN(CCNCc2cccnc2SCc2ccccc2)CC1,DENDYSZGMCHDRC-UHFFFAOYSA-N,C20H28N4S,356.539,paper_scheme_reconstructed,verified_against_source_scheme_and_formula,True,WSA268
DHHYTMBBZNETGO-UQKRIMTDSA-M,C[C@@H](C(=O)[O-])n1cc(C2CC2)c(Cc2cccc3ccccc23)cc1=O.[Li+],DHHYTMBBZNETGO-UQKRIMTDSA-M,C22H20LiNO3,353.347,input_canonicalized,parsed_but_not_independently_identity_verified,False,CHEMBL402410
DHQKBEDPXLHXAJ-OAQYLSRUSA-N,COC(=O)[C@@H](Cc1c[nH]c2ccccc12)NCc1cc2ccccc2nc1SC,DHQKBEDPXLHXAJ-OAQYLSRUSA-N,C23H23N3O2S,405.523,paper_scheme_reconstructed,verified_against_source_scheme_and_formula,True,STEED2022-19
DVUDEYVEBQKKMF-UHFFFAOYSA-N,CSc1nc2ccccc2cc1CNCc1ccc(CN(C)C)cc1,DVUDEYVEBQKKMF-UHFFFAOYSA-N,C21H25N3S,351.519,paper_scheme_reconstructed,verified_against_source_scheme_and_formula,True,WARD2024-1
DZMUNSHMBCIBDH-UHFFFAOYSA-N,C=CCOc1nc2ccccc2cc1C(c1cc2ccccc2nc1OCC=C)C(O)(CCN(C)C)c1ccccc1,DZMUNSHMBCIBDH-UHFFFAOYSA-N,C36H37N3O3,559.71,input_canonicalized,parsed_but_not_independently_identity_verified,False,CHEMBL3754648
FBCXCXWDAGLEIR-UHFFFAOYSA-N,CCN(CC)Cc1cc(N(c2cc(C)nc3cc(Cl)ccc23)S(=O)(=O)c2cccc(Cl)c2Cl)ccc1O,FBCXCXWDAGLEIR-UHFFFAOYSA-N,C27H26Cl3N3O3S,578.949,input_canonicalized,parsed_but_not_independently_identity_verified,False,CHEMBL3402630
FIVPERXQZKOXRV-UHFFFAOYSA-N,Brc1ccc2cc(CNCc3ccc(CN4CCCC4)cc3)c(SCc3ccccc3)nc2c1,FIVPERXQZKOXRV-UHFFFAOYSA-N,C29H30BrN3S,532.551,paper_scheme_reconstructed,verified_against_source_scheme_and_formula,True,WSA256
FJDYUBLMOSKXMT-SFHVURJKSA-N,NC(=O)[C@@H]1CSc2c(C3CC3)c(Cc3cccc4ccccc34)cc(=O)n21,FJDYUBLMOSKXMT-SFHVURJKSA-N,C22H20N2O2S,376.481,input_canonicalized,parsed_but_not_independently_identity_verified,False,CHEMBL402627
FMUGFYQFZOPACO-UHFFFAOYSA-N,BrC1=CN=C2SCC2=CC=CC=CCCC2CCNCC(=C1)N(C1CCCC1)CC2,FMUGFYQFZOPACO-UHFFFAOYSA-N,C25H34BrN3S,488.539,paper_scheme_reconstructed,verified_against_source_scheme_and_formula,True,WSA301
FPTVNOKSIHPUTA-UHFFFAOYSA-N,c1ccc(CSc2ncc(-c3ccccc3)cc2CNCc2ccc(CN3CCCC3)cc2)cc1,FPTVNOKSIHPUTA-UHFFFAOYSA-N,C31H33N3S,479.693,paper_scheme_reconstructed,verified_against_source_scheme_and_formula,True,WSA294
FSIFTUHBPHJAAD-UHFFFAOYSA-N,COc1nc2ccccc2cc1C(c1cc2ccccc2nc1OC)C(O)(CCN(C)C)c1cccc2ccccc12,FSIFTUHBPHJAAD-UHFFFAOYSA-N,C36H35N3O3,557.694,input_canonicalized,parsed_but_not_independently_identity_verified,False,CHEMBL3754673
GALJNXWUVQUDRC-UHFFFAOYSA-N,CN(C)CCCCCNCc1cc2ccccc2nc1SCc1ccccc1,GALJNXWUVQUDRC-UHFFFAOYSA-N,C24H31N3S,393.6,paper_scheme_reconstructed,verified_against_source_scheme_and_formula,True,WARD2024-10
GDIKNPZGPCUHQP-UHFFFAOYSA-N,Brc1ccc2c(c1)N=C1SCC1=CC=CC=CCCC1CCN(C3CCCC3)C(=C2)CCNC1,GDIKNPZGPCUHQP-UHFFFAOYSA-N,C29H36BrN3S,538.599,paper_scheme_reconstructed,verified_against_source_scheme_and_formula,True,WSA255
GHGVFXRKINKBLR-ARJAWSKDSA-N,CN(C)CCC(O)(c1cccc(Br)c1)C1c2cc3ccccc3nc2OCC/C=C\CCOc2nc3ccccc3cc21,GHGVFXRKINKBLR-ARJAWSKDSA-N,C36H36BrN3O3,638.606,input_canonicalized,parsed_but_not_independently_identity_verified,False,CHEMBL3753969
GIVNEPBVLZKFQD-UHFFFAOYSA-N,c1ccc(CSc2ncccc2CNCc2ccc(CN3CCCC3)cc2)cc1,GIVNEPBVLZKFQD-UHFFFAOYSA-N,C25H29N3S,403.595,paper_scheme_reconstructed,verified_against_source_scheme_and_formula,True,WSA267
GLDUIBJCIYJHOM-UHFFFAOYSA-N,CCN(CC)Cc1cc(N(c2cc(C)nc3cc(Cl)ccc23)S(=O)(=O)c2ccc(Cl)s2)ccc1O,GLDUIBJCIYJHOM-UHFFFAOYSA-N,C25H25Cl2N3O3S2,550.533,input_canonicalized,parsed_but_not_independently_identity_verified,False,CHEMBL3400982
GXYVJEJKTGYEDL-UHFFFAOYSA-N,COc1ccc(-c2cnc(SCc3ccccc3)c(CNCc3ccc(CN4CCCC4)cc3)c2)cc1F,GXYVJEJKTGYEDL-UHFFFAOYSA-N,C32H34FN3OS,527.709,paper_scheme_reconstructed,verified_against_source_scheme_and_formula,True,WSA297
HCBCVTVDQQQYPH-UHFFFAOYSA-N,COc1ccc(-c2cnc(SCc3ccccc3)c(CNCc3ccc(CN4CCCC4)cc3)c2)cc1,HCBCVTVDQQQYPH-UHFFFAOYSA-N,C32H35N3OS,509.719,paper_scheme_reconstructed,verified_against_source_scheme_and_formula,True,WSA296
HSQAOIDXEYDHQE-UHFFFAOYSA-N,c1ccc(CSc2nc3cc(-c4ccccc4)ccc3cc2CNCc2ccc(CN3CCCC3)cc2)cc1,HSQAOIDXEYDHQE-UHFFFAOYSA-N,C35H35N3S,529.753,paper_scheme_reconstructed,verified_against_source_scheme_and_formula,True,WSA269
HXWNUGNSPIOUKJ-HNNXBMFYSA-N,COC(=O)[C@H](CCSC)NCc1cc2ccccc2nc1SC,HXWNUGNSPIOUKJ-HNNXBMFYSA-N,C17H22N2O2S2,350.509,paper_scheme_reconstructed,verified_against_source_scheme_and_formula,True,STEED2022-17
IIRFHYMEOYQCBC-UHFFFAOYSA-N,CSc1nc2ccccc2cc1CNCc1ccc(N(C)C)cc1,IIRFHYMEOYQCBC-UHFFFAOYSA-N,C20H23N3S,337.492,paper_scheme_reconstructed,verified_against_source_scheme_and_formula,True,WARD2024-11
ILFUWRVDQBBTFO-UHFFFAOYSA-N,CCN1CCC(CNCCc2cc3ccc(-c4ccccc4)cc3nc2SCc2ccccc2)CC1,ILFUWRVDQBBTFO-UHFFFAOYSA-N,C32H37N3S,495.736,paper_scheme_reconstructed,verified_against_source_scheme_and_formula,True,WSA261
IXLSBDXBCUSOJH-UHFFFAOYSA-N,COc1nc2ccccc2cc1C(c1cc2ccccc2nc1OC)C(O)(CCN(C)C)c1ccc2ccccc2c1,IXLSBDXBCUSOJH-UHFFFAOYSA-N,C36H35N3O3,557.694,input_canonicalized,parsed_but_not_independently_identity_verified,False,CHEMBL3753028
IZWVLJVCXHHUOO-UHFFFAOYSA-N,Fc1ccc(-c2cnc(SCc3ccccc3)c(CNCc3ccc(CN4CCCC4)cc3)c2)cc1,IZWVLJVCXHHUOO-UHFFFAOYSA-N,C31H32FN3S,497.683,paper_scheme_reconstructed,verified_against_source_scheme_and_formula,True,WSA298
JEEVMYLVUPBCFP-UHFFFAOYSA-N,COc1nc2ccccc2cc1C(c1cc2ccccc2nc1OC)C(O)(CCN(C)C)c1cccc(Br)c1,JEEVMYLVUPBCFP-UHFFFAOYSA-N,C32H32BrN3O3,586.53,input_canonicalized,parsed_but_not_independently_identity_verified,False,CHEMBL3751877
JEOOPXHDCFWFFO-UHFFFAOYSA-N,CCN1CCC(CCNCc2cccnc2SCc2ccccc2)CC1,JEOOPXHDCFWFFO-UHFFFAOYSA-N,C22H31N3S,369.578,paper_scheme_reconstructed,verified_against_source_scheme_and_formula,True,WSA264
JHBGNEYJXHSZKP-UHFFFAOYSA-N,CC1=NC(C)=NC=C2C=CC=C(C=C1)CSc1nc3ccccc3cc1CNCC2,JHBGNEYJXHSZKP-UHFFFAOYSA-N,C25H26N4S,414.578,paper_scheme_reconstructed,verified_against_source_scheme_and_formula,True,WARD2024-20
JOQXHNZJPVGSQL-FERBBOLQSA-M,O=C([O-])[C@@H]1CSc2c(C3CC3)c(Cc3cccc4ccccc34)cc(=O)n21.[Li+],JOQXHNZJPVGSQL-FERBBOLQSA-M,C22H18LiNO3S,383.398,input_canonicalized,parsed_but_not_independently_identity_verified,False,CHEMBL261105
JWHCVPMRQDOIHA-UHFFFAOYSA-N,COc1ccc(-c2cnc(SCc3ccccc3)c(CNCCN3CCN(C)CC3)c2)cc1,JWHCVPMRQDOIHA-UHFFFAOYSA-N,C27H34N4OS,462.663,paper_scheme_reconstructed,verified_against_source_scheme_and_formula,True,WSA278
KBBWUTKWDFCECI-UHFFFAOYSA-N,c1ccc(CSc2nc3ccccc3cc2CNCc2ccc(N3CCCCC3)cc2)cc1,KBBWUTKWDFCECI-UHFFFAOYSA-N,C29H31N3S,453.655,paper_scheme_reconstructed,verified_against_source_scheme_and_formula,True,WSA248
KITXXXWYRGIPNW-UHFFFAOYSA-N,C1=CC=C2CSC2=NC=CC=C2CNCCC(CCC=C1)CCN2C1CCCC1,KITXXXWYRGIPNW-UHFFFAOYSA-N,C25H35N3S,409.643,paper_scheme_reconstructed,verified_against_source_scheme_and_formula,True,WSA265
KNMXVWXMVVIKDE-UHFFFAOYSA-N,C=CCCOc1nc2ccccc2cc1C(c1cc2ccccc2nc1OCCC=C)C(O)(CCN(C)C)c1ccc(Br)cc1,KNMXVWXMVVIKDE-UHFFFAOYSA-N,C38H40BrN3O3,666.66,input_canonicalized,parsed_but_not_independently_identity_verified,False,CHEMBL3751865
KWYNWDLARNYFPR-UHFFFAOYSA-N,CN1CCN(CCNCc2cc(-c3ccccc3)cnc2SCc2ccccc2)CC1,KWYNWDLARNYFPR-UHFFFAOYSA-N,C26H32N4S,432.637,paper_scheme_reconstructed,verified_against_source_scheme_and_formula,True,WSA277
LAFSNTSKJXQUGQ-UHFFFAOYSA-N,COc1ccc(C2=CN=C3SCC3=CC=CC=CCCC3CCNCC(=C2)N(C2CCCC2)CC3)cc1F,LAFSNTSKJXQUGQ-UHFFFAOYSA-N,C32H40FN3OS,533.757,paper_scheme_reconstructed,verified_against_source_scheme_and_formula,True,WSA290
LKLACXNGVWXYAW-UHFFFAOYSA-N,CN(C)CCCNCc1cc2ccccc2nc1SCc1ccccc1,LKLACXNGVWXYAW-UHFFFAOYSA-N,C22H27N3S,365.546,paper_scheme_reconstructed,verified_against_source_scheme_and_formula,True,WARD2024-6
LLKLWYWYWKDHMZ-UHFFFAOYSA-N,CN(C)CC1=CC=C2C=CC=C(C=CC=C1)CSc1nc3ccccc3cc1CNC2,LLKLWYWYWKDHMZ-UHFFFAOYSA-N,C27H29N3S,427.617,paper_scheme_reconstructed,verified_against_source_scheme_and_formula,True,WARD2024-2
MISXPGZSFAATQD-UHFFFAOYSA-N,CSc1nc2ccccc2cc1CNCCC1CCN(C2CCCC2)CC1,MISXPGZSFAATQD-UHFFFAOYSA-N,C23H33N3S,383.605,paper_scheme_reconstructed,verified_against_source_scheme_and_formula,True,WARD2024-15
MNULEGDCPYONBU-AWJDAWNUSA-N,CC[C@H]1/C=C/C=C/C[C@@H](C)[C@H](O)[C@@](C)(O)C(=O)[C@@H](C)[C@H](O)[C@@H](C)C(=O)[C@@H](C)[C@H](O)[C@@H](C)/C=C/C(=O)O[C@@H]2[C@H](C)[C@H](CC1)O[C@]1(CC[C@H](C)[C@H](C[C@@H](C)O)O1)[C@H]2C,MNULEGDCPYONBU-AWJDAWNUSA-N,C45H74O11,791.076,input_canonicalized,parsed_but_not_independently_identity_verified,False,CTRL-OLIGOMYCIN-A
NCHOSMRPPKEPLR-UHFFFAOYSA-N,COc1cc2nc(SCc3ccccc3)c(CNCCN3CCN(C)CC3)cc2c(OC)c1OC,NCHOSMRPPKEPLR-UHFFFAOYSA-N,C27H36N4O3S,496.677,paper_scheme_reconstructed,verified_against_source_scheme_and_formula,True,WSA253
NGGZHFTWSXZZMZ-UHFFFAOYSA-N,CCN(CC)Cc1cc(N(c2cc(C)nc3cc(Cl)ccc23)S(=O)(=O)c2ccc(Cl)cc2Cl)ccc1O,NGGZHFTWSXZZMZ-UHFFFAOYSA-N,C27H26Cl3N3O3S,578.949,input_canonicalized,parsed_but_not_independently_identity_verified,False,CHEMBL3402631
NHYRGJGOYHRCHP-UHFFFAOYSA-N,CN1CCN(CCNCc2cc3ccc(-c4ccccc4)cc3nc2SCc2ccccc2)CC1,NHYRGJGOYHRCHP-UHFFFAOYSA-N,C30H34N4S,482.697,paper_scheme_reconstructed,verified_against_source_scheme_and_formula,True,WSA270
NLEMREXXYUDSQL-UHFFFAOYSA-N,COc1cc2c(c(OC)c1OC)C=C1CCNCC(CCC=CC=CC=C3CSC3=N2)CCN1C1CCCC1,NLEMREXXYUDSQL-UHFFFAOYSA-N,C32H43N3O3S,549.781,paper_scheme_reconstructed,verified_against_source_scheme_and_formula,True,WSA252
NLTZNXHLSWPGMA-UHFFFAOYSA-N,CN1CCN(CCNCc2cc3ccc(Br)cc3nc2SCc2ccccc2)CC1,NLTZNXHLSWPGMA-UHFFFAOYSA-N,C24H29BrN4S,485.495,paper_scheme_reconstructed,verified_against_source_scheme_and_formula,True,WSA257
NNVGKKBOEWDJJP-IBGZPJMESA-N,CS(=O)(=O)NC(=O)[C@@H]1CSc2c(C3CC3)c(Cc3cccc4ccccc34)cc(=O)n21,NNVGKKBOEWDJJP-IBGZPJMESA-N,C23H22N2O4S2,454.573,input_canonicalized,parsed_but_not_independently_identity_verified,False,CHEMBL401701
NPEZRWZPEIGWDT-UHFFFAOYSA-N,Cc1ccc(C2=CN=C3SCC3=CC=CC=CCCC3CCNCC(=C2)N(C2CCCC2)CC3)cc1,NPEZRWZPEIGWDT-UHFFFAOYSA-N,C32H41N3S,499.768,paper_scheme_reconstructed,verified_against_source_scheme_and_formula,True,WSA289
OCURKCGQDZTRPV-UHFFFAOYSA-N,CCN(CC)Cc1cc(N(c2cc(C)nc3cc(Cl)ccc23)S(=O)(=O)c2ccc([N+](=O)[O-])cc2)ccc1O,OCURKCGQDZTRPV-UHFFFAOYSA-N,C27H27ClN4O5S,555.056,input_canonicalized,parsed_but_not_independently_identity_verified,False,CHEMBL3402629
OERRFXQQEGZCLT-UHFFFAOYSA-N,CCN1CCC(CCNCc2cc(-c3ccc(OC)cc3)cnc2SCc2ccccc2)CC1,OERRFXQQEGZCLT-UHFFFAOYSA-N,C29H37N3OS,475.702,paper_scheme_reconstructed,verified_against_source_scheme_and_formula,True,WSA305
OQBHGUMTARFMHR-UHFFFAOYSA-N,CN1C=CC=C2C=CC=C(C=C1)CSc1nc3ccccc3cc1CNCC2,OQBHGUMTARFMHR-UHFFFAOYSA-N,C24H25N3S,387.552,paper_scheme_reconstructed,verified_against_source_scheme_and_formula,True,WARD2024-18
OQFGGMRRCQCVER-UHFFFAOYSA-N,Fc1ccc(C2=CN=C3SCC3=CC=CC=CCCC3CCNCC(=C2)N(C2CCCC2)CC3)c(F)c1,OQFGGMRRCQCVER-UHFFFAOYSA-N,C31H37F2N3S,521.721,paper_scheme_reconstructed,verified_against_source_scheme_and_formula,True,WSA292
ORLAXBFWLNNFRF-UHFFFAOYSA-N,C1=CC=C2CSC2=Nc2cc(-c3ccccc3)ccc2C=C2CCNCC(CCC=C1)CCN2C1CCCC1,ORLAXBFWLNNFRF-UHFFFAOYSA-N,C35H41N3S,535.801,paper_scheme_reconstructed,verified_against_source_scheme_and_formula,True,WSA262
OSIDADUWAHRIJO-UHFFFAOYSA-N,CCN(CC)Cc1cc(N(c2cc(C)nc3cc(Cl)ccc23)S(=O)(=O)c2cc(C)cc(C)c2)ccc1O,OSIDADUWAHRIJO-UHFFFAOYSA-N,C29H32ClN3O3S,538.113,input_canonicalized,parsed_but_not_independently_identity_verified,False,CHEMBL3402635
OUUCQDAKDZWOHC-UHFFFAOYSA-N,CSc1nc2ccccc2cc1CNCCCCCN(C)C,OUUCQDAKDZWOHC-UHFFFAOYSA-N,C18H27N3S,317.502,paper_scheme_reconstructed,verified_against_source_scheme_and_formula,True,WARD2024-9
PKYJBDDPIQOPNP-UHFFFAOYSA-N,CCN1CCC(CCNCc2cc(Br)cnc2SCc2ccccc2)CC1,PKYJBDDPIQOPNP-UHFFFAOYSA-N,C22H30BrN3S,448.474,paper_scheme_reconstructed,verified_against_source_scheme_and_formula,True,WSA272
PPDXHFIWMLVDEJ-UHFFFAOYSA-N,O=c1c(NCc2ccccn2)c(-c2ccc(N3CCOCC3)cc2)c1=O,PPDXHFIWMLVDEJ-UHFFFAOYSA-N,C20H19N3O3,349.39,input_canonicalized,parsed_but_not_independently_identity_verified,False,CHEMBL4101131
PXXYITLVUSHXPN-UHFFFAOYSA-N,CSc1nc2ccccc2cc1CNCCc1cnc(C)nc1C,PXXYITLVUSHXPN-UHFFFAOYSA-N,C19H22N4S,338.48,paper_scheme_reconstructed,verified_against_source_scheme_and_formula,True,WARD2024-19
QDRJSIIKIUXVRU-UHFFFAOYSA-N,COc1nc2ccccc2cc1C(c1cc2ccccc2nc1OC)C(O)(CCN(C)C)c1ccc(Br)cc1,QDRJSIIKIUXVRU-UHFFFAOYSA-N,C32H32BrN3O3,586.53,input_canonicalized,parsed_but_not_independently_identity_verified,False,CHEMBL3754231
QOAKXIVNSVUYRQ-UHFFFAOYSA-N,COc1ccc(C2=CN=C3SCC3=CC=CC=CCCC3CCNCC(=C2)N(C2CCCC2)CC3)cc1,QOAKXIVNSVUYRQ-UHFFFAOYSA-N,C32H41N3OS,515.767,paper_scheme_reconstructed,verified_against_source_scheme_and_formula,True,WSA288
QOSSAOTZNIDXMA-UHFFFAOYSA-N,C(=NC1CCCCC1)=NC1CCCCC1,QOSSAOTZNIDXMA-UHFFFAOYSA-N,C13H22N2,206.333,input_canonicalized,parsed_but_not_independently_identity_verified,False,CHEMBL162598
QUIJNHUBAXPXFS-XLJNKUFUSA-N,COc1nc2ccc(Br)cc2cc1[C@@H](c1ccccc1)[C@@](O)(CCN(C)C)c1cccc2ccccc12,QUIJNHUBAXPXFS-XLJNKUFUSA-N,C32H31BrN2O2,555.516,input_canonicalized,parsed_but_not_independently_identity_verified,False,CTRL-BEDAQUILINE
QXQOBCBJOCQFRK-UHFFFAOYSA-N,COc1nc2ccccc2cc1C(c1cc2ccccc2nc1OC)C(O)(CCN(C)C)c1ccccc1,QXQOBCBJOCQFRK-UHFFFAOYSA-N,C32H33N3O3,507.634,input_canonicalized,parsed_but_not_independently_identity_verified,False,CHEMBL3752792
RIDDIWJTDCGXDH-NRFANRHFSA-N,COC(=O)[C@@H](NCc1cc2ccccc2nc1OCc1ccccc1)C(C)C,RIDDIWJTDCGXDH-NRFANRHFSA-N,C23H26N2O3,378.472,paper_scheme_reconstructed,verified_against_source_scheme_and_formula,True,STEED2022-15
ROJPDORYZONAPF-UHFFFAOYSA-N,COc1nc2ccccc2cc1COC(=O)Nc1ccc(CO)cc1,ROJPDORYZONAPF-UHFFFAOYSA-N,C19H18N2O4,338.363,paper_scheme_reconstructed,verified_against_source_scheme_and_formula,True,STEED2022-8
RWXRACFJDWXXDE-UHFFFAOYSA-N,CCN1CCC(CNCCc2cc3ccc(Br)cc3nc2SCc2ccccc2)CC1,RWXRACFJDWXXDE-UHFFFAOYSA-N,C26H32BrN3S,498.534,paper_scheme_reconstructed,verified_against_source_scheme_and_formula,True,WSA254
SGQDQCCZJOEXJH-UHFFFAOYSA-N,C1=CC2=NC=CNC=CC(=C1)CSc1nc3ccccc3cc1CNCC2,SGQDQCCZJOEXJH-UHFFFAOYSA-N,C22H22N4S,374.513,paper_scheme_reconstructed,verified_against_source_scheme_and_formula,True,WARD2024-22
SQOBRXGLLMOCKF-UHFFFAOYSA-N,CC1(C)CC(=O)C(=CNc2ccccc2O)C(=O)C1,SQOBRXGLLMOCKF-UHFFFAOYSA-N,C15H17NO3,259.305,input_canonicalized,parsed_but_not_independently_identity_verified,False,CHEMBL4294286
SSOJQSHUAQGPLD-UHFFFAOYSA-N,CN1CCN(CCNCc2cc3ccccc3nc2SCc2ccccc2)CC1,SSOJQSHUAQGPLD-UHFFFAOYSA-N,C24H30N4S,406.599,paper_scheme_reconstructed,verified_against_source_scheme_and_formula,True,WSA250
SVSBIDILOVJTHE-UHFFFAOYSA-N,CCN1CCC(CCNCc2cc3ccccc3nc2SC)CC1,SVSBIDILOVJTHE-UHFFFAOYSA-N,C20H29N3S,343.54,paper_scheme_reconstructed,verified_against_source_scheme_and_formula,True,WARD2024-13
TXZGGVBUNOVBHL-UHFFFAOYSA-N,C=CCOc1nc2ccccc2cc1C(c1cc2ccccc2nc1OCC=C)C(O)(CCN(C)C)c1ccc(Br)cc1,TXZGGVBUNOVBHL-UHFFFAOYSA-N,C36H36BrN3O3,638.606,input_canonicalized,parsed_but_not_independently_identity_verified,False,CHEMBL3753673
UHMXBFQXPUTOKL-UHFFFAOYSA-N,CCN1CCC(CCNCc2cc(-c3ccc(C)cc3)cnc2SCc2ccccc2)CC1,UHMXBFQXPUTOKL-UHFFFAOYSA-N,C29H37N3S,459.703,paper_scheme_reconstructed,verified_against_source_scheme_and_formula,True,WSA300
UOLLIRMONGMMAV-UHFFFAOYSA-N,CSc1nc2ccccc2cc1CNCCc1ncc[nH]1,UOLLIRMONGMMAV-UHFFFAOYSA-N,C16H18N4S,298.415,paper_scheme_reconstructed,verified_against_source_scheme_and_formula,True,WARD2024-21
UVOSDXRUYYKIMQ-UHFFFAOYSA-N,CN(C)C1=CC=C2C=CC=C(C=CC=C1)CSc1nc3ccccc3cc1CNC2,UVOSDXRUYYKIMQ-UHFFFAOYSA-N,C26H27N3S,413.59,paper_scheme_reconstructed,verified_against_source_scheme_and_formula,True,WARD2024-12
UYSBYFPUEOTVDZ-UHFFFAOYSA-N,CSc1nc2ccccc2cc1CNCCc1cccn1C,UYSBYFPUEOTVDZ-UHFFFAOYSA-N,C18H21N3S,311.454,paper_scheme_reconstructed,verified_against_source_scheme_and_formula,True,WARD2024-17
VBVMGRCNUWHODZ-UHFFFAOYSA-N,C=CCOc1nc2ccccc2cc1C(c1cc2ccccc2nc1OCC=C)C(O)(CCN(C)C)c1cccc(Br)c1,VBVMGRCNUWHODZ-UHFFFAOYSA-N,C36H36BrN3O3,638.606,input_canonicalized,parsed_but_not_independently_identity_verified,False,CHEMBL3752547
VPHZLIOARSIWRC-UHFFFAOYSA-N,CCN1CCC(CCNCc2cc(-c3ccc(OC)c(F)c3)cnc2SCc2ccccc2)CC1,VPHZLIOARSIWRC-UHFFFAOYSA-N,C29H36FN3OS,493.692,paper_scheme_reconstructed,verified_against_source_scheme_and_formula,True,WSA306
VVBRNCOBMAIGNK-GAZRNQOFSA-N,COc1ccc(/C=C2/S/C(=N/N=C/c3ccccc3O)NC2=O)cc1,VVBRNCOBMAIGNK-GAZRNQOFSA-N,C18H15N3O3S,353.403,input_canonicalized,parsed_but_not_independently_identity_verified,False,CHEMBL4560563
WDZUWGIXBFSGCL-UHFFFAOYSA-N,CN(C)CCNCc1cc2c3nc1SCC(=CC=CC=CC=2)C=CC=3,WDZUWGIXBFSGCL-UHFFFAOYSA-N,C21H25N3S,351.519,input_only,source_structure_not_resolved,False,FRAUNFELTER2023-4
WEEJBHMAXXLXSK-SFHVURJKSA-N,O=c1cc(Cc2cccc3ccccc23)c(C2CC2)c2n1[C@H](c1nnn[nH]1)CS2,WEEJBHMAXXLXSK-SFHVURJKSA-N,C22H19N5OS,401.495,input_canonicalized,parsed_but_not_independently_identity_verified,False,CHEMBL402124
WFBMDLWJDONKOF-UHFFFAOYSA-N,Brc1cnc(SCc2ccccc2)c(CNCc2ccc(CN3CCCC3)cc2)c1,WFBMDLWJDONKOF-UHFFFAOYSA-N,C25H28BrN3S,482.491,paper_scheme_reconstructed,verified_against_source_scheme_and_formula,True,WSA293
WGWNRWFMNFHBIY-SFHVURJKSA-N,O=C(NO)[C@@H]1CSc2c(C3CC3)c(Cc3cccc4ccccc34)cc(=O)n21,WGWNRWFMNFHBIY-SFHVURJKSA-N,C22H20N2O3S,392.48,input_canonicalized,parsed_but_not_independently_identity_verified,False,CHEMBL402123
WIDVPHSBAXLSEU-LJQANCHMSA-N,COC(=O)[C@@H](Cc1ccc(O)cc1)NCc1cc2ccccc2nc1SC,WIDVPHSBAXLSEU-LJQANCHMSA-N,C21H22N2O3S,382.485,paper_scheme_reconstructed,verified_against_source_scheme_and_formula,True,FRAUNFELTER2023-1
WIIZWVCIJKGZOK-RKDXNWHRSA-N,O=C(N[C@H](CO)[C@H](O)c1ccc([N+](=O)[O-])cc1)C(Cl)Cl,WIIZWVCIJKGZOK-RKDXNWHRSA-N,C11H12Cl2N2O5,323.132,input_canonicalized,parsed_but_not_independently_identity_verified,False,CHLORAMPHENICOL
WYSMMAHMVVNKNU-UHFFFAOYSA-N,CCN1CCC(CNCCc2cc3c(OC)c(OC)c(OC)cc3nc2SCc2ccccc2)CC1,WYSMMAHMVVNKNU-UHFFFAOYSA-N,C29H39N3O3S,509.716,paper_scheme_reconstructed,verified_against_source_scheme_and_formula,True,WSA251
XDWSRXVAROERCY-UHFFFAOYSA-N,CN1CCN(CCNCc2cc(-c3ccc(F)cc3F)cnc2SCc2ccccc2)CC1,XDWSRXVAROERCY-UHFFFAOYSA-N,C26H30F2N4S,468.617,paper_scheme_reconstructed,verified_against_source_scheme_and_formula,True,WSA274
XQBWCRMKNUAPEC-UHFFFAOYSA-N,Cc1ccc(-c2cnc(SCc3ccccc3)c(CNCCN3CCN(C)CC3)c2)cc1,XQBWCRMKNUAPEC-UHFFFAOYSA-N,C27H34N4S,446.664,paper_scheme_reconstructed,verified_against_source_scheme_and_formula,True,WSA280
YEMLSUARMQTHJO-UHFFFAOYSA-N,c1ccc(CSc2nc3ccccc3cc2CNCc2ccc(CN3CCCC3)cc2)cc1,YEMLSUARMQTHJO-UHFFFAOYSA-N,C29H31N3S,453.655,paper_scheme_reconstructed,verified_against_source_scheme_and_formula,True,WSA249
YLGXQCGDJLLDBJ-UHFFFAOYSA-N,CN1CCN(CCNCc2cc(Br)cnc2SCc2ccccc2)CC1,YLGXQCGDJLLDBJ-UHFFFAOYSA-N,C20H27BrN4S,435.435,paper_scheme_reconstructed,verified_against_source_scheme_and_formula,True,WSA271
ZGIDBFBSYKRZQE-UHFFFAOYSA-N,CCN1CCC(CCNCc2cc(-c3ccccc3)cnc2SCc2ccccc2)CC1,ZGIDBFBSYKRZQE-UHFFFAOYSA-N,C28H35N3S,445.676,paper_scheme_reconstructed,verified_against_source_scheme_and_formula,True,WSA304
ZMCMUCKOPVYNJN-UHFFFAOYSA-N,Fc1ccc(-c2cnc(SCc3ccccc3)c(CNCc3ccc(CN4CCCC4)cc3)c2)c(F)c1,ZMCMUCKOPVYNJN-UHFFFAOYSA-N,C31H31F2N3S,515.673,paper_scheme_reconstructed,verified_against_source_scheme_and_formula,True,WSA299
ZPDBJZFBTVCYMH-UHFFFAOYSA-N,CN(C)c1ccc(C2=CN=C3SCC3=CC=CC=CCCC3CCNCC(=C2)N(C2CCCC2)CC3)cc1,ZPDBJZFBTVCYMH-UHFFFAOYSA-N,C33H44N4S,528.81,paper_scheme_reconstructed,verified_against_source_scheme_and_formula,True,WSA303
ZZMUKOHGPLYJED-UHFFFAOYSA-N,CCN(CC)Cc1cc(N(c2cc(C)nc3cc(Cl)ccc23)S(=O)(=O)c2ccc(Cl)cc2)ccc1O,ZZMUKOHGPLYJED-UHFFFAOYSA-N,C27H27Cl2N3O3S,544.504,input_canonicalized,parsed_but_not_independently_identity_verified,False,CHEMBL3402627
