compound_key,source_compound_id,source_compound_name,doi,source_file,source_row,raw_smiles,structure_action
AMIPNMOIENOTCR-UHFFFAOYSA-N,WSA275,WSA275,10.1021/acsomega.5c06380,negative_SAR_examples.csv,39,COC1=C(F)C=C2C=C2C2=C(SCc3ccccc3)N=CCCN(C)CCN(C=C1)CCNC2,replaced_with_source_reconstruction
AMIPNMOIENOTCR-UHFFFAOYSA-N,WSA275,WSA275,10.1021/acsomega.5c06380,negative_SAR_examples.csv,40,COC1=C(F)C=C2C=C2C2=C(SCc3ccccc3)N=CCCN(C)CCN(C=C1)CCNC2,replaced_with_source_reconstruction
AMIPNMOIENOTCR-UHFFFAOYSA-N,WSA275,WSA275,10.1021/acsomega.5c06380,negative_SAR_examples.csv,41,COC1=C(F)C=C2C=C2C2=C(SCc3ccccc3)N=CCCN(C)CCN(C=C1)CCNC2,replaced_with_source_reconstruction
APMKTVCBYUVFFM-UHFFFAOYSA-N,WARD2024-8,Ward2024 compound 8,10.1021/acsmedchemlett.3c00480,ATP_target_expansion.csv,29,CN(C)CCCCNCc1cc2c3nc1SCC(=CC=CC=CC=2)C=CC=3,replaced_with_source_reconstruction
APMKTVCBYUVFFM-UHFFFAOYSA-N,WARD2024-8,Ward2024 compound 8,10.1021/acsmedchemlett.3c00480,negative_SAR_examples.csv,207,CN(C)CCCCNCc1cc2c3nc1SCC(=CC=CC=CC=2)C=CC=3,replaced_with_source_reconstruction
APMKTVCBYUVFFM-UHFFFAOYSA-N,WARD2024-8,Ward2024 compound 8,10.1021/acsmedchemlett.3c00480,negative_SAR_examples.csv,208,CN(C)CCCCNCc1cc2c3nc1SCC(=CC=CC=CC=2)C=CC=3,replaced_with_source_reconstruction
APMKTVCBYUVFFM-UHFFFAOYSA-N,WARD2024-8,Ward2024 compound 8,10.1021/acsmedchemlett.3c00480,negative_SAR_examples.csv,209,CN(C)CCCCNCc1cc2c3nc1SCC(=CC=CC=CC=2)C=CC=3,replaced_with_source_reconstruction
APMKTVCBYUVFFM-UHFFFAOYSA-N,WARD2024-8,Ward2024 compound 8,10.1021/acsmedchemlett.3c00480,negative_SAR_examples.csv,210,CN(C)CCCCNCc1cc2c3nc1SCC(=CC=CC=CC=2)C=CC=3,replaced_with_source_reconstruction
APMKTVCBYUVFFM-UHFFFAOYSA-N,WARD2024-8,Ward2024 compound 8,10.1021/acsmedchemlett.3c00480,negative_SAR_examples.csv,211,CN(C)CCCCNCc1cc2c3nc1SCC(=CC=CC=CC=2)C=CC=3,replaced_with_source_reconstruction
APMKTVCBYUVFFM-UHFFFAOYSA-N,WARD2024-8,Ward2024 compound 8,10.1021/acsmedchemlett.3c00480,negative_SAR_examples.csv,212,CN(C)CCCCNCc1cc2c3nc1SCC(=CC=CC=CC=2)C=CC=3,replaced_with_source_reconstruction
APMKTVCBYUVFFM-UHFFFAOYSA-N,WARD2024-8,Ward2024 compound 8,10.1021/acsmedchemlett.3c00480,negative_SAR_examples.csv,213,CN(C)CCCCNCc1cc2c3nc1SCC(=CC=CC=CC=2)C=CC=3,replaced_with_source_reconstruction
AUXCLAOBTMCUDS-UHFFFAOYSA-N,WSA273,WSA273,10.1021/acsomega.5c06380,negative_SAR_examples.csv,33,CN1CCC=NC(SCc2ccccc2)=C2CNCCN(C=CC(F)=CC=C3C=C32)CC1,replaced_with_source_reconstruction
AUXCLAOBTMCUDS-UHFFFAOYSA-N,WSA273,WSA273,10.1021/acsomega.5c06380,negative_SAR_examples.csv,34,CN1CCC=NC(SCc2ccccc2)=C2CNCCN(C=CC(F)=CC=C3C=C32)CC1,replaced_with_source_reconstruction
AUXCLAOBTMCUDS-UHFFFAOYSA-N,WSA273,WSA273,10.1021/acsomega.5c06380,negative_SAR_examples.csv,35,CN1CCC=NC(SCc2ccccc2)=C2CNCCN(C=CC(F)=CC=C3C=C32)CC1,replaced_with_source_reconstruction
AVMFLQZOZFHZLB-UHFFFAOYSA-N,WSA276,WSA276,10.1021/acsomega.5c06380,ATP_target_expansion.csv,4,CN1CCC=NC(SCc2ccccc2)=C2CNCCN(C=CC(N(C)C)=CC=C3C=C32)CC1,replaced_with_source_reconstruction
AVMFLQZOZFHZLB-UHFFFAOYSA-N,WSA276,WSA276,10.1021/acsomega.5c06380,negative_SAR_examples.csv,42,CN1CCC=NC(SCc2ccccc2)=C2CNCCN(C=CC(N(C)C)=CC=C3C=C32)CC1,replaced_with_source_reconstruction
AVMFLQZOZFHZLB-UHFFFAOYSA-N,WSA276,WSA276,10.1021/acsomega.5c06380,negative_SAR_examples.csv,43,CN1CCC=NC(SCc2ccccc2)=C2CNCCN(C=CC(N(C)C)=CC=C3C=C32)CC1,replaced_with_source_reconstruction
AVMFLQZOZFHZLB-UHFFFAOYSA-N,WSA276,WSA276,10.1021/acsomega.5c06380,negative_SAR_examples.csv,44,CN1CCC=NC(SCc2ccccc2)=C2CNCCN(C=CC(N(C)C)=CC=C3C=C32)CC1,replaced_with_source_reconstruction
AVMFLQZOZFHZLB-UHFFFAOYSA-N,WSA276,WSA276,10.1021/acsomega.5c06380,negative_SAR_examples.csv,45,CN1CCC=NC(SCc2ccccc2)=C2CNCCN(C=CC(N(C)C)=CC=C3C=C32)CC1,replaced_with_source_reconstruction
BAVNIUAXBSRCQM-UHFFFAOYSA-N,WARD2024-7,Ward2024 compound 7,10.1021/acsmedchemlett.3c00480,ATP_target_expansion.csv,28,CSc1nc2ccccc2cc1CNCCCCN(C)C,replaced_with_source_reconstruction
BAVNIUAXBSRCQM-UHFFFAOYSA-N,WARD2024-7,Ward2024 compound 7,10.1021/acsmedchemlett.3c00480,negative_SAR_examples.csv,201,CSc1nc2ccccc2cc1CNCCCCN(C)C,replaced_with_source_reconstruction
BAVNIUAXBSRCQM-UHFFFAOYSA-N,WARD2024-7,Ward2024 compound 7,10.1021/acsmedchemlett.3c00480,negative_SAR_examples.csv,202,CSc1nc2ccccc2cc1CNCCCCN(C)C,replaced_with_source_reconstruction
BAVNIUAXBSRCQM-UHFFFAOYSA-N,WARD2024-7,Ward2024 compound 7,10.1021/acsmedchemlett.3c00480,negative_SAR_examples.csv,203,CSc1nc2ccccc2cc1CNCCCCN(C)C,replaced_with_source_reconstruction
BAVNIUAXBSRCQM-UHFFFAOYSA-N,WARD2024-7,Ward2024 compound 7,10.1021/acsmedchemlett.3c00480,negative_SAR_examples.csv,204,CSc1nc2ccccc2cc1CNCCCCN(C)C,replaced_with_source_reconstruction
BAVNIUAXBSRCQM-UHFFFAOYSA-N,WARD2024-7,Ward2024 compound 7,10.1021/acsmedchemlett.3c00480,negative_SAR_examples.csv,205,CSc1nc2ccccc2cc1CNCCCCN(C)C,replaced_with_source_reconstruction
BAVNIUAXBSRCQM-UHFFFAOYSA-N,WARD2024-7,Ward2024 compound 7,10.1021/acsmedchemlett.3c00480,negative_SAR_examples.csv,206,CSc1nc2ccccc2cc1CNCCCCN(C)C,replaced_with_source_reconstruction
BIUKOUDAOJTTLM-UHFFFAOYSA-N,WSA308,WSA308,10.1021/acsomega.5c06380,negative_SAR_examples.csv,107,CCN1CCC=NC(SCc2ccccc2)=C2CNCCC(C=CC(F)=C(F)C=C3C=C32)CC1,replaced_with_source_reconstruction
BIUKOUDAOJTTLM-UHFFFAOYSA-N,WSA308,WSA308,10.1021/acsomega.5c06380,negative_SAR_examples.csv,108,CCN1CCC=NC(SCc2ccccc2)=C2CNCCC(C=CC(F)=C(F)C=C3C=C32)CC1,replaced_with_source_reconstruction
BIUKOUDAOJTTLM-UHFFFAOYSA-N,WSA308,WSA308,10.1021/acsomega.5c06380,negative_SAR_examples.csv,109,CCN1CCC=NC(SCc2ccccc2)=C2CNCCC(C=CC(F)=C(F)C=C3C=C32)CC1,replaced_with_source_reconstruction
BIVRJOXVTORWAX-DEOSSOPVSA-N,CHEMBL429137,CHEMBL429137,10.1016/j.bmcl.2008.05.020,ATP_target_expansion.csv,78,O=C(NS(=O)(=O)c1ccccc1)[C@@H]1CSc2c(C3CC3)c(Cc3cccc4ccccc34)cc(=O)n21,canonicalized_only
BJYUUFFIHWOTNU-UHFFFAOYSA-N,WSA302,WSA302,10.1021/acsomega.5c06380,ATP_target_expansion.csv,5,C1=CC=C2C=C2C2=C(SCc3ccccc3)N=CCCN(C3CCCC3)CCC(C=C1)CCNC2,replaced_with_source_reconstruction
BJYUUFFIHWOTNU-UHFFFAOYSA-N,WSA302,WSA302,10.1021/acsomega.5c06380,negative_SAR_examples.csv,46,C1=CC=C2C=C2C2=C(SCc3ccccc3)N=CCCN(C3CCCC3)CCC(C=C1)CCNC2,replaced_with_source_reconstruction
BJYUUFFIHWOTNU-UHFFFAOYSA-N,WSA302,WSA302,10.1021/acsomega.5c06380,negative_SAR_examples.csv,47,C1=CC=C2C=C2C2=C(SCc3ccccc3)N=CCCN(C3CCCC3)CCC(C=C1)CCNC2,replaced_with_source_reconstruction
BJYUUFFIHWOTNU-UHFFFAOYSA-N,WSA302,WSA302,10.1021/acsomega.5c06380,negative_SAR_examples.csv,48,C1=CC=C2C=C2C2=C(SCc3ccccc3)N=CCCN(C3CCCC3)CCC(C=C1)CCNC2,replaced_with_source_reconstruction
BJYUUFFIHWOTNU-UHFFFAOYSA-N,WSA302,WSA302,10.1021/acsomega.5c06380,negative_SAR_examples.csv,49,C1=CC=C2C=C2C2=C(SCc3ccccc3)N=CCCN(C3CCCC3)CCC(C=C1)CCNC2,replaced_with_source_reconstruction
BMTCMYDFINDWQK-UHFFFAOYSA-N,WARD2024-5,Ward2024 compound 5,10.1021/acsmedchemlett.3c00480,ATP_target_expansion.csv,26,CSc1nc2ccccc2cc1CNCCCN(C)C,replaced_with_source_reconstruction
BMTCMYDFINDWQK-UHFFFAOYSA-N,WARD2024-5,Ward2024 compound 5,10.1021/acsmedchemlett.3c00480,negative_SAR_examples.csv,188,CSc1nc2ccccc2cc1CNCCCN(C)C,replaced_with_source_reconstruction
BMTCMYDFINDWQK-UHFFFAOYSA-N,WARD2024-5,Ward2024 compound 5,10.1021/acsmedchemlett.3c00480,negative_SAR_examples.csv,189,CSc1nc2ccccc2cc1CNCCCN(C)C,replaced_with_source_reconstruction
BMTCMYDFINDWQK-UHFFFAOYSA-N,WARD2024-5,Ward2024 compound 5,10.1021/acsmedchemlett.3c00480,negative_SAR_examples.csv,190,CSc1nc2ccccc2cc1CNCCCN(C)C,replaced_with_source_reconstruction
BMTCMYDFINDWQK-UHFFFAOYSA-N,WARD2024-5,Ward2024 compound 5,10.1021/acsmedchemlett.3c00480,negative_SAR_examples.csv,191,CSc1nc2ccccc2cc1CNCCCN(C)C,replaced_with_source_reconstruction
BMTCMYDFINDWQK-UHFFFAOYSA-N,WARD2024-5,Ward2024 compound 5,10.1021/acsmedchemlett.3c00480,negative_SAR_examples.csv,192,CSc1nc2ccccc2cc1CNCCCN(C)C,replaced_with_source_reconstruction
BMTCMYDFINDWQK-UHFFFAOYSA-N,WARD2024-5,Ward2024 compound 5,10.1021/acsmedchemlett.3c00480,negative_SAR_examples.csv,193,CSc1nc2ccccc2cc1CNCCCN(C)C,replaced_with_source_reconstruction
BYLMAFONBHVALJ-UHFFFAOYSA-N,WSA295,WSA295,10.1021/acsomega.5c06380,negative_SAR_examples.csv,74,CC1=CC=C2C=C2C2=C(SCc3ccccc3)N=CC=CC(CN3CCCC3)=CC=C(C=C1)CNC2,replaced_with_source_reconstruction
BYLMAFONBHVALJ-UHFFFAOYSA-N,WSA295,WSA295,10.1021/acsomega.5c06380,negative_SAR_examples.csv,75,CC1=CC=C2C=C2C2=C(SCc3ccccc3)N=CC=CC(CN3CCCC3)=CC=C(C=C1)CNC2,replaced_with_source_reconstruction
BYLMAFONBHVALJ-UHFFFAOYSA-N,WSA295,WSA295,10.1021/acsomega.5c06380,negative_SAR_examples.csv,76,CC1=CC=C2C=C2C2=C(SCc3ccccc3)N=CC=CC(CN3CCCC3)=CC=C(C=C1)CNC2,replaced_with_source_reconstruction
CEAZRRDELHUEMR-UHFFFAOYSA-N,CTRL-GENTAMICIN,gentamicin,10.1021/acsinfecdis.3c00317,negative_SAR_examples.csv,325,CNC(C)C1CCC(N)C(OC2C(N)CC(N)C(OC3OCC(C)(O)C(NC)C3O)C2O)O1,canonicalized_only
CEAZRRDELHUEMR-UHFFFAOYSA-N,CTRL-GENTAMICIN,gentamicin,10.1021/acsinfecdis.3c00317,negative_SAR_examples.csv,326,CNC(C)C1CCC(N)C(OC2C(N)CC(N)C(OC3OCC(C)(O)C(NC)C3O)C2O)O1,canonicalized_only
CEAZRRDELHUEMR-UHFFFAOYSA-N,CTRL-GENTAMICIN,gentamicin,10.1021/acsinfecdis.3c00317,negative_SAR_examples.csv,327,CNC(C)C1CCC(N)C(OC2C(N)CC(N)C(OC3OCC(C)(O)C(NC)C3O)C2O)O1,canonicalized_only
CEAZRRDELHUEMR-UHFFFAOYSA-N,CTRL-GENTAMICIN,gentamicin,10.1021/acsinfecdis.3c00317,negative_SAR_examples.csv,328,CNC(C)C1CCC(N)C(OC2C(N)CC(N)C(OC3OCC(C)(O)C(NC)C3O)C2O)O1,canonicalized_only
CEAZRRDELHUEMR-UHFFFAOYSA-N,CTRL-GENTAMICIN,gentamicin,10.1021/acsinfecdis.3c00317,negative_SAR_examples.csv,329,CNC(C)C1CCC(N)C(OC2C(N)CC(N)C(OC3OCC(C)(O)C(NC)C3O)C2O)O1,canonicalized_only
CJWSCOKTAUPKHM-UHFFFAOYSA-N,WSA236,WSA236,10.1002/cmdc.202400952,ATP_target_expansion.csv,20,CCN1CCC=C2C=CC=CC=C3CSC4=NC3=CC=CC(CCNCC4=C2)CC1,replaced_with_source_reconstruction
CJWSCOKTAUPKHM-UHFFFAOYSA-N,WSA236,WSA236,10.1002/cmdc.202400952,ATP_target_expansion.csv,21,CCN1CCC=C2C=CC=CC=C3CSC4=NC3=CC=CC(CCNCC4=C2)CC1,replaced_with_source_reconstruction
CJWSCOKTAUPKHM-UHFFFAOYSA-N,WSA236,WSA236,10.1002/cmdc.202400952,negative_SAR_examples.csv,161,CCN1CCC=C2C=CC=CC=C3CSC4=NC3=CC=CC(CCNCC4=C2)CC1,replaced_with_source_reconstruction
CJWSCOKTAUPKHM-UHFFFAOYSA-N,WSA236,WSA236,10.1002/cmdc.202400952,negative_SAR_examples.csv,162,CCN1CCC=C2C=CC=CC=C3CSC4=NC3=CC=CC(CCNCC4=C2)CC1,replaced_with_source_reconstruction
CJWSCOKTAUPKHM-UHFFFAOYSA-N,WSA236,WSA236,10.1002/cmdc.202400952,negative_SAR_examples.csv,163,CCN1CCC=C2C=CC=CC=C3CSC4=NC3=CC=CC(CCNCC4=C2)CC1,replaced_with_source_reconstruction
CJWSCOKTAUPKHM-UHFFFAOYSA-N,WSA236,WSA236,10.1002/cmdc.202400952,negative_SAR_examples.csv,164,CCN1CCC=C2C=CC=CC=C3CSC4=NC3=CC=CC(CCNCC4=C2)CC1,replaced_with_source_reconstruction
CJWSCOKTAUPKHM-UHFFFAOYSA-N,WSA236,WSA236,10.1002/cmdc.202400952,negative_SAR_examples.csv,165,CCN1CCC=C2C=CC=CC=C3CSC4=NC3=CC=CC(CCNCC4=C2)CC1,replaced_with_source_reconstruction
CJWSCOKTAUPKHM-UHFFFAOYSA-N,WSA236,Ward2024 compound 14 (WSA236),10.1021/acsmedchemlett.3c00480,ATP_target_expansion.csv,34,CCN1CCC=c2cc3c4nc2=CC=CC(=CC=CC=CC(CCNC3)CC1)CS4,replaced_with_source_reconstruction
CJWSCOKTAUPKHM-UHFFFAOYSA-N,WSA236,Ward2024 compound 14 (WSA236),10.1021/acsmedchemlett.3c00480,negative_SAR_examples.csv,244,CCN1CCC=c2cc3c4nc2=CC=CC(=CC=CC=CC(CCNC3)CC1)CS4,replaced_with_source_reconstruction
CJWSCOKTAUPKHM-UHFFFAOYSA-N,WSA236,Ward2024 compound 14 (WSA236),10.1021/acsmedchemlett.3c00480,negative_SAR_examples.csv,245,CCN1CCC=c2cc3c4nc2=CC=CC(=CC=CC=CC(CCNC3)CC1)CS4,replaced_with_source_reconstruction
CJWSCOKTAUPKHM-UHFFFAOYSA-N,WSA236,Ward2024 compound 14 (WSA236),10.1021/acsmedchemlett.3c00480,negative_SAR_examples.csv,246,CCN1CCC=c2cc3c4nc2=CC=CC(=CC=CC=CC(CCNC3)CC1)CS4,replaced_with_source_reconstruction
CJWSCOKTAUPKHM-UHFFFAOYSA-N,WSA236,Ward2024 compound 14 (WSA236),10.1021/acsmedchemlett.3c00480,negative_SAR_examples.csv,247,CCN1CCC=c2cc3c4nc2=CC=CC(=CC=CC=CC(CCNC3)CC1)CS4,replaced_with_source_reconstruction
CJWSCOKTAUPKHM-UHFFFAOYSA-N,WSA236,Ward2024 compound 14 (WSA236),10.1021/acsmedchemlett.3c00480,negative_SAR_examples.csv,248,CCN1CCC=c2cc3c4nc2=CC=CC(=CC=CC=CC(CCNC3)CC1)CS4,replaced_with_source_reconstruction
CJWSCOKTAUPKHM-UHFFFAOYSA-N,WSA236,Ward2024 compound 14 (WSA236),10.1021/acsmedchemlett.3c00480,negative_SAR_examples.csv,249,CCN1CCC=c2cc3c4nc2=CC=CC(=CC=CC=CC(CCNC3)CC1)CS4,replaced_with_source_reconstruction
CJWSCOKTAUPKHM-UHFFFAOYSA-N,WSA236,Ward2024 compound 14 (WSA236),10.1021/acsmedchemlett.3c00480,negative_SAR_examples.csv,250,CCN1CCC=c2cc3c4nc2=CC=CC(=CC=CC=CC(CCNC3)CC1)CS4,replaced_with_source_reconstruction
CKJASZDKIIXJGB-UHFFFAOYSA-N,WSA238,WSA238,10.1002/cmdc.202400952,ATP_target_expansion.csv,22,C1=CC=C2CSC3=NC2=CC=CC2CCNCC3=CC3=CCCN(CC2)C(C=C1)CCCC3,replaced_with_source_reconstruction
CKJASZDKIIXJGB-UHFFFAOYSA-N,WSA238,WSA238,10.1002/cmdc.202400952,ATP_target_expansion.csv,23,C1=CC=C2CSC3=NC2=CC=CC2CCNCC3=CC3=CCCN(CC2)C(C=C1)CCCC3,replaced_with_source_reconstruction
CKJASZDKIIXJGB-UHFFFAOYSA-N,WSA238,WSA238,10.1002/cmdc.202400952,negative_SAR_examples.csv,166,C1=CC=C2CSC3=NC2=CC=CC2CCNCC3=CC3=CCCN(CC2)C(C=C1)CCCC3,replaced_with_source_reconstruction
CKJASZDKIIXJGB-UHFFFAOYSA-N,WSA238,WSA238,10.1002/cmdc.202400952,negative_SAR_examples.csv,167,C1=CC=C2CSC3=NC2=CC=CC2CCNCC3=CC3=CCCN(CC2)C(C=C1)CCCC3,replaced_with_source_reconstruction
CKJASZDKIIXJGB-UHFFFAOYSA-N,WSA238,WSA238,10.1002/cmdc.202400952,negative_SAR_examples.csv,168,C1=CC=C2CSC3=NC2=CC=CC2CCNCC3=CC3=CCCN(CC2)C(C=C1)CCCC3,replaced_with_source_reconstruction
CKJASZDKIIXJGB-UHFFFAOYSA-N,WSA238,WSA238,10.1002/cmdc.202400952,negative_SAR_examples.csv,169,C1=CC=C2CSC3=NC2=CC=CC2CCNCC3=CC3=CCCN(CC2)C(C=C1)CCCC3,replaced_with_source_reconstruction
CKJASZDKIIXJGB-UHFFFAOYSA-N,WSA238,WSA238,10.1002/cmdc.202400952,negative_SAR_examples.csv,170,C1=CC=C2CSC3=NC2=CC=CC2CCNCC3=CC3=CCCN(CC2)C(C=C1)CCCC3,replaced_with_source_reconstruction
CKJASZDKIIXJGB-UHFFFAOYSA-N,WSA238,Ward2024 compound 16 (WSA238),10.1021/acsmedchemlett.3c00480,ATP_target_expansion.csv,36,C1=CC=C2C=CC=C3N=C(SC2)C2=CC4=CCCN(CCC(C=C1)CCNC2)C3CCCC4,replaced_with_source_reconstruction
CKJASZDKIIXJGB-UHFFFAOYSA-N,WSA238,Ward2024 compound 16 (WSA238),10.1021/acsmedchemlett.3c00480,negative_SAR_examples.csv,257,C1=CC=C2C=CC=C3N=C(SC2)C2=CC4=CCCN(CCC(C=C1)CCNC2)C3CCCC4,replaced_with_source_reconstruction
CKJASZDKIIXJGB-UHFFFAOYSA-N,WSA238,Ward2024 compound 16 (WSA238),10.1021/acsmedchemlett.3c00480,negative_SAR_examples.csv,258,C1=CC=C2C=CC=C3N=C(SC2)C2=CC4=CCCN(CCC(C=C1)CCNC2)C3CCCC4,replaced_with_source_reconstruction
CKJASZDKIIXJGB-UHFFFAOYSA-N,WSA238,Ward2024 compound 16 (WSA238),10.1021/acsmedchemlett.3c00480,negative_SAR_examples.csv,259,C1=CC=C2C=CC=C3N=C(SC2)C2=CC4=CCCN(CCC(C=C1)CCNC2)C3CCCC4,replaced_with_source_reconstruction
CKJASZDKIIXJGB-UHFFFAOYSA-N,WSA238,Ward2024 compound 16 (WSA238),10.1021/acsmedchemlett.3c00480,negative_SAR_examples.csv,260,C1=CC=C2C=CC=C3N=C(SC2)C2=CC4=CCCN(CCC(C=C1)CCNC2)C3CCCC4,replaced_with_source_reconstruction
CKJASZDKIIXJGB-UHFFFAOYSA-N,WSA238,Ward2024 compound 16 (WSA238),10.1021/acsmedchemlett.3c00480,negative_SAR_examples.csv,261,C1=CC=C2C=CC=C3N=C(SC2)C2=CC4=CCCN(CCC(C=C1)CCNC2)C3CCCC4,replaced_with_source_reconstruction
CKJASZDKIIXJGB-UHFFFAOYSA-N,WSA238,Ward2024 compound 16 (WSA238),10.1021/acsmedchemlett.3c00480,negative_SAR_examples.csv,262,C1=CC=C2C=CC=C3N=C(SC2)C2=CC4=CCCN(CCC(C=C1)CCNC2)C3CCCC4,replaced_with_source_reconstruction
CKJASZDKIIXJGB-UHFFFAOYSA-N,WSA238,Ward2024 compound 16 (WSA238),10.1021/acsmedchemlett.3c00480,negative_SAR_examples.csv,263,C1=CC=C2C=CC=C3N=C(SC2)C2=CC4=CCCN(CCC(C=C1)CCNC2)C3CCCC4,replaced_with_source_reconstruction
CXMRFZUNEWGZOD-UHFFFAOYSA-N,WSA307,WSA307,10.1021/acsomega.5c06380,negative_SAR_examples.csv,104,CCN1CCC=NC(SCc2ccccc2)=C2CNCCC(C=CC(F)=CC=C3C=C32)CC1,replaced_with_source_reconstruction
CXMRFZUNEWGZOD-UHFFFAOYSA-N,WSA307,WSA307,10.1021/acsomega.5c06380,negative_SAR_examples.csv,105,CCN1CCC=NC(SCc2ccccc2)=C2CNCCC(C=CC(F)=CC=C3C=C32)CC1,replaced_with_source_reconstruction
CXMRFZUNEWGZOD-UHFFFAOYSA-N,WSA307,WSA307,10.1021/acsomega.5c06380,negative_SAR_examples.csv,106,CCN1CCC=NC(SCc2ccccc2)=C2CNCCC(C=CC(F)=CC=C3C=C32)CC1,replaced_with_source_reconstruction
CYFLBGUKERCHRN-UHFFFAOYSA-N,WSA291,WSA291,10.1021/acsomega.5c06380,negative_SAR_examples.csv,61,FC1=CC=C2C=C2C2=C(SCc3ccccc3)N=CCCN(C3CCCC3)CCC(C=C1)CCNC2,replaced_with_source_reconstruction
CYFLBGUKERCHRN-UHFFFAOYSA-N,WSA291,WSA291,10.1021/acsomega.5c06380,negative_SAR_examples.csv,62,FC1=CC=C2C=C2C2=C(SCc3ccccc3)N=CCCN(C3CCCC3)CCC(C=C1)CCNC2,replaced_with_source_reconstruction
CYFLBGUKERCHRN-UHFFFAOYSA-N,WSA291,WSA291,10.1021/acsomega.5c06380,negative_SAR_examples.csv,63,FC1=CC=C2C=C2C2=C(SCc3ccccc3)N=CCCN(C3CCCC3)CCC(C=C1)CCNC2,replaced_with_source_reconstruction
DCLANSSFVIGXHQ-OAQYLSRUSA-N,STEED2022-18,compound 18 (Steed 2022),10.1021/acsomega.2c03127,ATP_target_expansion.csv,49,COC(=O)[C@@H]1CC2=CNC3=CC=CC=C4C=C4C=C(CN1)C(OC)=NC3=CC=C2,replaced_with_source_reconstruction
DCLANSSFVIGXHQ-OAQYLSRUSA-N,STEED2022-18,compound 18 (Steed 2022),10.1021/acsomega.2c03127,negative_SAR_examples.csv,342,COC(=O)[C@@H]1CC2=CNC3=CC=CC=C4C=C4C=C(CN1)C(OC)=NC3=CC=C2,replaced_with_source_reconstruction
DCLANSSFVIGXHQ-OAQYLSRUSA-N,STEED2022-18,compound 18 (Steed 2022),10.1021/acsomega.2c03127,negative_SAR_examples.csv,343,COC(=O)[C@@H]1CC2=CNC3=CC=CC=C4C=C4C=C(CN1)C(OC)=NC3=CC=C2,replaced_with_source_reconstruction
DCLANSSFVIGXHQ-OAQYLSRUSA-N,STEED2022-18,compound 18 (Steed 2022),10.1021/acsomega.2c03127,negative_SAR_examples.csv,344,COC(=O)[C@@H]1CC2=CNC3=CC=CC=C4C=C4C=C(CN1)C(OC)=NC3=CC=C2,replaced_with_source_reconstruction
DCLANSSFVIGXHQ-OAQYLSRUSA-N,STEED2022-18,compound 18 (Steed 2022),10.1021/acsomega.2c03127,negative_SAR_examples.csv,345,COC(=O)[C@@H]1CC2=CNC3=CC=CC=C4C=C4C=C(CN1)C(OC)=NC3=CC=C2,replaced_with_source_reconstruction
DENDYSZGMCHDRC-UHFFFAOYSA-N,WSA268,WSA268,10.1021/acsomega.5c06380,negative_SAR_examples.csv,8,CN1CCC=NC(SCc2ccccc2)=C2C=CN(CCNC2)CC1,replaced_with_source_reconstruction
DENDYSZGMCHDRC-UHFFFAOYSA-N,WSA268,WSA268,10.1021/acsomega.5c06380,negative_SAR_examples.csv,9,CN1CCC=NC(SCc2ccccc2)=C2C=CN(CCNC2)CC1,replaced_with_source_reconstruction
DHHYTMBBZNETGO-UQKRIMTDSA-M,CHEMBL402410,CHEMBL402410,10.1016/j.bmcl.2008.05.020,ATP_target_expansion.csv,73,C[C@@H](C(=O)[O-])n1cc(C2CC2)c(Cc2cccc3ccccc23)cc1=O.[Li+],canonicalized_only
DHQKBEDPXLHXAJ-OAQYLSRUSA-N,STEED2022-19,compound 19 (Steed 2022),10.1021/acsomega.2c03127,ATP_target_expansion.csv,50,COC(=O)[C@@H]1CC2=CNC3=CC=CC=C4C=C4C=C(CN1)C(SC)=NC3=CC=C2,replaced_with_source_reconstruction
DHQKBEDPXLHXAJ-OAQYLSRUSA-N,STEED2022-19,compound 19 (Steed 2022),10.1021/acsomega.2c03127,negative_SAR_examples.csv,346,COC(=O)[C@@H]1CC2=CNC3=CC=CC=C4C=C4C=C(CN1)C(SC)=NC3=CC=C2,replaced_with_source_reconstruction
DHQKBEDPXLHXAJ-OAQYLSRUSA-N,STEED2022-19,compound 19 (Steed 2022),10.1021/acsomega.2c03127,negative_SAR_examples.csv,347,COC(=O)[C@@H]1CC2=CNC3=CC=CC=C4C=C4C=C(CN1)C(SC)=NC3=CC=C2,replaced_with_source_reconstruction
DHQKBEDPXLHXAJ-OAQYLSRUSA-N,STEED2022-19,compound 19 (Steed 2022),10.1021/acsomega.2c03127,negative_SAR_examples.csv,348,COC(=O)[C@@H]1CC2=CNC3=CC=CC=C4C=C4C=C(CN1)C(SC)=NC3=CC=C2,replaced_with_source_reconstruction
DHQKBEDPXLHXAJ-OAQYLSRUSA-N,STEED2022-19,compound 19 (Steed 2022),10.1021/acsomega.2c03127,negative_SAR_examples.csv,349,COC(=O)[C@@H]1CC2=CNC3=CC=CC=C4C=C4C=C(CN1)C(SC)=NC3=CC=C2,replaced_with_source_reconstruction
DVUDEYVEBQKKMF-UHFFFAOYSA-N,WARD2024-1,Ward2024 compound 1,10.1021/acsmedchemlett.3c00480,ATP_target_expansion.csv,24,CSc1nc2c3cc1CNCC(=CC=C(CN(C)C)C=CC=3)C=CC=2,replaced_with_source_reconstruction
DVUDEYVEBQKKMF-UHFFFAOYSA-N,WARD2024-1,Ward2024 compound 1,10.1021/acsmedchemlett.3c00480,negative_SAR_examples.csv,174,CSc1nc2c3cc1CNCC(=CC=C(CN(C)C)C=CC=3)C=CC=2,replaced_with_source_reconstruction
DVUDEYVEBQKKMF-UHFFFAOYSA-N,WARD2024-1,Ward2024 compound 1,10.1021/acsmedchemlett.3c00480,negative_SAR_examples.csv,175,CSc1nc2c3cc1CNCC(=CC=C(CN(C)C)C=CC=3)C=CC=2,replaced_with_source_reconstruction
DVUDEYVEBQKKMF-UHFFFAOYSA-N,WARD2024-1,Ward2024 compound 1,10.1021/acsmedchemlett.3c00480,negative_SAR_examples.csv,176,CSc1nc2c3cc1CNCC(=CC=C(CN(C)C)C=CC=3)C=CC=2,replaced_with_source_reconstruction
DVUDEYVEBQKKMF-UHFFFAOYSA-N,WARD2024-1,Ward2024 compound 1,10.1021/acsmedchemlett.3c00480,negative_SAR_examples.csv,177,CSc1nc2c3cc1CNCC(=CC=C(CN(C)C)C=CC=3)C=CC=2,replaced_with_source_reconstruction
DVUDEYVEBQKKMF-UHFFFAOYSA-N,WARD2024-1,Ward2024 compound 1,10.1021/acsmedchemlett.3c00480,negative_SAR_examples.csv,178,CSc1nc2c3cc1CNCC(=CC=C(CN(C)C)C=CC=3)C=CC=2,replaced_with_source_reconstruction
DVUDEYVEBQKKMF-UHFFFAOYSA-N,WARD2024-1,Ward2024 compound 1,10.1021/acsmedchemlett.3c00480,negative_SAR_examples.csv,179,CSc1nc2c3cc1CNCC(=CC=C(CN(C)C)C=CC=3)C=CC=2,replaced_with_source_reconstruction
DVUDEYVEBQKKMF-UHFFFAOYSA-N,WARD2024-1,Ward2024 compound 1,10.1021/acsmedchemlett.3c00480,negative_SAR_examples.csv,180,CSc1nc2c3cc1CNCC(=CC=C(CN(C)C)C=CC=3)C=CC=2,replaced_with_source_reconstruction
DZMUNSHMBCIBDH-UHFFFAOYSA-N,CHEMBL3754648,CHEMBL3754648,10.1039/C5MD00131E,ATP_target_expansion.csv,55,C=CCOc1nc2ccccc2cc1C(c1cc2ccccc2nc1OCC=C)C(O)(CCN(C)C)c1ccccc1,canonicalized_only
FBCXCXWDAGLEIR-UHFFFAOYSA-N,CHEMBL3402630,CHEMBL3402630,10.1016/j.ejmech.2019.111644,ATP_target_expansion.csv,69,CCN(CC)Cc1cc(N(c2cc(C)nc3cc(Cl)ccc23)S(=O)(=O)c2cccc(Cl)c2Cl)ccc1O,canonicalized_only
FIVPERXQZKOXRV-UHFFFAOYSA-N,WSA256,WSA256,10.1002/cmdc.202400952,negative_SAR_examples.csv,141,BrC1=CC=C2N=C3SCC2=CC=CC=CN2CCCCC4=CC=CC(=CC=C1CNCC3=C4)C2,replaced_with_source_reconstruction
FIVPERXQZKOXRV-UHFFFAOYSA-N,WSA256,WSA256,10.1002/cmdc.202400952,negative_SAR_examples.csv,142,BrC1=CC=C2N=C3SCC2=CC=CC=CN2CCCCC4=CC=CC(=CC=C1CNCC3=C4)C2,replaced_with_source_reconstruction
FIVPERXQZKOXRV-UHFFFAOYSA-N,WSA256,WSA256,10.1002/cmdc.202400952,negative_SAR_examples.csv,143,BrC1=CC=C2N=C3SCC2=CC=CC=CN2CCCCC4=CC=CC(=CC=C1CNCC3=C4)C2,replaced_with_source_reconstruction
FJDYUBLMOSKXMT-SFHVURJKSA-N,CHEMBL402627,CHEMBL402627,10.1016/j.bmcl.2008.05.020,ATP_target_expansion.csv,74,NC(=O)[C@@H]1CSc2c(C3CC3)c(Cc3cccc4ccccc34)cc(=O)n21,canonicalized_only
FMUGFYQFZOPACO-UHFFFAOYSA-N,WSA301,WSA301,10.1021/acsomega.5c06380,negative_SAR_examples.csv,16,BrC1=CC2CCNCC1=C(SCc1ccccc1)N=CCCN(C1CCCC1)CC2,replaced_with_source_reconstruction
FMUGFYQFZOPACO-UHFFFAOYSA-N,WSA301,WSA301,10.1021/acsomega.5c06380,negative_SAR_examples.csv,17,BrC1=CC2CCNCC1=C(SCc1ccccc1)N=CCCN(C1CCCC1)CC2,replaced_with_source_reconstruction
FMUGFYQFZOPACO-UHFFFAOYSA-N,WSA301,WSA301,10.1021/acsomega.5c06380,negative_SAR_examples.csv,18,BrC1=CC2CCNCC1=C(SCc1ccccc1)N=CCCN(C1CCCC1)CC2,replaced_with_source_reconstruction
FPTVNOKSIHPUTA-UHFFFAOYSA-N,WSA294,WSA294,10.1021/acsomega.5c06380,ATP_target_expansion.csv,8,C1=CC=C2C=C2C2=C(SCc3ccccc3)N=CC=CC(CN3CCCC3)=CC=C(C=C1)CNC2,replaced_with_source_reconstruction
FPTVNOKSIHPUTA-UHFFFAOYSA-N,WSA294,WSA294,10.1021/acsomega.5c06380,negative_SAR_examples.csv,70,C1=CC=C2C=C2C2=C(SCc3ccccc3)N=CC=CC(CN3CCCC3)=CC=C(C=C1)CNC2,replaced_with_source_reconstruction
FPTVNOKSIHPUTA-UHFFFAOYSA-N,WSA294,WSA294,10.1021/acsomega.5c06380,negative_SAR_examples.csv,71,C1=CC=C2C=C2C2=C(SCc3ccccc3)N=CC=CC(CN3CCCC3)=CC=C(C=C1)CNC2,replaced_with_source_reconstruction
FPTVNOKSIHPUTA-UHFFFAOYSA-N,WSA294,WSA294,10.1021/acsomega.5c06380,negative_SAR_examples.csv,72,C1=CC=C2C=C2C2=C(SCc3ccccc3)N=CC=CC(CN3CCCC3)=CC=C(C=C1)CNC2,replaced_with_source_reconstruction
FPTVNOKSIHPUTA-UHFFFAOYSA-N,WSA294,WSA294,10.1021/acsomega.5c06380,negative_SAR_examples.csv,73,C1=CC=C2C=C2C2=C(SCc3ccccc3)N=CC=CC(CN3CCCC3)=CC=C(C=C1)CNC2,replaced_with_source_reconstruction
FSIFTUHBPHJAAD-UHFFFAOYSA-N,CHEMBL3754673,CHEMBL3754673,10.1039/C5MD00131E,ATP_target_expansion.csv,61,COc1nc2ccccc2cc1C(c1cc2ccccc2nc1OC)C(O)(CCN(C)C)c1cccc2ccccc12,canonicalized_only
GALJNXWUVQUDRC-UHFFFAOYSA-N,WARD2024-10,Ward2024 compound 10,10.1021/acsmedchemlett.3c00480,ATP_target_expansion.csv,31,CN(C)CCCCCNCc1cc2c3nc1SCC(=CC=CC=CC=2)C=CC=3,replaced_with_source_reconstruction
GALJNXWUVQUDRC-UHFFFAOYSA-N,WARD2024-10,Ward2024 compound 10,10.1021/acsmedchemlett.3c00480,negative_SAR_examples.csv,220,CN(C)CCCCCNCc1cc2c3nc1SCC(=CC=CC=CC=2)C=CC=3,replaced_with_source_reconstruction
GALJNXWUVQUDRC-UHFFFAOYSA-N,WARD2024-10,Ward2024 compound 10,10.1021/acsmedchemlett.3c00480,negative_SAR_examples.csv,221,CN(C)CCCCCNCc1cc2c3nc1SCC(=CC=CC=CC=2)C=CC=3,replaced_with_source_reconstruction
GALJNXWUVQUDRC-UHFFFAOYSA-N,WARD2024-10,Ward2024 compound 10,10.1021/acsmedchemlett.3c00480,negative_SAR_examples.csv,222,CN(C)CCCCCNCc1cc2c3nc1SCC(=CC=CC=CC=2)C=CC=3,replaced_with_source_reconstruction
GALJNXWUVQUDRC-UHFFFAOYSA-N,WARD2024-10,Ward2024 compound 10,10.1021/acsmedchemlett.3c00480,negative_SAR_examples.csv,223,CN(C)CCCCCNCc1cc2c3nc1SCC(=CC=CC=CC=2)C=CC=3,replaced_with_source_reconstruction
GALJNXWUVQUDRC-UHFFFAOYSA-N,WARD2024-10,Ward2024 compound 10,10.1021/acsmedchemlett.3c00480,negative_SAR_examples.csv,224,CN(C)CCCCCNCc1cc2c3nc1SCC(=CC=CC=CC=2)C=CC=3,replaced_with_source_reconstruction
GALJNXWUVQUDRC-UHFFFAOYSA-N,WARD2024-10,Ward2024 compound 10,10.1021/acsmedchemlett.3c00480,negative_SAR_examples.csv,225,CN(C)CCCCCNCc1cc2c3nc1SCC(=CC=CC=CC=2)C=CC=3,replaced_with_source_reconstruction
GALJNXWUVQUDRC-UHFFFAOYSA-N,WARD2024-10,Ward2024 compound 10,10.1021/acsmedchemlett.3c00480,negative_SAR_examples.csv,226,CN(C)CCCCCNCc1cc2c3nc1SCC(=CC=CC=CC=2)C=CC=3,replaced_with_source_reconstruction
GDIKNPZGPCUHQP-UHFFFAOYSA-N,WSA255,WSA255,10.1002/cmdc.202400952,ATP_target_expansion.csv,16,BrC1=CC=C2N=C3SCC2=CC=CC=CC2CCCCC4=CCCN2CCC1CCNCC3=C4,replaced_with_source_reconstruction
GDIKNPZGPCUHQP-UHFFFAOYSA-N,WSA255,WSA255,10.1002/cmdc.202400952,ATP_target_expansion.csv,17,BrC1=CC=C2N=C3SCC2=CC=CC=CC2CCCCC4=CCCN2CCC1CCNCC3=C4,replaced_with_source_reconstruction
GDIKNPZGPCUHQP-UHFFFAOYSA-N,WSA255,WSA255,10.1002/cmdc.202400952,negative_SAR_examples.csv,135,BrC1=CC=C2N=C3SCC2=CC=CC=CC2CCCCC4=CCCN2CCC1CCNCC3=C4,replaced_with_source_reconstruction
GDIKNPZGPCUHQP-UHFFFAOYSA-N,WSA255,WSA255,10.1002/cmdc.202400952,negative_SAR_examples.csv,136,BrC1=CC=C2N=C3SCC2=CC=CC=CC2CCCCC4=CCCN2CCC1CCNCC3=C4,replaced_with_source_reconstruction
GDIKNPZGPCUHQP-UHFFFAOYSA-N,WSA255,WSA255,10.1002/cmdc.202400952,negative_SAR_examples.csv,137,BrC1=CC=C2N=C3SCC2=CC=CC=CC2CCCCC4=CCCN2CCC1CCNCC3=C4,replaced_with_source_reconstruction
GDIKNPZGPCUHQP-UHFFFAOYSA-N,WSA255,WSA255,10.1002/cmdc.202400952,negative_SAR_examples.csv,138,BrC1=CC=C2N=C3SCC2=CC=CC=CC2CCCCC4=CCCN2CCC1CCNCC3=C4,replaced_with_source_reconstruction
GDIKNPZGPCUHQP-UHFFFAOYSA-N,WSA255,WSA255,10.1002/cmdc.202400952,negative_SAR_examples.csv,139,BrC1=CC=C2N=C3SCC2=CC=CC=CC2CCCCC4=CCCN2CCC1CCNCC3=C4,replaced_with_source_reconstruction
GDIKNPZGPCUHQP-UHFFFAOYSA-N,WSA255,WSA255,10.1002/cmdc.202400952,negative_SAR_examples.csv,140,BrC1=CC=C2N=C3SCC2=CC=CC=CC2CCCCC4=CCCN2CCC1CCNCC3=C4,replaced_with_source_reconstruction
GHGVFXRKINKBLR-ARJAWSKDSA-N,CHEMBL3753969,CHEMBL3753969,10.1039/C5MD00131E,ATP_target_expansion.csv,62,CN(C)CCC(O)(c1cccc(Br)c1)C1c2cc3ccccc3nc2OCC/C=C\CCOc2nc3ccccc3cc21,canonicalized_only
GIVNEPBVLZKFQD-UHFFFAOYSA-N,WSA267,WSA267,10.1021/acsomega.5c06380,negative_SAR_examples.csv,6,C1=CC(CN2CCCC2)=CC=C2C=CC(=C(SCc3ccccc3)N=C1)CNC2,replaced_with_source_reconstruction
GIVNEPBVLZKFQD-UHFFFAOYSA-N,WSA267,WSA267,10.1021/acsomega.5c06380,negative_SAR_examples.csv,7,C1=CC(CN2CCCC2)=CC=C2C=CC(=C(SCc3ccccc3)N=C1)CNC2,replaced_with_source_reconstruction
GLDUIBJCIYJHOM-UHFFFAOYSA-N,CHEMBL3400982,CHEMBL3400982,10.1016/j.ejmech.2019.111644,ATP_target_expansion.csv,68,CCN(CC)Cc1cc(N(c2cc(C)nc3cc(Cl)ccc23)S(=O)(=O)c2ccc(Cl)s2)ccc1O,canonicalized_only
GXYVJEJKTGYEDL-UHFFFAOYSA-N,WSA297,WSA297,10.1021/acsomega.5c06380,ATP_target_expansion.csv,10,COC1=C(F)C=C2C=C2C2=C(SCc3ccccc3)N=CC=CC(CN3CCCC3)=CC=C(C=C1)CNC2,replaced_with_source_reconstruction
GXYVJEJKTGYEDL-UHFFFAOYSA-N,WSA297,WSA297,10.1021/acsomega.5c06380,negative_SAR_examples.csv,81,COC1=C(F)C=C2C=C2C2=C(SCc3ccccc3)N=CC=CC(CN3CCCC3)=CC=C(C=C1)CNC2,replaced_with_source_reconstruction
GXYVJEJKTGYEDL-UHFFFAOYSA-N,WSA297,WSA297,10.1021/acsomega.5c06380,negative_SAR_examples.csv,82,COC1=C(F)C=C2C=C2C2=C(SCc3ccccc3)N=CC=CC(CN3CCCC3)=CC=C(C=C1)CNC2,replaced_with_source_reconstruction
GXYVJEJKTGYEDL-UHFFFAOYSA-N,WSA297,WSA297,10.1021/acsomega.5c06380,negative_SAR_examples.csv,83,COC1=C(F)C=C2C=C2C2=C(SCc3ccccc3)N=CC=CC(CN3CCCC3)=CC=C(C=C1)CNC2,replaced_with_source_reconstruction
GXYVJEJKTGYEDL-UHFFFAOYSA-N,WSA297,WSA297,10.1021/acsomega.5c06380,negative_SAR_examples.csv,84,COC1=C(F)C=C2C=C2C2=C(SCc3ccccc3)N=CC=CC(CN3CCCC3)=CC=C(C=C1)CNC2,replaced_with_source_reconstruction
HCBCVTVDQQQYPH-UHFFFAOYSA-N,WSA296,WSA296,10.1021/acsomega.5c06380,ATP_target_expansion.csv,9,COC1=CC=C2C=C2C2=C(SCc3ccccc3)N=CC=CC(CN3CCCC3)=CC=C(C=C1)CNC2,replaced_with_source_reconstruction
HCBCVTVDQQQYPH-UHFFFAOYSA-N,WSA296,WSA296,10.1021/acsomega.5c06380,negative_SAR_examples.csv,77,COC1=CC=C2C=C2C2=C(SCc3ccccc3)N=CC=CC(CN3CCCC3)=CC=C(C=C1)CNC2,replaced_with_source_reconstruction
HCBCVTVDQQQYPH-UHFFFAOYSA-N,WSA296,WSA296,10.1021/acsomega.5c06380,negative_SAR_examples.csv,78,COC1=CC=C2C=C2C2=C(SCc3ccccc3)N=CC=CC(CN3CCCC3)=CC=C(C=C1)CNC2,replaced_with_source_reconstruction
HCBCVTVDQQQYPH-UHFFFAOYSA-N,WSA296,WSA296,10.1021/acsomega.5c06380,negative_SAR_examples.csv,79,COC1=CC=C2C=C2C2=C(SCc3ccccc3)N=CC=CC(CN3CCCC3)=CC=C(C=C1)CNC2,replaced_with_source_reconstruction
HCBCVTVDQQQYPH-UHFFFAOYSA-N,WSA296,WSA296,10.1021/acsomega.5c06380,negative_SAR_examples.csv,80,COC1=CC=C2C=C2C2=C(SCc3ccccc3)N=CC=CC(CN3CCCC3)=CC=C(C=C1)CNC2,replaced_with_source_reconstruction
HSQAOIDXEYDHQE-UHFFFAOYSA-N,WSA269,WSA269,10.1002/cmdc.202400952,negative_SAR_examples.csv,155,C1=CC=C2CSC3=NC2=CC=C(c2ccccc2)C2=CC=C4C=CC=C(C=C3CNC2)CCCCN(C=C1)C4,replaced_with_source_reconstruction
HSQAOIDXEYDHQE-UHFFFAOYSA-N,WSA269,WSA269,10.1002/cmdc.202400952,negative_SAR_examples.csv,156,C1=CC=C2CSC3=NC2=CC=C(c2ccccc2)C2=CC=C4C=CC=C(C=C3CNC2)CCCCN(C=C1)C4,replaced_with_source_reconstruction
HSQAOIDXEYDHQE-UHFFFAOYSA-N,WSA269,WSA269,10.1002/cmdc.202400952,negative_SAR_examples.csv,157,C1=CC=C2CSC3=NC2=CC=C(c2ccccc2)C2=CC=C4C=CC=C(C=C3CNC2)CCCCN(C=C1)C4,replaced_with_source_reconstruction
HXWNUGNSPIOUKJ-HNNXBMFYSA-N,STEED2022-17,compound 17 (Steed 2022),10.1021/acsomega.2c03127,ATP_target_expansion.csv,48,COC(=O)[C@H](CCSC)NCc1cc2ccccc2nc1SC,replaced_with_source_reconstruction
HXWNUGNSPIOUKJ-HNNXBMFYSA-N,STEED2022-17,compound 17 (Steed 2022),10.1021/acsomega.2c03127,negative_SAR_examples.csv,338,COC(=O)[C@H](CCSC)NCc1cc2ccccc2nc1SC,replaced_with_source_reconstruction
HXWNUGNSPIOUKJ-HNNXBMFYSA-N,STEED2022-17,compound 17 (Steed 2022),10.1021/acsomega.2c03127,negative_SAR_examples.csv,339,COC(=O)[C@H](CCSC)NCc1cc2ccccc2nc1SC,replaced_with_source_reconstruction
HXWNUGNSPIOUKJ-HNNXBMFYSA-N,STEED2022-17,compound 17 (Steed 2022),10.1021/acsomega.2c03127,negative_SAR_examples.csv,340,COC(=O)[C@H](CCSC)NCc1cc2ccccc2nc1SC,replaced_with_source_reconstruction
HXWNUGNSPIOUKJ-HNNXBMFYSA-N,STEED2022-17,compound 17 (Steed 2022),10.1021/acsomega.2c03127,negative_SAR_examples.csv,341,COC(=O)[C@H](CCSC)NCc1cc2ccccc2nc1SC,replaced_with_source_reconstruction
IIRFHYMEOYQCBC-UHFFFAOYSA-N,WARD2024-11,Ward2024 compound 11,10.1021/acsmedchemlett.3c00480,ATP_target_expansion.csv,32,CSc1nc2c3cc1CNCC(=CC=C(N(C)C)C=CC=3)C=CC=2,replaced_with_source_reconstruction
IIRFHYMEOYQCBC-UHFFFAOYSA-N,WARD2024-11,Ward2024 compound 11,10.1021/acsmedchemlett.3c00480,negative_SAR_examples.csv,227,CSc1nc2c3cc1CNCC(=CC=C(N(C)C)C=CC=3)C=CC=2,replaced_with_source_reconstruction
IIRFHYMEOYQCBC-UHFFFAOYSA-N,WARD2024-11,Ward2024 compound 11,10.1021/acsmedchemlett.3c00480,negative_SAR_examples.csv,228,CSc1nc2c3cc1CNCC(=CC=C(N(C)C)C=CC=3)C=CC=2,replaced_with_source_reconstruction
IIRFHYMEOYQCBC-UHFFFAOYSA-N,WARD2024-11,Ward2024 compound 11,10.1021/acsmedchemlett.3c00480,negative_SAR_examples.csv,229,CSc1nc2c3cc1CNCC(=CC=C(N(C)C)C=CC=3)C=CC=2,replaced_with_source_reconstruction
IIRFHYMEOYQCBC-UHFFFAOYSA-N,WARD2024-11,Ward2024 compound 11,10.1021/acsmedchemlett.3c00480,negative_SAR_examples.csv,230,CSc1nc2c3cc1CNCC(=CC=C(N(C)C)C=CC=3)C=CC=2,replaced_with_source_reconstruction
IIRFHYMEOYQCBC-UHFFFAOYSA-N,WARD2024-11,Ward2024 compound 11,10.1021/acsmedchemlett.3c00480,negative_SAR_examples.csv,231,CSc1nc2c3cc1CNCC(=CC=C(N(C)C)C=CC=3)C=CC=2,replaced_with_source_reconstruction
IIRFHYMEOYQCBC-UHFFFAOYSA-N,WARD2024-11,Ward2024 compound 11,10.1021/acsmedchemlett.3c00480,negative_SAR_examples.csv,232,CSc1nc2c3cc1CNCC(=CC=C(N(C)C)C=CC=3)C=CC=2,replaced_with_source_reconstruction
ILFUWRVDQBBTFO-UHFFFAOYSA-N,WSA261,WSA261,10.1002/cmdc.202400952,negative_SAR_examples.csv,149,CCN1CCC=C2C=CC=CC=C3CSC4=NC3=CC=C(c3ccccc3)C(CCNCC4=C2)CC1,replaced_with_source_reconstruction
ILFUWRVDQBBTFO-UHFFFAOYSA-N,WSA261,WSA261,10.1002/cmdc.202400952,negative_SAR_examples.csv,150,CCN1CCC=C2C=CC=CC=C3CSC4=NC3=CC=C(c3ccccc3)C(CCNCC4=C2)CC1,replaced_with_source_reconstruction
ILFUWRVDQBBTFO-UHFFFAOYSA-N,WSA261,WSA261,10.1002/cmdc.202400952,negative_SAR_examples.csv,151,CCN1CCC=C2C=CC=CC=C3CSC4=NC3=CC=C(c3ccccc3)C(CCNCC4=C2)CC1,replaced_with_source_reconstruction
IXLSBDXBCUSOJH-UHFFFAOYSA-N,CHEMBL3753028,CHEMBL3753028,10.1039/C5MD00131E,ATP_target_expansion.csv,59,COc1nc2ccccc2cc1C(c1cc2ccccc2nc1OC)C(O)(CCN(C)C)c1ccc2ccccc2c1,canonicalized_only
IZWVLJVCXHHUOO-UHFFFAOYSA-N,WSA298,WSA298,10.1021/acsomega.5c06380,ATP_target_expansion.csv,11,FC1=CC=C2C=C2C2=C(SCc3ccccc3)N=CC=CC(CN3CCCC3)=CC=C(C=C1)CNC2,replaced_with_source_reconstruction
IZWVLJVCXHHUOO-UHFFFAOYSA-N,WSA298,WSA298,10.1021/acsomega.5c06380,negative_SAR_examples.csv,85,FC1=CC=C2C=C2C2=C(SCc3ccccc3)N=CC=CC(CN3CCCC3)=CC=C(C=C1)CNC2,replaced_with_source_reconstruction
IZWVLJVCXHHUOO-UHFFFAOYSA-N,WSA298,WSA298,10.1021/acsomega.5c06380,negative_SAR_examples.csv,86,FC1=CC=C2C=C2C2=C(SCc3ccccc3)N=CC=CC(CN3CCCC3)=CC=C(C=C1)CNC2,replaced_with_source_reconstruction
IZWVLJVCXHHUOO-UHFFFAOYSA-N,WSA298,WSA298,10.1021/acsomega.5c06380,negative_SAR_examples.csv,87,FC1=CC=C2C=C2C2=C(SCc3ccccc3)N=CC=CC(CN3CCCC3)=CC=C(C=C1)CNC2,replaced_with_source_reconstruction
IZWVLJVCXHHUOO-UHFFFAOYSA-N,WSA298,WSA298,10.1021/acsomega.5c06380,negative_SAR_examples.csv,88,FC1=CC=C2C=C2C2=C(SCc3ccccc3)N=CC=CC(CN3CCCC3)=CC=C(C=C1)CNC2,replaced_with_source_reconstruction
JEEVMYLVUPBCFP-UHFFFAOYSA-N,CHEMBL3751877,CHEMBL3751877,10.1039/C5MD00131E,ATP_target_expansion.csv,54,COc1nc2ccccc2cc1C(c1cc2ccccc2nc1OC)C(O)(CCN(C)C)c1cccc(Br)c1,canonicalized_only
JEOOPXHDCFWFFO-UHFFFAOYSA-N,WSA264,WSA264,10.1021/acsomega.5c06380,negative_SAR_examples.csv,2,CCN1CCC=NC(SCc2ccccc2)=C2C=CC(CCNC2)CC1,replaced_with_source_reconstruction
JEOOPXHDCFWFFO-UHFFFAOYSA-N,WSA264,WSA264,10.1021/acsomega.5c06380,negative_SAR_examples.csv,3,CCN1CCC=NC(SCc2ccccc2)=C2C=CC(CCNC2)CC1,replaced_with_source_reconstruction
JHBGNEYJXHSZKP-UHFFFAOYSA-N,WARD2024-20,Ward2024 compound 20,10.1021/acsmedchemlett.3c00480,ATP_target_expansion.csv,40,CC1=CC(C)=NC=c2cc3c4nc2=CC=CC(=CC=CC=CC(=N1)CCNC3)CS4,replaced_with_source_reconstruction
JHBGNEYJXHSZKP-UHFFFAOYSA-N,WARD2024-20,Ward2024 compound 20,10.1021/acsmedchemlett.3c00480,negative_SAR_examples.csv,282,CC1=CC(C)=NC=c2cc3c4nc2=CC=CC(=CC=CC=CC(=N1)CCNC3)CS4,replaced_with_source_reconstruction
JHBGNEYJXHSZKP-UHFFFAOYSA-N,WARD2024-20,Ward2024 compound 20,10.1021/acsmedchemlett.3c00480,negative_SAR_examples.csv,283,CC1=CC(C)=NC=c2cc3c4nc2=CC=CC(=CC=CC=CC(=N1)CCNC3)CS4,replaced_with_source_reconstruction
JHBGNEYJXHSZKP-UHFFFAOYSA-N,WARD2024-20,Ward2024 compound 20,10.1021/acsmedchemlett.3c00480,negative_SAR_examples.csv,284,CC1=CC(C)=NC=c2cc3c4nc2=CC=CC(=CC=CC=CC(=N1)CCNC3)CS4,replaced_with_source_reconstruction
JHBGNEYJXHSZKP-UHFFFAOYSA-N,WARD2024-20,Ward2024 compound 20,10.1021/acsmedchemlett.3c00480,negative_SAR_examples.csv,285,CC1=CC(C)=NC=c2cc3c4nc2=CC=CC(=CC=CC=CC(=N1)CCNC3)CS4,replaced_with_source_reconstruction
JHBGNEYJXHSZKP-UHFFFAOYSA-N,WARD2024-20,Ward2024 compound 20,10.1021/acsmedchemlett.3c00480,negative_SAR_examples.csv,286,CC1=CC(C)=NC=c2cc3c4nc2=CC=CC(=CC=CC=CC(=N1)CCNC3)CS4,replaced_with_source_reconstruction
JHBGNEYJXHSZKP-UHFFFAOYSA-N,WARD2024-20,Ward2024 compound 20,10.1021/acsmedchemlett.3c00480,negative_SAR_examples.csv,287,CC1=CC(C)=NC=c2cc3c4nc2=CC=CC(=CC=CC=CC(=N1)CCNC3)CS4,replaced_with_source_reconstruction
JOQXHNZJPVGSQL-FERBBOLQSA-M,CHEMBL261105,CHEMBL261105,10.1016/j.bmcl.2008.05.020,ATP_target_expansion.csv,72,O=C([O-])[C@@H]1CSc2c(C3CC3)c(Cc3cccc4ccccc34)cc(=O)n21.[Li+],canonicalized_only
JWHCVPMRQDOIHA-UHFFFAOYSA-N,WSA278,WSA278,10.1021/acsomega.5c06380,ATP_target_expansion.csv,3,COC1=CC=C2C=C2C2=C(SCc3ccccc3)N=CCCN(C)CCN(C=C1)CCNC2,replaced_with_source_reconstruction
JWHCVPMRQDOIHA-UHFFFAOYSA-N,WSA278,WSA278,10.1021/acsomega.5c06380,negative_SAR_examples.csv,29,COC1=CC=C2C=C2C2=C(SCc3ccccc3)N=CCCN(C)CCN(C=C1)CCNC2,replaced_with_source_reconstruction
JWHCVPMRQDOIHA-UHFFFAOYSA-N,WSA278,WSA278,10.1021/acsomega.5c06380,negative_SAR_examples.csv,30,COC1=CC=C2C=C2C2=C(SCc3ccccc3)N=CCCN(C)CCN(C=C1)CCNC2,replaced_with_source_reconstruction
JWHCVPMRQDOIHA-UHFFFAOYSA-N,WSA278,WSA278,10.1021/acsomega.5c06380,negative_SAR_examples.csv,31,COC1=CC=C2C=C2C2=C(SCc3ccccc3)N=CCCN(C)CCN(C=C1)CCNC2,replaced_with_source_reconstruction
JWHCVPMRQDOIHA-UHFFFAOYSA-N,WSA278,WSA278,10.1021/acsomega.5c06380,negative_SAR_examples.csv,32,COC1=CC=C2C=C2C2=C(SCc3ccccc3)N=CCCN(C)CCN(C=C1)CCNC2,replaced_with_source_reconstruction
KBBWUTKWDFCECI-UHFFFAOYSA-N,WSA248,WSA248,10.1002/cmdc.202400952,negative_SAR_examples.csv,110,C1=CC=C2CSC3=NC2=CC=CC2=CC=C4C=CC=C(C=C3CNC2)CCCCCN4C=C1,replaced_with_source_reconstruction
KBBWUTKWDFCECI-UHFFFAOYSA-N,WSA248,WSA248,10.1002/cmdc.202400952,negative_SAR_examples.csv,111,C1=CC=C2CSC3=NC2=CC=CC2=CC=C4C=CC=C(C=C3CNC2)CCCCCN4C=C1,replaced_with_source_reconstruction
KBBWUTKWDFCECI-UHFFFAOYSA-N,WSA248,WSA248,10.1002/cmdc.202400952,negative_SAR_examples.csv,112,C1=CC=C2CSC3=NC2=CC=CC2=CC=C4C=CC=C(C=C3CNC2)CCCCCN4C=C1,replaced_with_source_reconstruction
KITXXXWYRGIPNW-UHFFFAOYSA-N,WSA265,WSA265,10.1021/acsomega.5c06380,negative_SAR_examples.csv,4,C1=CC2CCNCC1=C(SCc1ccccc1)N=CCCN(C1CCCC1)CC2,replaced_with_source_reconstruction
KITXXXWYRGIPNW-UHFFFAOYSA-N,WSA265,WSA265,10.1021/acsomega.5c06380,negative_SAR_examples.csv,5,C1=CC2CCNCC1=C(SCc1ccccc1)N=CCCN(C1CCCC1)CC2,replaced_with_source_reconstruction
KNMXVWXMVVIKDE-UHFFFAOYSA-N,CHEMBL3751865,CHEMBL3751865,10.1039/C5MD00131E,ATP_target_expansion.csv,58,C=CCCOc1nc2ccccc2cc1C(c1cc2ccccc2nc1OCCC=C)C(O)(CCN(C)C)c1ccc(Br)cc1,canonicalized_only
KWYNWDLARNYFPR-UHFFFAOYSA-N,WSA277,WSA277,10.1021/acsomega.5c06380,negative_SAR_examples.csv,22,CN1CCC=NC(SCc2ccccc2)=C2CNCCN(C=CC=CC=C3C=C32)CC1,replaced_with_source_reconstruction
KWYNWDLARNYFPR-UHFFFAOYSA-N,WSA277,WSA277,10.1021/acsomega.5c06380,negative_SAR_examples.csv,23,CN1CCC=NC(SCc2ccccc2)=C2CNCCN(C=CC=CC=C3C=C32)CC1,replaced_with_source_reconstruction
KWYNWDLARNYFPR-UHFFFAOYSA-N,WSA277,WSA277,10.1021/acsomega.5c06380,negative_SAR_examples.csv,24,CN1CCC=NC(SCc2ccccc2)=C2CNCCN(C=CC=CC=C3C=C32)CC1,replaced_with_source_reconstruction
LAFSNTSKJXQUGQ-UHFFFAOYSA-N,WSA290,WSA290,10.1021/acsomega.5c06380,negative_SAR_examples.csv,58,COC1=C(F)C=C2C=C2C2=C(SCc3ccccc3)N=CCCN(C3CCCC3)CCC(C=C1)CCNC2,replaced_with_source_reconstruction
LAFSNTSKJXQUGQ-UHFFFAOYSA-N,WSA290,WSA290,10.1021/acsomega.5c06380,negative_SAR_examples.csv,59,COC1=C(F)C=C2C=C2C2=C(SCc3ccccc3)N=CCCN(C3CCCC3)CCC(C=C1)CCNC2,replaced_with_source_reconstruction
LAFSNTSKJXQUGQ-UHFFFAOYSA-N,WSA290,WSA290,10.1021/acsomega.5c06380,negative_SAR_examples.csv,60,COC1=C(F)C=C2C=C2C2=C(SCc3ccccc3)N=CCCN(C3CCCC3)CCC(C=C1)CCNC2,replaced_with_source_reconstruction
LKLACXNGVWXYAW-UHFFFAOYSA-N,WARD2024-6,Ward2024 compound 6,10.1021/acsmedchemlett.3c00480,ATP_target_expansion.csv,27,CN(C)CCCNCc1cc2c3nc1SCC(=CC=CC=CC=2)C=CC=3,replaced_with_source_reconstruction
LKLACXNGVWXYAW-UHFFFAOYSA-N,WARD2024-6,Ward2024 compound 6,10.1021/acsmedchemlett.3c00480,negative_SAR_examples.csv,194,CN(C)CCCNCc1cc2c3nc1SCC(=CC=CC=CC=2)C=CC=3,replaced_with_source_reconstruction
LKLACXNGVWXYAW-UHFFFAOYSA-N,WARD2024-6,Ward2024 compound 6,10.1021/acsmedchemlett.3c00480,negative_SAR_examples.csv,195,CN(C)CCCNCc1cc2c3nc1SCC(=CC=CC=CC=2)C=CC=3,replaced_with_source_reconstruction
LKLACXNGVWXYAW-UHFFFAOYSA-N,WARD2024-6,Ward2024 compound 6,10.1021/acsmedchemlett.3c00480,negative_SAR_examples.csv,196,CN(C)CCCNCc1cc2c3nc1SCC(=CC=CC=CC=2)C=CC=3,replaced_with_source_reconstruction
LKLACXNGVWXYAW-UHFFFAOYSA-N,WARD2024-6,Ward2024 compound 6,10.1021/acsmedchemlett.3c00480,negative_SAR_examples.csv,197,CN(C)CCCNCc1cc2c3nc1SCC(=CC=CC=CC=2)C=CC=3,replaced_with_source_reconstruction
LKLACXNGVWXYAW-UHFFFAOYSA-N,WARD2024-6,Ward2024 compound 6,10.1021/acsmedchemlett.3c00480,negative_SAR_examples.csv,198,CN(C)CCCNCc1cc2c3nc1SCC(=CC=CC=CC=2)C=CC=3,replaced_with_source_reconstruction
LKLACXNGVWXYAW-UHFFFAOYSA-N,WARD2024-6,Ward2024 compound 6,10.1021/acsmedchemlett.3c00480,negative_SAR_examples.csv,199,CN(C)CCCNCc1cc2c3nc1SCC(=CC=CC=CC=2)C=CC=3,replaced_with_source_reconstruction
LKLACXNGVWXYAW-UHFFFAOYSA-N,WARD2024-6,Ward2024 compound 6,10.1021/acsmedchemlett.3c00480,negative_SAR_examples.csv,200,CN(C)CCCNCc1cc2c3nc1SCC(=CC=CC=CC=2)C=CC=3,replaced_with_source_reconstruction
LLKLWYWYWKDHMZ-UHFFFAOYSA-N,FRAUNFELTER2023-5,ATP Synthesis-IN-2 (IN-2); Fraunfelter2023 compound 5; Ward2024 compound 2,10.1021/acsinfecdis.3c00317,ATP_target_expansion.csv,45,CN(C)CC1=CC=C2C=CC=CC=C3C=CC=c4nc(c(cc4=CC=C1)CNC2)SC3,replaced_with_source_reconstruction
LLKLWYWYWKDHMZ-UHFFFAOYSA-N,FRAUNFELTER2023-5,ATP Synthesis-IN-2 (IN-2); Fraunfelter2023 compound 5; Ward2024 compound 2,10.1021/acsinfecdis.3c00317,negative_SAR_examples.csv,316,CN(C)CC1=CC=C2C=CC=CC=C3C=CC=c4nc(c(cc4=CC=C1)CNC2)SC3,replaced_with_source_reconstruction
LLKLWYWYWKDHMZ-UHFFFAOYSA-N,FRAUNFELTER2023-5,ATP Synthesis-IN-2 (IN-2); Fraunfelter2023 compound 5; Ward2024 compound 2,10.1021/acsinfecdis.3c00317,negative_SAR_examples.csv,317,CN(C)CC1=CC=C2C=CC=CC=C3C=CC=c4nc(c(cc4=CC=C1)CNC2)SC3,replaced_with_source_reconstruction
LLKLWYWYWKDHMZ-UHFFFAOYSA-N,FRAUNFELTER2023-5,ATP Synthesis-IN-2 (IN-2); Fraunfelter2023 compound 5; Ward2024 compound 2,10.1021/acsinfecdis.3c00317,negative_SAR_examples.csv,318,CN(C)CC1=CC=C2C=CC=CC=C3C=CC=c4nc(c(cc4=CC=C1)CNC2)SC3,replaced_with_source_reconstruction
LLKLWYWYWKDHMZ-UHFFFAOYSA-N,FRAUNFELTER2023-5,ATP Synthesis-IN-2 (IN-2); Fraunfelter2023 compound 5; Ward2024 compound 2,10.1021/acsinfecdis.3c00317,negative_SAR_examples.csv,319,CN(C)CC1=CC=C2C=CC=CC=C3C=CC=c4nc(c(cc4=CC=C1)CNC2)SC3,replaced_with_source_reconstruction
LLKLWYWYWKDHMZ-UHFFFAOYSA-N,FRAUNFELTER2023-5,ATP Synthesis-IN-2 (IN-2); Fraunfelter2023 compound 5; Ward2024 compound 2,10.1021/acsinfecdis.3c00317,negative_SAR_examples.csv,320,CN(C)CC1=CC=C2C=CC=CC=C3C=CC=c4nc(c(cc4=CC=C1)CNC2)SC3,replaced_with_source_reconstruction
LLKLWYWYWKDHMZ-UHFFFAOYSA-N,FRAUNFELTER2023-5,ATP Synthesis-IN-2 (IN-2); Fraunfelter2023 compound 5; Ward2024 compound 2,10.1021/acsinfecdis.3c00317,negative_SAR_examples.csv,321,CN(C)CC1=CC=C2C=CC=CC=C3C=CC=c4nc(c(cc4=CC=C1)CNC2)SC3,replaced_with_source_reconstruction
LLKLWYWYWKDHMZ-UHFFFAOYSA-N,FRAUNFELTER2023-5,ATP Synthesis-IN-2 (IN-2); Fraunfelter2023 compound 5; Ward2024 compound 2,10.1021/acsinfecdis.3c00317,negative_SAR_examples.csv,322,CN(C)CC1=CC=C2C=CC=CC=C3C=CC=c4nc(c(cc4=CC=C1)CNC2)SC3,replaced_with_source_reconstruction
LLKLWYWYWKDHMZ-UHFFFAOYSA-N,FRAUNFELTER2023-5,ATP Synthesis-IN-2 (IN-2); Fraunfelter2023 compound 5; Ward2024 compound 2,10.1021/acsinfecdis.3c00317,negative_SAR_examples.csv,323,CN(C)CC1=CC=C2C=CC=CC=C3C=CC=c4nc(c(cc4=CC=C1)CNC2)SC3,replaced_with_source_reconstruction
LLKLWYWYWKDHMZ-UHFFFAOYSA-N,FRAUNFELTER2023-5,ATP Synthesis-IN-2 (IN-2); Fraunfelter2023 compound 5; Ward2024 compound 2,10.1021/acsinfecdis.3c00317,negative_SAR_examples.csv,324,CN(C)CC1=CC=C2C=CC=CC=C3C=CC=c4nc(c(cc4=CC=C1)CNC2)SC3,replaced_with_source_reconstruction
LLKLWYWYWKDHMZ-UHFFFAOYSA-N,WARD2024-2,Ward2024 compound 2 (ATP Synthesis-IN-2 (IN-2); Fraunfelter2023 compound 5),10.1021/acsmedchemlett.3c00480,ATP_target_expansion.csv,25,CN(C)CC1=CC=C2C=CC=CC=C3C=CC=c4nc(c(cc4=CC=C1)CNC2)SC3,replaced_with_source_reconstruction
LLKLWYWYWKDHMZ-UHFFFAOYSA-N,WARD2024-2,Ward2024 compound 2 (ATP Synthesis-IN-2 (IN-2); Fraunfelter2023 compound 5),10.1021/acsmedchemlett.3c00480,negative_SAR_examples.csv,181,CN(C)CC1=CC=C2C=CC=CC=C3C=CC=c4nc(c(cc4=CC=C1)CNC2)SC3,replaced_with_source_reconstruction
LLKLWYWYWKDHMZ-UHFFFAOYSA-N,WARD2024-2,Ward2024 compound 2 (ATP Synthesis-IN-2 (IN-2); Fraunfelter2023 compound 5),10.1021/acsmedchemlett.3c00480,negative_SAR_examples.csv,182,CN(C)CC1=CC=C2C=CC=CC=C3C=CC=c4nc(c(cc4=CC=C1)CNC2)SC3,replaced_with_source_reconstruction
LLKLWYWYWKDHMZ-UHFFFAOYSA-N,WARD2024-2,Ward2024 compound 2 (ATP Synthesis-IN-2 (IN-2); Fraunfelter2023 compound 5),10.1021/acsmedchemlett.3c00480,negative_SAR_examples.csv,183,CN(C)CC1=CC=C2C=CC=CC=C3C=CC=c4nc(c(cc4=CC=C1)CNC2)SC3,replaced_with_source_reconstruction
LLKLWYWYWKDHMZ-UHFFFAOYSA-N,WARD2024-2,Ward2024 compound 2 (ATP Synthesis-IN-2 (IN-2); Fraunfelter2023 compound 5),10.1021/acsmedchemlett.3c00480,negative_SAR_examples.csv,184,CN(C)CC1=CC=C2C=CC=CC=C3C=CC=c4nc(c(cc4=CC=C1)CNC2)SC3,replaced_with_source_reconstruction
LLKLWYWYWKDHMZ-UHFFFAOYSA-N,WARD2024-2,Ward2024 compound 2 (ATP Synthesis-IN-2 (IN-2); Fraunfelter2023 compound 5),10.1021/acsmedchemlett.3c00480,negative_SAR_examples.csv,185,CN(C)CC1=CC=C2C=CC=CC=C3C=CC=c4nc(c(cc4=CC=C1)CNC2)SC3,replaced_with_source_reconstruction
LLKLWYWYWKDHMZ-UHFFFAOYSA-N,WARD2024-2,Ward2024 compound 2 (ATP Synthesis-IN-2 (IN-2); Fraunfelter2023 compound 5),10.1021/acsmedchemlett.3c00480,negative_SAR_examples.csv,186,CN(C)CC1=CC=C2C=CC=CC=C3C=CC=c4nc(c(cc4=CC=C1)CNC2)SC3,replaced_with_source_reconstruction
LLKLWYWYWKDHMZ-UHFFFAOYSA-N,WARD2024-2,Ward2024 compound 2 (ATP Synthesis-IN-2 (IN-2); Fraunfelter2023 compound 5),10.1021/acsmedchemlett.3c00480,negative_SAR_examples.csv,187,CN(C)CC1=CC=C2C=CC=CC=C3C=CC=c4nc(c(cc4=CC=C1)CNC2)SC3,replaced_with_source_reconstruction
MISXPGZSFAATQD-UHFFFAOYSA-N,WARD2024-15,Ward2024 compound 15,10.1021/acsmedchemlett.3c00480,ATP_target_expansion.csv,35,CSC1=NC2=CC=CC3CCNCC1=CC1=CCCN(CC3)C2CCCC1,replaced_with_source_reconstruction
MISXPGZSFAATQD-UHFFFAOYSA-N,WARD2024-15,Ward2024 compound 15,10.1021/acsmedchemlett.3c00480,negative_SAR_examples.csv,251,CSC1=NC2=CC=CC3CCNCC1=CC1=CCCN(CC3)C2CCCC1,replaced_with_source_reconstruction
MISXPGZSFAATQD-UHFFFAOYSA-N,WARD2024-15,Ward2024 compound 15,10.1021/acsmedchemlett.3c00480,negative_SAR_examples.csv,252,CSC1=NC2=CC=CC3CCNCC1=CC1=CCCN(CC3)C2CCCC1,replaced_with_source_reconstruction
MISXPGZSFAATQD-UHFFFAOYSA-N,WARD2024-15,Ward2024 compound 15,10.1021/acsmedchemlett.3c00480,negative_SAR_examples.csv,253,CSC1=NC2=CC=CC3CCNCC1=CC1=CCCN(CC3)C2CCCC1,replaced_with_source_reconstruction
MISXPGZSFAATQD-UHFFFAOYSA-N,WARD2024-15,Ward2024 compound 15,10.1021/acsmedchemlett.3c00480,negative_SAR_examples.csv,254,CSC1=NC2=CC=CC3CCNCC1=CC1=CCCN(CC3)C2CCCC1,replaced_with_source_reconstruction
MISXPGZSFAATQD-UHFFFAOYSA-N,WARD2024-15,Ward2024 compound 15,10.1021/acsmedchemlett.3c00480,negative_SAR_examples.csv,255,CSC1=NC2=CC=CC3CCNCC1=CC1=CCCN(CC3)C2CCCC1,replaced_with_source_reconstruction
MISXPGZSFAATQD-UHFFFAOYSA-N,WARD2024-15,Ward2024 compound 15,10.1021/acsmedchemlett.3c00480,negative_SAR_examples.csv,256,CSC1=NC2=CC=CC3CCNCC1=CC1=CCCN(CC3)C2CCCC1,replaced_with_source_reconstruction
MNULEGDCPYONBU-AWJDAWNUSA-N,CTRL-OLIGOMYCIN-A,oligomycin A,10.1038/s42003-020-01173-z,ATP_target_expansion.csv,80,CC[C@H]1/C=C/C=C/C[C@@H](C)[C@H](O)[C@@](C)(O)C(=O)[C@@H](C)[C@H](O)[C@@H](C)C(=O)[C@@H](C)[C@H](O)[C@@H](C)/C=C/C(=O)O[C@@H]2[C@H](C)[C@H](CC1)O[C@]1(CC[C@H](C)[C@H](C[C@@H](C)O)O1)[C@H]2C,canonicalized_only
MNULEGDCPYONBU-AWJDAWNUSA-N,CTRL-OLIGOMYCIN-A,oligomycin A,10.1038/s42003-020-01173-z,ATP_target_expansion.csv,82,CC[C@H]1/C=C/C=C/C[C@@H](C)[C@H](O)[C@@](C)(O)C(=O)[C@@H](C)[C@H](O)[C@@H](C)C(=O)[C@@H](C)[C@H](O)[C@@H](C)/C=C/C(=O)O[C@@H]2[C@H](C)[C@H](CC1)O[C@]1(CC[C@H](C)[C@H](C[C@@H](C)O)O1)[C@H]2C,canonicalized_only
MNULEGDCPYONBU-AWJDAWNUSA-N,CTRL-OLIGOMYCIN-A,oligomycin A,10.1038/s42003-020-01173-z,ATP_target_expansion.csv,84,CC[C@H]1/C=C/C=C/C[C@@H](C)[C@H](O)[C@@](C)(O)C(=O)[C@@H](C)[C@H](O)[C@@H](C)C(=O)[C@@H](C)[C@H](O)[C@@H](C)/C=C/C(=O)O[C@@H]2[C@H](C)[C@H](CC1)O[C@]1(CC[C@H](C)[C@H](C[C@@H](C)O)O1)[C@H]2C,canonicalized_only
MNULEGDCPYONBU-AWJDAWNUSA-N,CTRL-OLIGOMYCIN-A,oligomycin A,10.1038/s42003-020-01173-z,ATP_target_expansion.csv,86,CC[C@H]1/C=C/C=C/C[C@@H](C)[C@H](O)[C@@](C)(O)C(=O)[C@@H](C)[C@H](O)[C@@H](C)C(=O)[C@@H](C)[C@H](O)[C@@H](C)/C=C/C(=O)O[C@@H]2[C@H](C)[C@H](CC1)O[C@]1(CC[C@H](C)[C@H](C[C@@H](C)O)O1)[C@H]2C,canonicalized_only
NCHOSMRPPKEPLR-UHFFFAOYSA-N,WSA253,WSA253,10.1002/cmdc.202400952,negative_SAR_examples.csv,129,COC1=C2N=C3SCC2=CC=CC=CC2=CCCN(C)CCN(CCNCC3=C2)C(OC)=C1OC,replaced_with_source_reconstruction
NCHOSMRPPKEPLR-UHFFFAOYSA-N,WSA253,WSA253,10.1002/cmdc.202400952,negative_SAR_examples.csv,130,COC1=C2N=C3SCC2=CC=CC=CC2=CCCN(C)CCN(CCNCC3=C2)C(OC)=C1OC,replaced_with_source_reconstruction
NCHOSMRPPKEPLR-UHFFFAOYSA-N,WSA253,WSA253,10.1002/cmdc.202400952,negative_SAR_examples.csv,131,COC1=C2N=C3SCC2=CC=CC=CC2=CCCN(C)CCN(CCNCC3=C2)C(OC)=C1OC,replaced_with_source_reconstruction
NGGZHFTWSXZZMZ-UHFFFAOYSA-N,CHEMBL3402631,CHEMBL3402631,10.1016/j.ejmech.2019.111644,ATP_target_expansion.csv,67,CCN(CC)Cc1cc(N(c2cc(C)nc3cc(Cl)ccc23)S(=O)(=O)c2ccc(Cl)cc2Cl)ccc1O,canonicalized_only
NHYRGJGOYHRCHP-UHFFFAOYSA-N,WSA270,WSA270,10.1002/cmdc.202400952,negative_SAR_examples.csv,158,CN1CCC=C2C=CC=CC=C3CSC4=NC3=CC=C(c3ccccc3)N(CCNCC4=C2)CC1,replaced_with_source_reconstruction
NHYRGJGOYHRCHP-UHFFFAOYSA-N,WSA270,WSA270,10.1002/cmdc.202400952,negative_SAR_examples.csv,159,CN1CCC=C2C=CC=CC=C3CSC4=NC3=CC=C(c3ccccc3)N(CCNCC4=C2)CC1,replaced_with_source_reconstruction
NHYRGJGOYHRCHP-UHFFFAOYSA-N,WSA270,WSA270,10.1002/cmdc.202400952,negative_SAR_examples.csv,160,CN1CCC=C2C=CC=CC=C3CSC4=NC3=CC=C(c3ccccc3)N(CCNCC4=C2)CC1,replaced_with_source_reconstruction
NLEMREXXYUDSQL-UHFFFAOYSA-N,WSA252,WSA252,10.1002/cmdc.202400952,negative_SAR_examples.csv,126,COC1=C2N=C3SCC2=CC=CC=CC2CCCCC4=CCCN2CCC(CCNCC3=C4)C(OC)=C1OC,replaced_with_source_reconstruction
NLEMREXXYUDSQL-UHFFFAOYSA-N,WSA252,WSA252,10.1002/cmdc.202400952,negative_SAR_examples.csv,127,COC1=C2N=C3SCC2=CC=CC=CC2CCCCC4=CCCN2CCC(CCNCC3=C4)C(OC)=C1OC,replaced_with_source_reconstruction
NLEMREXXYUDSQL-UHFFFAOYSA-N,WSA252,WSA252,10.1002/cmdc.202400952,negative_SAR_examples.csv,128,COC1=C2N=C3SCC2=CC=CC=CC2CCCCC4=CCCN2CCC(CCNCC3=C4)C(OC)=C1OC,replaced_with_source_reconstruction
NLTZNXHLSWPGMA-UHFFFAOYSA-N,WSA257,WSA257,10.1002/cmdc.202400952,ATP_target_expansion.csv,18,CN1CCC=C2C=CC=CC=C3CSC4=NC3=CC=C(Br)N(CCNCC4=C2)CC1,replaced_with_source_reconstruction
NLTZNXHLSWPGMA-UHFFFAOYSA-N,WSA257,WSA257,10.1002/cmdc.202400952,ATP_target_expansion.csv,19,CN1CCC=C2C=CC=CC=C3CSC4=NC3=CC=C(Br)N(CCNCC4=C2)CC1,replaced_with_source_reconstruction
NLTZNXHLSWPGMA-UHFFFAOYSA-N,WSA257,WSA257,10.1002/cmdc.202400952,negative_SAR_examples.csv,144,CN1CCC=C2C=CC=CC=C3CSC4=NC3=CC=C(Br)N(CCNCC4=C2)CC1,replaced_with_source_reconstruction
NLTZNXHLSWPGMA-UHFFFAOYSA-N,WSA257,WSA257,10.1002/cmdc.202400952,negative_SAR_examples.csv,145,CN1CCC=C2C=CC=CC=C3CSC4=NC3=CC=C(Br)N(CCNCC4=C2)CC1,replaced_with_source_reconstruction
NLTZNXHLSWPGMA-UHFFFAOYSA-N,WSA257,WSA257,10.1002/cmdc.202400952,negative_SAR_examples.csv,146,CN1CCC=C2C=CC=CC=C3CSC4=NC3=CC=C(Br)N(CCNCC4=C2)CC1,replaced_with_source_reconstruction
NLTZNXHLSWPGMA-UHFFFAOYSA-N,WSA257,WSA257,10.1002/cmdc.202400952,negative_SAR_examples.csv,147,CN1CCC=C2C=CC=CC=C3CSC4=NC3=CC=C(Br)N(CCNCC4=C2)CC1,replaced_with_source_reconstruction
NLTZNXHLSWPGMA-UHFFFAOYSA-N,WSA257,WSA257,10.1002/cmdc.202400952,negative_SAR_examples.csv,148,CN1CCC=C2C=CC=CC=C3CSC4=NC3=CC=C(Br)N(CCNCC4=C2)CC1,replaced_with_source_reconstruction
NNVGKKBOEWDJJP-IBGZPJMESA-N,CHEMBL401701,CHEMBL401701,10.1016/j.bmcl.2008.05.020,ATP_target_expansion.csv,77,CS(=O)(=O)NC(=O)[C@@H]1CSc2c(C3CC3)c(Cc3cccc4ccccc34)cc(=O)n21,canonicalized_only
NPEZRWZPEIGWDT-UHFFFAOYSA-N,WSA289,WSA289,10.1021/acsomega.5c06380,ATP_target_expansion.csv,7,CC1=CC=C2C=C2C2=C(SCc3ccccc3)N=CCCN(C3CCCC3)CCC(C=C1)CCNC2,replaced_with_source_reconstruction
NPEZRWZPEIGWDT-UHFFFAOYSA-N,WSA289,WSA289,10.1021/acsomega.5c06380,negative_SAR_examples.csv,54,CC1=CC=C2C=C2C2=C(SCc3ccccc3)N=CCCN(C3CCCC3)CCC(C=C1)CCNC2,replaced_with_source_reconstruction
NPEZRWZPEIGWDT-UHFFFAOYSA-N,WSA289,WSA289,10.1021/acsomega.5c06380,negative_SAR_examples.csv,55,CC1=CC=C2C=C2C2=C(SCc3ccccc3)N=CCCN(C3CCCC3)CCC(C=C1)CCNC2,replaced_with_source_reconstruction
NPEZRWZPEIGWDT-UHFFFAOYSA-N,WSA289,WSA289,10.1021/acsomega.5c06380,negative_SAR_examples.csv,56,CC1=CC=C2C=C2C2=C(SCc3ccccc3)N=CCCN(C3CCCC3)CCC(C=C1)CCNC2,replaced_with_source_reconstruction
NPEZRWZPEIGWDT-UHFFFAOYSA-N,WSA289,WSA289,10.1021/acsomega.5c06380,negative_SAR_examples.csv,57,CC1=CC=C2C=C2C2=C(SCc3ccccc3)N=CCCN(C3CCCC3)CCC(C=C1)CCNC2,replaced_with_source_reconstruction
OCURKCGQDZTRPV-UHFFFAOYSA-N,CHEMBL3402629,CHEMBL3402629,10.1016/j.ejmech.2019.111644,ATP_target_expansion.csv,70,CCN(CC)Cc1cc(N(c2cc(C)nc3cc(Cl)ccc23)S(=O)(=O)c2ccc([N+](=O)[O-])cc2)ccc1O,canonicalized_only
OERRFXQQEGZCLT-UHFFFAOYSA-N,WSA305,WSA305,10.1021/acsomega.5c06380,negative_SAR_examples.csv,98,CCN1CCC=NC(SCc2ccccc2)=C2CNCCC(C=CC(OC)=CC=C3C=C32)CC1,replaced_with_source_reconstruction
OERRFXQQEGZCLT-UHFFFAOYSA-N,WSA305,WSA305,10.1021/acsomega.5c06380,negative_SAR_examples.csv,99,CCN1CCC=NC(SCc2ccccc2)=C2CNCCC(C=CC(OC)=CC=C3C=C32)CC1,replaced_with_source_reconstruction
OERRFXQQEGZCLT-UHFFFAOYSA-N,WSA305,WSA305,10.1021/acsomega.5c06380,negative_SAR_examples.csv,100,CCN1CCC=NC(SCc2ccccc2)=C2CNCCC(C=CC(OC)=CC=C3C=C32)CC1,replaced_with_source_reconstruction
OQBHGUMTARFMHR-UHFFFAOYSA-N,WARD2024-18,Ward2024 compound 18,10.1021/acsmedchemlett.3c00480,ATP_target_expansion.csv,38,CN1C=CC=C2C=CC=CC=C3C=CC=c4nc(c(cc4=C1)CNCC2)SC3,replaced_with_source_reconstruction
OQBHGUMTARFMHR-UHFFFAOYSA-N,WARD2024-18,Ward2024 compound 18,10.1021/acsmedchemlett.3c00480,negative_SAR_examples.csv,270,CN1C=CC=C2C=CC=CC=C3C=CC=c4nc(c(cc4=C1)CNCC2)SC3,replaced_with_source_reconstruction
OQBHGUMTARFMHR-UHFFFAOYSA-N,WARD2024-18,Ward2024 compound 18,10.1021/acsmedchemlett.3c00480,negative_SAR_examples.csv,271,CN1C=CC=C2C=CC=CC=C3C=CC=c4nc(c(cc4=C1)CNCC2)SC3,replaced_with_source_reconstruction
OQBHGUMTARFMHR-UHFFFAOYSA-N,WARD2024-18,Ward2024 compound 18,10.1021/acsmedchemlett.3c00480,negative_SAR_examples.csv,272,CN1C=CC=C2C=CC=CC=C3C=CC=c4nc(c(cc4=C1)CNCC2)SC3,replaced_with_source_reconstruction
OQBHGUMTARFMHR-UHFFFAOYSA-N,WARD2024-18,Ward2024 compound 18,10.1021/acsmedchemlett.3c00480,negative_SAR_examples.csv,273,CN1C=CC=C2C=CC=CC=C3C=CC=c4nc(c(cc4=C1)CNCC2)SC3,replaced_with_source_reconstruction
OQBHGUMTARFMHR-UHFFFAOYSA-N,WARD2024-18,Ward2024 compound 18,10.1021/acsmedchemlett.3c00480,negative_SAR_examples.csv,274,CN1C=CC=C2C=CC=CC=C3C=CC=c4nc(c(cc4=C1)CNCC2)SC3,replaced_with_source_reconstruction
OQBHGUMTARFMHR-UHFFFAOYSA-N,WARD2024-18,Ward2024 compound 18,10.1021/acsmedchemlett.3c00480,negative_SAR_examples.csv,275,CN1C=CC=C2C=CC=CC=C3C=CC=c4nc(c(cc4=C1)CNCC2)SC3,replaced_with_source_reconstruction
OQFGGMRRCQCVER-UHFFFAOYSA-N,WSA292,WSA292,10.1021/acsomega.5c06380,negative_SAR_examples.csv,64,FC1=C(F)C=C2C=C2C2=C(SCc3ccccc3)N=CCCN(C3CCCC3)CCC(C=C1)CCNC2,replaced_with_source_reconstruction
OQFGGMRRCQCVER-UHFFFAOYSA-N,WSA292,WSA292,10.1021/acsomega.5c06380,negative_SAR_examples.csv,65,FC1=C(F)C=C2C=C2C2=C(SCc3ccccc3)N=CCCN(C3CCCC3)CCC(C=C1)CCNC2,replaced_with_source_reconstruction
OQFGGMRRCQCVER-UHFFFAOYSA-N,WSA292,WSA292,10.1021/acsomega.5c06380,negative_SAR_examples.csv,66,FC1=C(F)C=C2C=C2C2=C(SCc3ccccc3)N=CCCN(C3CCCC3)CCC(C=C1)CCNC2,replaced_with_source_reconstruction
ORLAXBFWLNNFRF-UHFFFAOYSA-N,WSA262,WSA262,10.1002/cmdc.202400952,negative_SAR_examples.csv,152,C1=CC=C2CSC3=NC2=CC=C(c2ccccc2)C2CCNCC3=CC3=CCCN(CC2)C(C=C1)CCCC3,replaced_with_source_reconstruction
ORLAXBFWLNNFRF-UHFFFAOYSA-N,WSA262,WSA262,10.1002/cmdc.202400952,negative_SAR_examples.csv,153,C1=CC=C2CSC3=NC2=CC=C(c2ccccc2)C2CCNCC3=CC3=CCCN(CC2)C(C=C1)CCCC3,replaced_with_source_reconstruction
ORLAXBFWLNNFRF-UHFFFAOYSA-N,WSA262,WSA262,10.1002/cmdc.202400952,negative_SAR_examples.csv,154,C1=CC=C2CSC3=NC2=CC=C(c2ccccc2)C2CCNCC3=CC3=CCCN(CC2)C(C=C1)CCCC3,replaced_with_source_reconstruction
OSIDADUWAHRIJO-UHFFFAOYSA-N,CHEMBL3402635,CHEMBL3402635,10.1016/j.ejmech.2019.111644,ATP_target_expansion.csv,65,CCN(CC)Cc1cc(N(c2cc(C)nc3cc(Cl)ccc23)S(=O)(=O)c2cc(C)cc(C)c2)ccc1O,canonicalized_only
OUUCQDAKDZWOHC-UHFFFAOYSA-N,WARD2024-9,Ward2024 compound 9,10.1021/acsmedchemlett.3c00480,ATP_target_expansion.csv,30,CSc1nc2ccccc2cc1CNCCCCCN(C)C,replaced_with_source_reconstruction
OUUCQDAKDZWOHC-UHFFFAOYSA-N,WARD2024-9,Ward2024 compound 9,10.1021/acsmedchemlett.3c00480,negative_SAR_examples.csv,214,CSc1nc2ccccc2cc1CNCCCCCN(C)C,replaced_with_source_reconstruction
OUUCQDAKDZWOHC-UHFFFAOYSA-N,WARD2024-9,Ward2024 compound 9,10.1021/acsmedchemlett.3c00480,negative_SAR_examples.csv,215,CSc1nc2ccccc2cc1CNCCCCCN(C)C,replaced_with_source_reconstruction
OUUCQDAKDZWOHC-UHFFFAOYSA-N,WARD2024-9,Ward2024 compound 9,10.1021/acsmedchemlett.3c00480,negative_SAR_examples.csv,216,CSc1nc2ccccc2cc1CNCCCCCN(C)C,replaced_with_source_reconstruction
OUUCQDAKDZWOHC-UHFFFAOYSA-N,WARD2024-9,Ward2024 compound 9,10.1021/acsmedchemlett.3c00480,negative_SAR_examples.csv,217,CSc1nc2ccccc2cc1CNCCCCCN(C)C,replaced_with_source_reconstruction
OUUCQDAKDZWOHC-UHFFFAOYSA-N,WARD2024-9,Ward2024 compound 9,10.1021/acsmedchemlett.3c00480,negative_SAR_examples.csv,218,CSc1nc2ccccc2cc1CNCCCCCN(C)C,replaced_with_source_reconstruction
OUUCQDAKDZWOHC-UHFFFAOYSA-N,WARD2024-9,Ward2024 compound 9,10.1021/acsmedchemlett.3c00480,negative_SAR_examples.csv,219,CSc1nc2ccccc2cc1CNCCCCCN(C)C,replaced_with_source_reconstruction
PKYJBDDPIQOPNP-UHFFFAOYSA-N,WSA272,WSA272,10.1021/acsomega.5c06380,negative_SAR_examples.csv,10,CCN1CCC=NC(SCc2ccccc2)=C2CNCCC(C=C2Br)CC1,replaced_with_source_reconstruction
PKYJBDDPIQOPNP-UHFFFAOYSA-N,WSA272,WSA272,10.1021/acsomega.5c06380,negative_SAR_examples.csv,11,CCN1CCC=NC(SCc2ccccc2)=C2CNCCC(C=C2Br)CC1,replaced_with_source_reconstruction
PKYJBDDPIQOPNP-UHFFFAOYSA-N,WSA272,WSA272,10.1021/acsomega.5c06380,negative_SAR_examples.csv,12,CCN1CCC=NC(SCc2ccccc2)=C2CNCCC(C=C2Br)CC1,replaced_with_source_reconstruction
PPDXHFIWMLVDEJ-UHFFFAOYSA-N,CHEMBL4101131,CHEMBL4101131,10.1016/j.bmc.2023.117504,ATP_target_expansion.csv,71,O=c1c(NCc2ccccn2)c(-c2ccc(N3CCOCC3)cc2)c1=O,canonicalized_only
PXXYITLVUSHXPN-UHFFFAOYSA-N,WARD2024-19,Ward2024 compound 19,10.1021/acsmedchemlett.3c00480,ATP_target_expansion.csv,39,CSc1nc2c3cc1CNCCC(=NC(C)=CC(C)=NC=3)C=CC=2,replaced_with_source_reconstruction
PXXYITLVUSHXPN-UHFFFAOYSA-N,WARD2024-19,Ward2024 compound 19,10.1021/acsmedchemlett.3c00480,negative_SAR_examples.csv,276,CSc1nc2c3cc1CNCCC(=NC(C)=CC(C)=NC=3)C=CC=2,replaced_with_source_reconstruction
PXXYITLVUSHXPN-UHFFFAOYSA-N,WARD2024-19,Ward2024 compound 19,10.1021/acsmedchemlett.3c00480,negative_SAR_examples.csv,277,CSc1nc2c3cc1CNCCC(=NC(C)=CC(C)=NC=3)C=CC=2,replaced_with_source_reconstruction
PXXYITLVUSHXPN-UHFFFAOYSA-N,WARD2024-19,Ward2024 compound 19,10.1021/acsmedchemlett.3c00480,negative_SAR_examples.csv,278,CSc1nc2c3cc1CNCCC(=NC(C)=CC(C)=NC=3)C=CC=2,replaced_with_source_reconstruction
PXXYITLVUSHXPN-UHFFFAOYSA-N,WARD2024-19,Ward2024 compound 19,10.1021/acsmedchemlett.3c00480,negative_SAR_examples.csv,279,CSc1nc2c3cc1CNCCC(=NC(C)=CC(C)=NC=3)C=CC=2,replaced_with_source_reconstruction
PXXYITLVUSHXPN-UHFFFAOYSA-N,WARD2024-19,Ward2024 compound 19,10.1021/acsmedchemlett.3c00480,negative_SAR_examples.csv,280,CSc1nc2c3cc1CNCCC(=NC(C)=CC(C)=NC=3)C=CC=2,replaced_with_source_reconstruction
PXXYITLVUSHXPN-UHFFFAOYSA-N,WARD2024-19,Ward2024 compound 19,10.1021/acsmedchemlett.3c00480,negative_SAR_examples.csv,281,CSc1nc2c3cc1CNCCC(=NC(C)=CC(C)=NC=3)C=CC=2,replaced_with_source_reconstruction
QDRJSIIKIUXVRU-UHFFFAOYSA-N,CHEMBL3754231,CHEMBL3754231,10.1039/C5MD00131E,ATP_target_expansion.csv,60,COc1nc2ccccc2cc1C(c1cc2ccccc2nc1OC)C(O)(CCN(C)C)c1ccc(Br)cc1,canonicalized_only
QOAKXIVNSVUYRQ-UHFFFAOYSA-N,WSA288,WSA288,10.1021/acsomega.5c06380,ATP_target_expansion.csv,6,COC1=CC=C2C=C2C2=C(SCc3ccccc3)N=CCCN(C3CCCC3)CCC(C=C1)CCNC2,replaced_with_source_reconstruction
QOAKXIVNSVUYRQ-UHFFFAOYSA-N,WSA288,WSA288,10.1021/acsomega.5c06380,negative_SAR_examples.csv,50,COC1=CC=C2C=C2C2=C(SCc3ccccc3)N=CCCN(C3CCCC3)CCC(C=C1)CCNC2,replaced_with_source_reconstruction
QOAKXIVNSVUYRQ-UHFFFAOYSA-N,WSA288,WSA288,10.1021/acsomega.5c06380,negative_SAR_examples.csv,51,COC1=CC=C2C=C2C2=C(SCc3ccccc3)N=CCCN(C3CCCC3)CCC(C=C1)CCNC2,replaced_with_source_reconstruction
QOAKXIVNSVUYRQ-UHFFFAOYSA-N,WSA288,WSA288,10.1021/acsomega.5c06380,negative_SAR_examples.csv,52,COC1=CC=C2C=C2C2=C(SCc3ccccc3)N=CCCN(C3CCCC3)CCC(C=C1)CCNC2,replaced_with_source_reconstruction
QOAKXIVNSVUYRQ-UHFFFAOYSA-N,WSA288,WSA288,10.1021/acsomega.5c06380,negative_SAR_examples.csv,53,COC1=CC=C2C=C2C2=C(SCc3ccccc3)N=CCCN(C3CCCC3)CCC(C=C1)CCNC2,replaced_with_source_reconstruction
QOSSAOTZNIDXMA-UHFFFAOYSA-N,CHEMBL162598,DICYCLOHEXYLCARBODIIMIDE,10.1016/j.bmc.2014.12.060,ATP_target_expansion.csv,52,C(=NC1CCCCC1)=NC1CCCCC1,canonicalized_only
QUIJNHUBAXPXFS-XLJNKUFUSA-N,CTRL-BEDAQUILINE,bedaquiline,10.1038/nchembio884,ATP_target_expansion.csv,87,COc1nc2ccc(Br)cc2cc1[C@@H](c1ccccc1)[C@@](O)(CCN(C)C)c1cccc2ccccc12,canonicalized_only
QUIJNHUBAXPXFS-XLJNKUFUSA-N,CTRL-BEDAQUILINE,bedaquiline,10.1038/s42003-020-01173-z,ATP_target_expansion.csv,79,COc1nc2ccc(Br)cc2cc1[C@@H](c1ccccc1)[C@@](O)(CCN(C)C)c1cccc2ccccc12,canonicalized_only
QUIJNHUBAXPXFS-XLJNKUFUSA-N,CTRL-BEDAQUILINE,bedaquiline,10.1038/s42003-020-01173-z,ATP_target_expansion.csv,81,COc1nc2ccc(Br)cc2cc1[C@@H](c1ccccc1)[C@@](O)(CCN(C)C)c1cccc2ccccc12,canonicalized_only
QUIJNHUBAXPXFS-XLJNKUFUSA-N,CTRL-BEDAQUILINE,bedaquiline,10.1038/s42003-020-01173-z,ATP_target_expansion.csv,83,COc1nc2ccc(Br)cc2cc1[C@@H](c1ccccc1)[C@@](O)(CCN(C)C)c1cccc2ccccc12,canonicalized_only
QUIJNHUBAXPXFS-XLJNKUFUSA-N,CTRL-BEDAQUILINE,bedaquiline,10.1038/s42003-020-01173-z,ATP_target_expansion.csv,85,COc1nc2ccc(Br)cc2cc1[C@@H](c1ccccc1)[C@@](O)(CCN(C)C)c1cccc2ccccc12,canonicalized_only
QUIJNHUBAXPXFS-XLJNKUFUSA-N,CTRL-BEDAQUILINE,bedaquiline,10.1101/2023.08.08.552497,ATP_target_expansion.csv,88,COc1nc2ccc(Br)cc2cc1[C@@H](c1ccccc1)[C@@](O)(CCN(C)C)c1cccc2ccccc12,canonicalized_only
QXQOBCBJOCQFRK-UHFFFAOYSA-N,CHEMBL3752792,CHEMBL3752792,10.1039/C5MD00131E,ATP_target_expansion.csv,53,COc1nc2ccccc2cc1C(c1cc2ccccc2nc1OC)C(O)(CCN(C)C)c1ccccc1,canonicalized_only
RIDDIWJTDCGXDH-NRFANRHFSA-N,STEED2022-15,compound 15 (Steed 2022),10.1021/acsomega.2c03127,ATP_target_expansion.csv,47,COC(=O)[C@@H](NCc1cc2c3nc1OCC(=CC=CC=CC=2)C=CC=3)C(C)C,replaced_with_source_reconstruction
RIDDIWJTDCGXDH-NRFANRHFSA-N,STEED2022-15,compound 15 (Steed 2022),10.1021/acsomega.2c03127,negative_SAR_examples.csv,334,COC(=O)[C@@H](NCc1cc2c3nc1OCC(=CC=CC=CC=2)C=CC=3)C(C)C,replaced_with_source_reconstruction
RIDDIWJTDCGXDH-NRFANRHFSA-N,STEED2022-15,compound 15 (Steed 2022),10.1021/acsomega.2c03127,negative_SAR_examples.csv,335,COC(=O)[C@@H](NCc1cc2c3nc1OCC(=CC=CC=CC=2)C=CC=3)C(C)C,replaced_with_source_reconstruction
RIDDIWJTDCGXDH-NRFANRHFSA-N,STEED2022-15,compound 15 (Steed 2022),10.1021/acsomega.2c03127,negative_SAR_examples.csv,336,COC(=O)[C@@H](NCc1cc2c3nc1OCC(=CC=CC=CC=2)C=CC=3)C(C)C,replaced_with_source_reconstruction
RIDDIWJTDCGXDH-NRFANRHFSA-N,STEED2022-15,compound 15 (Steed 2022),10.1021/acsomega.2c03127,negative_SAR_examples.csv,337,COC(=O)[C@@H](NCc1cc2c3nc1OCC(=CC=CC=CC=2)C=CC=3)C(C)C,replaced_with_source_reconstruction
ROJPDORYZONAPF-UHFFFAOYSA-N,STEED2022-8,compound 8 (Steed 2022),10.1021/acsomega.2c03127,ATP_target_expansion.csv,46,COc1nc2ccccc2cc1COC(=O)Nc1ccc(CO)cc1,replaced_with_source_reconstruction
ROJPDORYZONAPF-UHFFFAOYSA-N,STEED2022-8,compound 8 (Steed 2022),10.1021/acsomega.2c03127,negative_SAR_examples.csv,330,COc1nc2ccccc2cc1COC(=O)Nc1ccc(CO)cc1,replaced_with_source_reconstruction
ROJPDORYZONAPF-UHFFFAOYSA-N,STEED2022-8,compound 8 (Steed 2022),10.1021/acsomega.2c03127,negative_SAR_examples.csv,331,COc1nc2ccccc2cc1COC(=O)Nc1ccc(CO)cc1,replaced_with_source_reconstruction
ROJPDORYZONAPF-UHFFFAOYSA-N,STEED2022-8,compound 8 (Steed 2022),10.1021/acsomega.2c03127,negative_SAR_examples.csv,332,COc1nc2ccccc2cc1COC(=O)Nc1ccc(CO)cc1,replaced_with_source_reconstruction
ROJPDORYZONAPF-UHFFFAOYSA-N,STEED2022-8,compound 8 (Steed 2022),10.1021/acsomega.2c03127,negative_SAR_examples.csv,333,COc1nc2ccccc2cc1COC(=O)Nc1ccc(CO)cc1,replaced_with_source_reconstruction
RWXRACFJDWXXDE-UHFFFAOYSA-N,WSA254,WSA254,10.1002/cmdc.202400952,negative_SAR_examples.csv,132,CCN1CCC=C2C=CC=CC=C3CSC4=NC3=CC=C(Br)C(CCNCC4=C2)CC1,replaced_with_source_reconstruction
RWXRACFJDWXXDE-UHFFFAOYSA-N,WSA254,WSA254,10.1002/cmdc.202400952,negative_SAR_examples.csv,133,CCN1CCC=C2C=CC=CC=C3CSC4=NC3=CC=C(Br)C(CCNCC4=C2)CC1,replaced_with_source_reconstruction
RWXRACFJDWXXDE-UHFFFAOYSA-N,WSA254,WSA254,10.1002/cmdc.202400952,negative_SAR_examples.csv,134,CCN1CCC=C2C=CC=CC=C3CSC4=NC3=CC=C(Br)C(CCNCC4=C2)CC1,replaced_with_source_reconstruction
SGQDQCCZJOEXJH-UHFFFAOYSA-N,WARD2024-22,Ward2024 compound 22,10.1021/acsmedchemlett.3c00480,ATP_target_expansion.csv,42,C1=CC=C2C=CC=c3nc(c4cc3=CN=CNC=C(C=C1)CCNC4)SC2,replaced_with_source_reconstruction
SGQDQCCZJOEXJH-UHFFFAOYSA-N,WARD2024-22,Ward2024 compound 22,10.1021/acsmedchemlett.3c00480,negative_SAR_examples.csv,294,C1=CC=C2C=CC=c3nc(c4cc3=CN=CNC=C(C=C1)CCNC4)SC2,replaced_with_source_reconstruction
SGQDQCCZJOEXJH-UHFFFAOYSA-N,WARD2024-22,Ward2024 compound 22,10.1021/acsmedchemlett.3c00480,negative_SAR_examples.csv,295,C1=CC=C2C=CC=c3nc(c4cc3=CN=CNC=C(C=C1)CCNC4)SC2,replaced_with_source_reconstruction
SGQDQCCZJOEXJH-UHFFFAOYSA-N,WARD2024-22,Ward2024 compound 22,10.1021/acsmedchemlett.3c00480,negative_SAR_examples.csv,296,C1=CC=C2C=CC=c3nc(c4cc3=CN=CNC=C(C=C1)CCNC4)SC2,replaced_with_source_reconstruction
SGQDQCCZJOEXJH-UHFFFAOYSA-N,WARD2024-22,Ward2024 compound 22,10.1021/acsmedchemlett.3c00480,negative_SAR_examples.csv,297,C1=CC=C2C=CC=c3nc(c4cc3=CN=CNC=C(C=C1)CCNC4)SC2,replaced_with_source_reconstruction
SGQDQCCZJOEXJH-UHFFFAOYSA-N,WARD2024-22,Ward2024 compound 22,10.1021/acsmedchemlett.3c00480,negative_SAR_examples.csv,298,C1=CC=C2C=CC=c3nc(c4cc3=CN=CNC=C(C=C1)CCNC4)SC2,replaced_with_source_reconstruction
SGQDQCCZJOEXJH-UHFFFAOYSA-N,WARD2024-22,Ward2024 compound 22,10.1021/acsmedchemlett.3c00480,negative_SAR_examples.csv,299,C1=CC=C2C=CC=c3nc(c4cc3=CN=CNC=C(C=C1)CCNC4)SC2,replaced_with_source_reconstruction
SGQDQCCZJOEXJH-UHFFFAOYSA-N,WARD2024-22,Ward2024 compound 22,10.1021/acsmedchemlett.3c00480,negative_SAR_examples.csv,300,C1=CC=C2C=CC=c3nc(c4cc3=CN=CNC=C(C=C1)CCNC4)SC2,replaced_with_source_reconstruction
SQOBRXGLLMOCKF-UHFFFAOYSA-N,CHEMBL4294286,CHEMBL4294286,10.1016/j.ejmech.2019.111644,ATP_target_expansion.csv,63,CC1(C)CC(=O)C(=CNc2ccccc2O)C(=O)C1,canonicalized_only
SSOJQSHUAQGPLD-UHFFFAOYSA-N,WSA250,WSA250,10.1002/cmdc.202400952,ATP_target_expansion.csv,14,CN1CCC=C2C=CC=CC=C3CSC4=NC3=CC=CN(CCNCC4=C2)CC1,replaced_with_source_reconstruction
SSOJQSHUAQGPLD-UHFFFAOYSA-N,WSA250,WSA250,10.1002/cmdc.202400952,ATP_target_expansion.csv,15,CN1CCC=C2C=CC=CC=C3CSC4=NC3=CC=CN(CCNCC4=C2)CC1,replaced_with_source_reconstruction
SSOJQSHUAQGPLD-UHFFFAOYSA-N,WSA250,WSA250,10.1002/cmdc.202400952,negative_SAR_examples.csv,118,CN1CCC=C2C=CC=CC=C3CSC4=NC3=CC=CN(CCNCC4=C2)CC1,replaced_with_source_reconstruction
SSOJQSHUAQGPLD-UHFFFAOYSA-N,WSA250,WSA250,10.1002/cmdc.202400952,negative_SAR_examples.csv,119,CN1CCC=C2C=CC=CC=C3CSC4=NC3=CC=CN(CCNCC4=C2)CC1,replaced_with_source_reconstruction
SSOJQSHUAQGPLD-UHFFFAOYSA-N,WSA250,WSA250,10.1002/cmdc.202400952,negative_SAR_examples.csv,120,CN1CCC=C2C=CC=CC=C3CSC4=NC3=CC=CN(CCNCC4=C2)CC1,replaced_with_source_reconstruction
SSOJQSHUAQGPLD-UHFFFAOYSA-N,WSA250,WSA250,10.1002/cmdc.202400952,negative_SAR_examples.csv,121,CN1CCC=C2C=CC=CC=C3CSC4=NC3=CC=CN(CCNCC4=C2)CC1,replaced_with_source_reconstruction
SSOJQSHUAQGPLD-UHFFFAOYSA-N,WSA250,WSA250,10.1002/cmdc.202400952,negative_SAR_examples.csv,122,CN1CCC=C2C=CC=CC=C3CSC4=NC3=CC=CN(CCNCC4=C2)CC1,replaced_with_source_reconstruction
SVSBIDILOVJTHE-UHFFFAOYSA-N,WARD2024-13,Ward2024 compound 13,10.1021/acsmedchemlett.3c00480,ATP_target_expansion.csv,33,CCN1CCC=c2cc3c(SC)nc2=CC=CC(CCNC3)CC1,replaced_with_source_reconstruction
SVSBIDILOVJTHE-UHFFFAOYSA-N,WARD2024-13,Ward2024 compound 13,10.1021/acsmedchemlett.3c00480,negative_SAR_examples.csv,238,CCN1CCC=c2cc3c(SC)nc2=CC=CC(CCNC3)CC1,replaced_with_source_reconstruction
SVSBIDILOVJTHE-UHFFFAOYSA-N,WARD2024-13,Ward2024 compound 13,10.1021/acsmedchemlett.3c00480,negative_SAR_examples.csv,239,CCN1CCC=c2cc3c(SC)nc2=CC=CC(CCNC3)CC1,replaced_with_source_reconstruction
SVSBIDILOVJTHE-UHFFFAOYSA-N,WARD2024-13,Ward2024 compound 13,10.1021/acsmedchemlett.3c00480,negative_SAR_examples.csv,240,CCN1CCC=c2cc3c(SC)nc2=CC=CC(CCNC3)CC1,replaced_with_source_reconstruction
SVSBIDILOVJTHE-UHFFFAOYSA-N,WARD2024-13,Ward2024 compound 13,10.1021/acsmedchemlett.3c00480,negative_SAR_examples.csv,241,CCN1CCC=c2cc3c(SC)nc2=CC=CC(CCNC3)CC1,replaced_with_source_reconstruction
SVSBIDILOVJTHE-UHFFFAOYSA-N,WARD2024-13,Ward2024 compound 13,10.1021/acsmedchemlett.3c00480,negative_SAR_examples.csv,242,CCN1CCC=c2cc3c(SC)nc2=CC=CC(CCNC3)CC1,replaced_with_source_reconstruction
SVSBIDILOVJTHE-UHFFFAOYSA-N,WARD2024-13,Ward2024 compound 13,10.1021/acsmedchemlett.3c00480,negative_SAR_examples.csv,243,CCN1CCC=c2cc3c(SC)nc2=CC=CC(CCNC3)CC1,replaced_with_source_reconstruction
TXZGGVBUNOVBHL-UHFFFAOYSA-N,CHEMBL3753673,CHEMBL3753673,10.1039/C5MD00131E,ATP_target_expansion.csv,57,C=CCOc1nc2ccccc2cc1C(c1cc2ccccc2nc1OCC=C)C(O)(CCN(C)C)c1ccc(Br)cc1,canonicalized_only
UHMXBFQXPUTOKL-UHFFFAOYSA-N,WSA300,WSA300,10.1021/acsomega.5c06380,negative_SAR_examples.csv,95,CCN1CCC=NC(SCc2ccccc2)=C2CNCCC(C=CC(C)=CC=C3C=C32)CC1,replaced_with_source_reconstruction
UHMXBFQXPUTOKL-UHFFFAOYSA-N,WSA300,WSA300,10.1021/acsomega.5c06380,negative_SAR_examples.csv,96,CCN1CCC=NC(SCc2ccccc2)=C2CNCCC(C=CC(C)=CC=C3C=C32)CC1,replaced_with_source_reconstruction
UHMXBFQXPUTOKL-UHFFFAOYSA-N,WSA300,WSA300,10.1021/acsomega.5c06380,negative_SAR_examples.csv,97,CCN1CCC=NC(SCc2ccccc2)=C2CNCCC(C=CC(C)=CC=C3C=C32)CC1,replaced_with_source_reconstruction
UOLLIRMONGMMAV-UHFFFAOYSA-N,WARD2024-21,Ward2024 compound 21,10.1021/acsmedchemlett.3c00480,ATP_target_expansion.csv,41,CSc1nc2c3cc1CNCCC(=CNC=NC=3)C=CC=2,replaced_with_source_reconstruction
UOLLIRMONGMMAV-UHFFFAOYSA-N,WARD2024-21,Ward2024 compound 21,10.1021/acsmedchemlett.3c00480,negative_SAR_examples.csv,288,CSc1nc2c3cc1CNCCC(=CNC=NC=3)C=CC=2,replaced_with_source_reconstruction
UOLLIRMONGMMAV-UHFFFAOYSA-N,WARD2024-21,Ward2024 compound 21,10.1021/acsmedchemlett.3c00480,negative_SAR_examples.csv,289,CSc1nc2c3cc1CNCCC(=CNC=NC=3)C=CC=2,replaced_with_source_reconstruction
UOLLIRMONGMMAV-UHFFFAOYSA-N,WARD2024-21,Ward2024 compound 21,10.1021/acsmedchemlett.3c00480,negative_SAR_examples.csv,290,CSc1nc2c3cc1CNCCC(=CNC=NC=3)C=CC=2,replaced_with_source_reconstruction
UOLLIRMONGMMAV-UHFFFAOYSA-N,WARD2024-21,Ward2024 compound 21,10.1021/acsmedchemlett.3c00480,negative_SAR_examples.csv,291,CSc1nc2c3cc1CNCCC(=CNC=NC=3)C=CC=2,replaced_with_source_reconstruction
UOLLIRMONGMMAV-UHFFFAOYSA-N,WARD2024-21,Ward2024 compound 21,10.1021/acsmedchemlett.3c00480,negative_SAR_examples.csv,292,CSc1nc2c3cc1CNCCC(=CNC=NC=3)C=CC=2,replaced_with_source_reconstruction
UOLLIRMONGMMAV-UHFFFAOYSA-N,WARD2024-21,Ward2024 compound 21,10.1021/acsmedchemlett.3c00480,negative_SAR_examples.csv,293,CSc1nc2c3cc1CNCCC(=CNC=NC=3)C=CC=2,replaced_with_source_reconstruction
UVOSDXRUYYKIMQ-UHFFFAOYSA-N,WARD2024-12,Ward2024 compound 12,10.1021/acsmedchemlett.3c00480,negative_SAR_examples.csv,233,CN(C)C1=CC=C2C=CC=CC=C3C=CC=c4nc(c(cc4=CC=C1)CNC2)SC3,replaced_with_source_reconstruction
UVOSDXRUYYKIMQ-UHFFFAOYSA-N,WARD2024-12,Ward2024 compound 12,10.1021/acsmedchemlett.3c00480,negative_SAR_examples.csv,234,CN(C)C1=CC=C2C=CC=CC=C3C=CC=c4nc(c(cc4=CC=C1)CNC2)SC3,replaced_with_source_reconstruction
UVOSDXRUYYKIMQ-UHFFFAOYSA-N,WARD2024-12,Ward2024 compound 12,10.1021/acsmedchemlett.3c00480,negative_SAR_examples.csv,235,CN(C)C1=CC=C2C=CC=CC=C3C=CC=c4nc(c(cc4=CC=C1)CNC2)SC3,replaced_with_source_reconstruction
UVOSDXRUYYKIMQ-UHFFFAOYSA-N,WARD2024-12,Ward2024 compound 12,10.1021/acsmedchemlett.3c00480,negative_SAR_examples.csv,236,CN(C)C1=CC=C2C=CC=CC=C3C=CC=c4nc(c(cc4=CC=C1)CNC2)SC3,replaced_with_source_reconstruction
UVOSDXRUYYKIMQ-UHFFFAOYSA-N,WARD2024-12,Ward2024 compound 12,10.1021/acsmedchemlett.3c00480,negative_SAR_examples.csv,237,CN(C)C1=CC=C2C=CC=CC=C3C=CC=c4nc(c(cc4=CC=C1)CNC2)SC3,replaced_with_source_reconstruction
UYSBYFPUEOTVDZ-UHFFFAOYSA-N,WARD2024-17,Ward2024 compound 17,10.1021/acsmedchemlett.3c00480,ATP_target_expansion.csv,37,CSc1nc2c3cc1CNCCC(=CC=CN(C)C=3)C=CC=2,replaced_with_source_reconstruction
UYSBYFPUEOTVDZ-UHFFFAOYSA-N,WARD2024-17,Ward2024 compound 17,10.1021/acsmedchemlett.3c00480,negative_SAR_examples.csv,264,CSc1nc2c3cc1CNCCC(=CC=CN(C)C=3)C=CC=2,replaced_with_source_reconstruction
UYSBYFPUEOTVDZ-UHFFFAOYSA-N,WARD2024-17,Ward2024 compound 17,10.1021/acsmedchemlett.3c00480,negative_SAR_examples.csv,265,CSc1nc2c3cc1CNCCC(=CC=CN(C)C=3)C=CC=2,replaced_with_source_reconstruction
UYSBYFPUEOTVDZ-UHFFFAOYSA-N,WARD2024-17,Ward2024 compound 17,10.1021/acsmedchemlett.3c00480,negative_SAR_examples.csv,266,CSc1nc2c3cc1CNCCC(=CC=CN(C)C=3)C=CC=2,replaced_with_source_reconstruction
UYSBYFPUEOTVDZ-UHFFFAOYSA-N,WARD2024-17,Ward2024 compound 17,10.1021/acsmedchemlett.3c00480,negative_SAR_examples.csv,267,CSc1nc2c3cc1CNCCC(=CC=CN(C)C=3)C=CC=2,replaced_with_source_reconstruction
UYSBYFPUEOTVDZ-UHFFFAOYSA-N,WARD2024-17,Ward2024 compound 17,10.1021/acsmedchemlett.3c00480,negative_SAR_examples.csv,268,CSc1nc2c3cc1CNCCC(=CC=CN(C)C=3)C=CC=2,replaced_with_source_reconstruction
UYSBYFPUEOTVDZ-UHFFFAOYSA-N,WARD2024-17,Ward2024 compound 17,10.1021/acsmedchemlett.3c00480,negative_SAR_examples.csv,269,CSc1nc2c3cc1CNCCC(=CC=CN(C)C=3)C=CC=2,replaced_with_source_reconstruction
VBVMGRCNUWHODZ-UHFFFAOYSA-N,CHEMBL3752547,CHEMBL3752547,10.1039/C5MD00131E,ATP_target_expansion.csv,56,C=CCOc1nc2ccccc2cc1C(c1cc2ccccc2nc1OCC=C)C(O)(CCN(C)C)c1cccc(Br)c1,canonicalized_only
VPHZLIOARSIWRC-UHFFFAOYSA-N,WSA306,WSA306,10.1021/acsomega.5c06380,negative_SAR_examples.csv,101,CCN1CCC=NC(SCc2ccccc2)=C2CNCCC(C=CC(OC)=C(F)C=C3C=C32)CC1,replaced_with_source_reconstruction
VPHZLIOARSIWRC-UHFFFAOYSA-N,WSA306,WSA306,10.1021/acsomega.5c06380,negative_SAR_examples.csv,102,CCN1CCC=NC(SCc2ccccc2)=C2CNCCC(C=CC(OC)=C(F)C=C3C=C32)CC1,replaced_with_source_reconstruction
VPHZLIOARSIWRC-UHFFFAOYSA-N,WSA306,WSA306,10.1021/acsomega.5c06380,negative_SAR_examples.csv,103,CCN1CCC=NC(SCc2ccccc2)=C2CNCCC(C=CC(OC)=C(F)C=C3C=C32)CC1,replaced_with_source_reconstruction
VVBRNCOBMAIGNK-GAZRNQOFSA-N,CHEMBL4560563,CHEMBL4560563,10.1016/j.ejmech.2019.111644,ATP_target_expansion.csv,64,COc1ccc(/C=C2/S/C(=N/N=C/c3ccccc3O)NC2=O)cc1,canonicalized_only
WDZUWGIXBFSGCL-UHFFFAOYSA-N,FRAUNFELTER2023-4,compound 4 (Fraunfelter 2023),10.1021/acsinfecdis.3c00317,ATP_target_expansion.csv,44,CN(C)CCNCc1cc2c3nc1SCC(=CC=CC=CC=2)C=CC=3,canonicalized_only
WDZUWGIXBFSGCL-UHFFFAOYSA-N,FRAUNFELTER2023-4,compound 4 (Fraunfelter 2023),10.1021/acsinfecdis.3c00317,negative_SAR_examples.csv,307,CN(C)CCNCc1cc2c3nc1SCC(=CC=CC=CC=2)C=CC=3,canonicalized_only
WDZUWGIXBFSGCL-UHFFFAOYSA-N,FRAUNFELTER2023-4,compound 4 (Fraunfelter 2023),10.1021/acsinfecdis.3c00317,negative_SAR_examples.csv,308,CN(C)CCNCc1cc2c3nc1SCC(=CC=CC=CC=2)C=CC=3,canonicalized_only
WDZUWGIXBFSGCL-UHFFFAOYSA-N,FRAUNFELTER2023-4,compound 4 (Fraunfelter 2023),10.1021/acsinfecdis.3c00317,negative_SAR_examples.csv,309,CN(C)CCNCc1cc2c3nc1SCC(=CC=CC=CC=2)C=CC=3,canonicalized_only
WDZUWGIXBFSGCL-UHFFFAOYSA-N,FRAUNFELTER2023-4,compound 4 (Fraunfelter 2023),10.1021/acsinfecdis.3c00317,negative_SAR_examples.csv,310,CN(C)CCNCc1cc2c3nc1SCC(=CC=CC=CC=2)C=CC=3,canonicalized_only
WDZUWGIXBFSGCL-UHFFFAOYSA-N,FRAUNFELTER2023-4,compound 4 (Fraunfelter 2023),10.1021/acsinfecdis.3c00317,negative_SAR_examples.csv,311,CN(C)CCNCc1cc2c3nc1SCC(=CC=CC=CC=2)C=CC=3,canonicalized_only
WDZUWGIXBFSGCL-UHFFFAOYSA-N,FRAUNFELTER2023-4,compound 4 (Fraunfelter 2023),10.1021/acsinfecdis.3c00317,negative_SAR_examples.csv,312,CN(C)CCNCc1cc2c3nc1SCC(=CC=CC=CC=2)C=CC=3,canonicalized_only
WDZUWGIXBFSGCL-UHFFFAOYSA-N,FRAUNFELTER2023-4,compound 4 (Fraunfelter 2023),10.1021/acsinfecdis.3c00317,negative_SAR_examples.csv,313,CN(C)CCNCc1cc2c3nc1SCC(=CC=CC=CC=2)C=CC=3,canonicalized_only
WDZUWGIXBFSGCL-UHFFFAOYSA-N,FRAUNFELTER2023-4,compound 4 (Fraunfelter 2023),10.1021/acsinfecdis.3c00317,negative_SAR_examples.csv,314,CN(C)CCNCc1cc2c3nc1SCC(=CC=CC=CC=2)C=CC=3,canonicalized_only
WDZUWGIXBFSGCL-UHFFFAOYSA-N,FRAUNFELTER2023-4,compound 4 (Fraunfelter 2023),10.1021/acsinfecdis.3c00317,negative_SAR_examples.csv,315,CN(C)CCNCc1cc2c3nc1SCC(=CC=CC=CC=2)C=CC=3,canonicalized_only
WEEJBHMAXXLXSK-SFHVURJKSA-N,CHEMBL402124,CHEMBL402124,10.1016/j.bmcl.2008.05.020,ATP_target_expansion.csv,76,O=c1cc(Cc2cccc3ccccc23)c(C2CC2)c2n1[C@H](c1nnn[nH]1)CS2,canonicalized_only
WFBMDLWJDONKOF-UHFFFAOYSA-N,WSA293,WSA293,10.1021/acsomega.5c06380,negative_SAR_examples.csv,19,BrC1=CC2=CC=C(CN3CCCC3)C=CC=NC(SCc3ccccc3)=C1CNC2,replaced_with_source_reconstruction
WFBMDLWJDONKOF-UHFFFAOYSA-N,WSA293,WSA293,10.1021/acsomega.5c06380,negative_SAR_examples.csv,20,BrC1=CC2=CC=C(CN3CCCC3)C=CC=NC(SCc3ccccc3)=C1CNC2,replaced_with_source_reconstruction
WFBMDLWJDONKOF-UHFFFAOYSA-N,WSA293,WSA293,10.1021/acsomega.5c06380,negative_SAR_examples.csv,21,BrC1=CC2=CC=C(CN3CCCC3)C=CC=NC(SCc3ccccc3)=C1CNC2,replaced_with_source_reconstruction
WGWNRWFMNFHBIY-SFHVURJKSA-N,CHEMBL402123,CHEMBL402123,10.1016/j.bmcl.2008.05.020,ATP_target_expansion.csv,75,O=C(NO)[C@@H]1CSc2c(C3CC3)c(Cc3cccc4ccccc34)cc(=O)n21,canonicalized_only
WIDVPHSBAXLSEU-LJQANCHMSA-N,FRAUNFELTER2023-1,compound 1 (Fraunfelter 2023),10.1021/acsinfecdis.3c00317,ATP_target_expansion.csv,43,COC(=O)[C@@H]1CC2=CC=C(O)C=CC=c3cc(c(SC)nc3=CC=C2)CN1,replaced_with_source_reconstruction
WIDVPHSBAXLSEU-LJQANCHMSA-N,FRAUNFELTER2023-1,compound 1 (Fraunfelter 2023),10.1021/acsinfecdis.3c00317,negative_SAR_examples.csv,301,COC(=O)[C@@H]1CC2=CC=C(O)C=CC=c3cc(c(SC)nc3=CC=C2)CN1,replaced_with_source_reconstruction
WIDVPHSBAXLSEU-LJQANCHMSA-N,FRAUNFELTER2023-1,compound 1 (Fraunfelter 2023),10.1021/acsinfecdis.3c00317,negative_SAR_examples.csv,302,COC(=O)[C@@H]1CC2=CC=C(O)C=CC=c3cc(c(SC)nc3=CC=C2)CN1,replaced_with_source_reconstruction
WIDVPHSBAXLSEU-LJQANCHMSA-N,FRAUNFELTER2023-1,compound 1 (Fraunfelter 2023),10.1021/acsinfecdis.3c00317,negative_SAR_examples.csv,303,COC(=O)[C@@H]1CC2=CC=C(O)C=CC=c3cc(c(SC)nc3=CC=C2)CN1,replaced_with_source_reconstruction
WIDVPHSBAXLSEU-LJQANCHMSA-N,FRAUNFELTER2023-1,compound 1 (Fraunfelter 2023),10.1021/acsinfecdis.3c00317,negative_SAR_examples.csv,304,COC(=O)[C@@H]1CC2=CC=C(O)C=CC=c3cc(c(SC)nc3=CC=C2)CN1,replaced_with_source_reconstruction
WIDVPHSBAXLSEU-LJQANCHMSA-N,FRAUNFELTER2023-1,compound 1 (Fraunfelter 2023),10.1021/acsinfecdis.3c00317,negative_SAR_examples.csv,305,COC(=O)[C@@H]1CC2=CC=C(O)C=CC=c3cc(c(SC)nc3=CC=C2)CN1,replaced_with_source_reconstruction
WIDVPHSBAXLSEU-LJQANCHMSA-N,FRAUNFELTER2023-1,compound 1 (Fraunfelter 2023),10.1021/acsinfecdis.3c00317,negative_SAR_examples.csv,306,COC(=O)[C@@H]1CC2=CC=C(O)C=CC=c3cc(c(SC)nc3=CC=C2)CN1,replaced_with_source_reconstruction
WIDVPHSBAXLSEU-LJQANCHMSA-N,STEED2022-22,compound 22 (Steed 2022),10.1021/acsomega.2c03127,ATP_target_expansion.csv,51,COC(=O)[C@@H]1CC2=CC=C(O)C=CC=c3cc(c(SC)nc3=CC=C2)CN1,replaced_with_source_reconstruction
WIDVPHSBAXLSEU-LJQANCHMSA-N,STEED2022-22,compound 22 (Steed 2022),10.1021/acsomega.2c03127,negative_SAR_examples.csv,350,COC(=O)[C@@H]1CC2=CC=C(O)C=CC=c3cc(c(SC)nc3=CC=C2)CN1,replaced_with_source_reconstruction
WIDVPHSBAXLSEU-LJQANCHMSA-N,STEED2022-22,compound 22 (Steed 2022),10.1021/acsomega.2c03127,negative_SAR_examples.csv,351,COC(=O)[C@@H]1CC2=CC=C(O)C=CC=c3cc(c(SC)nc3=CC=C2)CN1,replaced_with_source_reconstruction
WIDVPHSBAXLSEU-LJQANCHMSA-N,STEED2022-22,compound 22 (Steed 2022),10.1021/acsomega.2c03127,negative_SAR_examples.csv,352,COC(=O)[C@@H]1CC2=CC=C(O)C=CC=c3cc(c(SC)nc3=CC=C2)CN1,replaced_with_source_reconstruction
WIDVPHSBAXLSEU-LJQANCHMSA-N,STEED2022-22,compound 22 (Steed 2022),10.1021/acsomega.2c03127,negative_SAR_examples.csv,353,COC(=O)[C@@H]1CC2=CC=C(O)C=CC=c3cc(c(SC)nc3=CC=C2)CN1,replaced_with_source_reconstruction
WIIZWVCIJKGZOK-RKDXNWHRSA-N,CHLORAMPHENICOL,chloramphenicol,10.1002/cmdc.202400952,negative_SAR_examples.csv,171,O=C(N[C@H](CO)[C@H](O)c1ccc([N+](=O)[O-])cc1)C(Cl)Cl,canonicalized_only
WIIZWVCIJKGZOK-RKDXNWHRSA-N,CHLORAMPHENICOL,chloramphenicol,10.1002/cmdc.202400952,negative_SAR_examples.csv,172,O=C(N[C@H](CO)[C@H](O)c1ccc([N+](=O)[O-])cc1)C(Cl)Cl,canonicalized_only
WIIZWVCIJKGZOK-RKDXNWHRSA-N,CHLORAMPHENICOL,chloramphenicol,10.1002/cmdc.202400952,negative_SAR_examples.csv,173,O=C(N[C@H](CO)[C@H](O)c1ccc([N+](=O)[O-])cc1)C(Cl)Cl,canonicalized_only
WYSMMAHMVVNKNU-UHFFFAOYSA-N,WSA251,WSA251,10.1002/cmdc.202400952,negative_SAR_examples.csv,123,CCN1CCC=C2C=CC=CC=C3CSC4=NC3=C(OC)C(OC)=C(OC)C(CCNCC4=C2)CC1,replaced_with_source_reconstruction
WYSMMAHMVVNKNU-UHFFFAOYSA-N,WSA251,WSA251,10.1002/cmdc.202400952,negative_SAR_examples.csv,124,CCN1CCC=C2C=CC=CC=C3CSC4=NC3=C(OC)C(OC)=C(OC)C(CCNCC4=C2)CC1,replaced_with_source_reconstruction
WYSMMAHMVVNKNU-UHFFFAOYSA-N,WSA251,WSA251,10.1002/cmdc.202400952,negative_SAR_examples.csv,125,CCN1CCC=C2C=CC=CC=C3CSC4=NC3=C(OC)C(OC)=C(OC)C(CCNCC4=C2)CC1,replaced_with_source_reconstruction
XDWSRXVAROERCY-UHFFFAOYSA-N,WSA274,WSA274,10.1021/acsomega.5c06380,negative_SAR_examples.csv,36,CN1CCC=NC(SCc2ccccc2)=C2CNCCN(C=CC(F)=C(F)C=C3C=C32)CC1,replaced_with_source_reconstruction
XDWSRXVAROERCY-UHFFFAOYSA-N,WSA274,WSA274,10.1021/acsomega.5c06380,negative_SAR_examples.csv,37,CN1CCC=NC(SCc2ccccc2)=C2CNCCN(C=CC(F)=C(F)C=C3C=C32)CC1,replaced_with_source_reconstruction
XDWSRXVAROERCY-UHFFFAOYSA-N,WSA274,WSA274,10.1021/acsomega.5c06380,negative_SAR_examples.csv,38,CN1CCC=NC(SCc2ccccc2)=C2CNCCN(C=CC(F)=C(F)C=C3C=C32)CC1,replaced_with_source_reconstruction
XQBWCRMKNUAPEC-UHFFFAOYSA-N,WSA280,WSA280,10.1021/acsomega.5c06380,ATP_target_expansion.csv,2,CC1=CC=C2C=C2C2=C(SCc3ccccc3)N=CCCN(C)CCN(C=C1)CCNC2,replaced_with_source_reconstruction
XQBWCRMKNUAPEC-UHFFFAOYSA-N,WSA280,WSA280,10.1021/acsomega.5c06380,negative_SAR_examples.csv,25,CC1=CC=C2C=C2C2=C(SCc3ccccc3)N=CCCN(C)CCN(C=C1)CCNC2,replaced_with_source_reconstruction
XQBWCRMKNUAPEC-UHFFFAOYSA-N,WSA280,WSA280,10.1021/acsomega.5c06380,negative_SAR_examples.csv,26,CC1=CC=C2C=C2C2=C(SCc3ccccc3)N=CCCN(C)CCN(C=C1)CCNC2,replaced_with_source_reconstruction
XQBWCRMKNUAPEC-UHFFFAOYSA-N,WSA280,WSA280,10.1021/acsomega.5c06380,negative_SAR_examples.csv,27,CC1=CC=C2C=C2C2=C(SCc3ccccc3)N=CCCN(C)CCN(C=C1)CCNC2,replaced_with_source_reconstruction
XQBWCRMKNUAPEC-UHFFFAOYSA-N,WSA280,WSA280,10.1021/acsomega.5c06380,negative_SAR_examples.csv,28,CC1=CC=C2C=C2C2=C(SCc3ccccc3)N=CCCN(C)CCN(C=C1)CCNC2,replaced_with_source_reconstruction
YEMLSUARMQTHJO-UHFFFAOYSA-N,WSA249,WSA249,10.1002/cmdc.202400952,ATP_target_expansion.csv,12,C1=CC=C2CSC3=NC2=CC=CC2=CC=C4C=CC=C(C=C3CNC2)CCCCN(C=C1)C4,replaced_with_source_reconstruction
YEMLSUARMQTHJO-UHFFFAOYSA-N,WSA249,WSA249,10.1002/cmdc.202400952,ATP_target_expansion.csv,13,C1=CC=C2CSC3=NC2=CC=CC2=CC=C4C=CC=C(C=C3CNC2)CCCCN(C=C1)C4,replaced_with_source_reconstruction
YEMLSUARMQTHJO-UHFFFAOYSA-N,WSA249,WSA249,10.1002/cmdc.202400952,negative_SAR_examples.csv,113,C1=CC=C2CSC3=NC2=CC=CC2=CC=C4C=CC=C(C=C3CNC2)CCCCN(C=C1)C4,replaced_with_source_reconstruction
YEMLSUARMQTHJO-UHFFFAOYSA-N,WSA249,WSA249,10.1002/cmdc.202400952,negative_SAR_examples.csv,114,C1=CC=C2CSC3=NC2=CC=CC2=CC=C4C=CC=C(C=C3CNC2)CCCCN(C=C1)C4,replaced_with_source_reconstruction
YEMLSUARMQTHJO-UHFFFAOYSA-N,WSA249,WSA249,10.1002/cmdc.202400952,negative_SAR_examples.csv,115,C1=CC=C2CSC3=NC2=CC=CC2=CC=C4C=CC=C(C=C3CNC2)CCCCN(C=C1)C4,replaced_with_source_reconstruction
YEMLSUARMQTHJO-UHFFFAOYSA-N,WSA249,WSA249,10.1002/cmdc.202400952,negative_SAR_examples.csv,116,C1=CC=C2CSC3=NC2=CC=CC2=CC=C4C=CC=C(C=C3CNC2)CCCCN(C=C1)C4,replaced_with_source_reconstruction
YEMLSUARMQTHJO-UHFFFAOYSA-N,WSA249,WSA249,10.1002/cmdc.202400952,negative_SAR_examples.csv,117,C1=CC=C2CSC3=NC2=CC=CC2=CC=C4C=CC=C(C=C3CNC2)CCCCN(C=C1)C4,replaced_with_source_reconstruction
YLGXQCGDJLLDBJ-UHFFFAOYSA-N,WSA271,WSA271,10.1021/acsomega.5c06380,negative_SAR_examples.csv,13,CN1CCC=NC(SCc2ccccc2)=C2CNCCN(C=C2Br)CC1,replaced_with_source_reconstruction
YLGXQCGDJLLDBJ-UHFFFAOYSA-N,WSA271,WSA271,10.1021/acsomega.5c06380,negative_SAR_examples.csv,14,CN1CCC=NC(SCc2ccccc2)=C2CNCCN(C=C2Br)CC1,replaced_with_source_reconstruction
YLGXQCGDJLLDBJ-UHFFFAOYSA-N,WSA271,WSA271,10.1021/acsomega.5c06380,negative_SAR_examples.csv,15,CN1CCC=NC(SCc2ccccc2)=C2CNCCN(C=C2Br)CC1,replaced_with_source_reconstruction
ZGIDBFBSYKRZQE-UHFFFAOYSA-N,WSA304,WSA304,10.1021/acsomega.5c06380,negative_SAR_examples.csv,92,CCN1CCC=NC(SCc2ccccc2)=C2CNCCC(C=CC=CC=C3C=C32)CC1,replaced_with_source_reconstruction
ZGIDBFBSYKRZQE-UHFFFAOYSA-N,WSA304,WSA304,10.1021/acsomega.5c06380,negative_SAR_examples.csv,93,CCN1CCC=NC(SCc2ccccc2)=C2CNCCC(C=CC=CC=C3C=C32)CC1,replaced_with_source_reconstruction
ZGIDBFBSYKRZQE-UHFFFAOYSA-N,WSA304,WSA304,10.1021/acsomega.5c06380,negative_SAR_examples.csv,94,CCN1CCC=NC(SCc2ccccc2)=C2CNCCC(C=CC=CC=C3C=C32)CC1,replaced_with_source_reconstruction
ZMCMUCKOPVYNJN-UHFFFAOYSA-N,WSA299,WSA299,10.1021/acsomega.5c06380,negative_SAR_examples.csv,89,FC1=C(F)C=C2C=C2C2=C(SCc3ccccc3)N=CC=CC(CN3CCCC3)=CC=C(C=C1)CNC2,replaced_with_source_reconstruction
ZMCMUCKOPVYNJN-UHFFFAOYSA-N,WSA299,WSA299,10.1021/acsomega.5c06380,negative_SAR_examples.csv,90,FC1=C(F)C=C2C=C2C2=C(SCc3ccccc3)N=CC=CC(CN3CCCC3)=CC=C(C=C1)CNC2,replaced_with_source_reconstruction
ZMCMUCKOPVYNJN-UHFFFAOYSA-N,WSA299,WSA299,10.1021/acsomega.5c06380,negative_SAR_examples.csv,91,FC1=C(F)C=C2C=C2C2=C(SCc3ccccc3)N=CC=CC(CN3CCCC3)=CC=C(C=C1)CNC2,replaced_with_source_reconstruction
ZPDBJZFBTVCYMH-UHFFFAOYSA-N,WSA303,WSA303,10.1021/acsomega.5c06380,negative_SAR_examples.csv,67,CN(C)C1=CC=C2C=C2C2=C(SCc3ccccc3)N=CCCN(C3CCCC3)CCC(C=C1)CCNC2,replaced_with_source_reconstruction
ZPDBJZFBTVCYMH-UHFFFAOYSA-N,WSA303,WSA303,10.1021/acsomega.5c06380,negative_SAR_examples.csv,68,CN(C)C1=CC=C2C=C2C2=C(SCc3ccccc3)N=CCCN(C3CCCC3)CCC(C=C1)CCNC2,replaced_with_source_reconstruction
ZPDBJZFBTVCYMH-UHFFFAOYSA-N,WSA303,WSA303,10.1021/acsomega.5c06380,negative_SAR_examples.csv,69,CN(C)C1=CC=C2C=C2C2=C(SCc3ccccc3)N=CCCN(C3CCCC3)CCC(C=C1)CCNC2,replaced_with_source_reconstruction
ZZMUKOHGPLYJED-UHFFFAOYSA-N,CHEMBL3402627,CHEMBL3402627,10.1016/j.ejmech.2019.111644,ATP_target_expansion.csv,66,CCN(CC)Cc1cc(N(c2cc(C)nc3cc(Cl)ccc23)S(=O)(=O)c2ccc(Cl)cc2)ccc1O,canonicalized_only
