scenario_id,scenario_description,compound_id,historical_alias,weight_binding_score,weight_ATP_target_score,weight_antibacterial_score,weight_druglikeness_score,scenario_score,scenario_rank,default_rank,rank_shift_vs_default,is_top3,is_top5
default,Phase 5 registered default,ATP-SMI-C93E6EC67CDB,Hit2,0.45,0.25,0.15,0.15,73.90711805555556,1,1,0,True,True
default,Phase 5 registered default,ATP-SMI-9DA3213A09E8,Hit1,0.45,0.25,0.15,0.15,71.07465277777777,2,2,0,True,True
default,Phase 5 registered default,ATP-SMI-5D3E7B6B6796,Hit4,0.45,0.25,0.15,0.15,62.53559027777778,3,3,0,True,True
default,Phase 5 registered default,ATP-SMI-96FD6257D8BA,Hit5,0.45,0.25,0.15,0.15,62.49652777777778,4,4,0,False,True
default,Phase 5 registered default,ATP-SMI-E9798004BA11,Hit6,0.45,0.25,0.15,0.15,59.950520833333336,5,5,0,False,True
default,Phase 5 registered default,ATP-SMI-5B36D3E11A3B,Hit13,0.45,0.25,0.15,0.15,57.85243055555556,6,6,0,False,False
default,Phase 5 registered default,ATP-SMI-C3308BEE03AC,Hit10,0.45,0.25,0.15,0.15,57.04774305555556,7,7,0,False,False
default,Phase 5 registered default,ATP-SMI-874C2DE25FE4,Hit3,0.45,0.25,0.15,0.15,55.400173611111114,8,8,0,False,False
default,Phase 5 registered default,ATP-SMI-775D33706F04,Hit14,0.45,0.25,0.15,0.15,54.85243055555556,9,9,0,False,False
default,Phase 5 registered default,ATP-SMI-CDED936B42F4,Hit11,0.45,0.25,0.15,0.15,53.96180555555556,10,10,0,False,False
default,Phase 5 registered default,ATP-SMI-BF69AB71C1A4,Hit8,0.45,0.25,0.15,0.15,53.35243055555556,11,11,0,False,False
default,Phase 5 registered default,ATP-SMI-91E7552C2382,Hit16,0.45,0.25,0.15,0.15,49.70399305555556,12,12,0,False,False
default,Phase 5 registered default,ATP-SMI-FCA9CDF3313B,Hit9,0.45,0.25,0.15,0.15,47.61805555555556,13,13,0,False,False
default,Phase 5 registered default,ATP-SMI-4417138BF81D,Hit17,0.45,0.25,0.15,0.15,47.38715277777778,14,14,0,False,False
default,Phase 5 registered default,ATP-SMI-CFA68A98711F,Hit15,0.45,0.25,0.15,0.15,46.5859375,15,15,0,False,False
default,Phase 5 registered default,ATP-SMI-94F73967C042,Hit12,0.45,0.25,0.15,0.15,45.52430555555556,16,16,0,False,False
default,Phase 5 registered default,ATP-SMI-15737353FB69,Hit7,0.45,0.25,0.15,0.15,43.38802083333333,17,17,0,False,False
A,Binding-emphasis 60/20/10/10,ATP-SMI-C93E6EC67CDB,Hit2,0.6,0.2,0.1,0.1,77.10995370370371,1,1,0,True,True
A,Binding-emphasis 60/20/10/10,ATP-SMI-9DA3213A09E8,Hit1,0.6,0.2,0.1,0.1,73.83101851851852,2,2,0,True,True
A,Binding-emphasis 60/20/10/10,ATP-SMI-5D3E7B6B6796,Hit4,0.6,0.2,0.1,0.1,63.42476851851852,4,3,-1,False,True
A,Binding-emphasis 60/20/10/10,ATP-SMI-96FD6257D8BA,Hit5,0.6,0.2,0.1,0.1,65.26851851851852,3,4,1,True,True
A,Binding-emphasis 60/20/10/10,ATP-SMI-E9798004BA11,Hit6,0.6,0.2,0.1,0.1,61.27430555555556,6,5,-1,False,False
A,Binding-emphasis 60/20/10/10,ATP-SMI-5B36D3E11A3B,Hit13,0.6,0.2,0.1,0.1,49.5162037037037,9,6,-3,False,False
A,Binding-emphasis 60/20/10/10,ATP-SMI-C3308BEE03AC,Hit10,0.6,0.2,0.1,0.1,53.2974537037037,7,7,0,False,False
A,Binding-emphasis 60/20/10/10,ATP-SMI-874C2DE25FE4,Hit3,0.6,0.2,0.1,0.1,62.605324074074076,5,8,3,False,True
A,Binding-emphasis 60/20/10/10,ATP-SMI-775D33706F04,Hit14,0.6,0.2,0.1,0.1,47.8912037037037,11,9,-2,False,False
A,Binding-emphasis 60/20/10/10,ATP-SMI-CDED936B42F4,Hit11,0.6,0.2,0.1,0.1,49.2037037037037,10,10,0,False,False
A,Binding-emphasis 60/20/10/10,ATP-SMI-BF69AB71C1A4,Hit8,0.6,0.2,0.1,0.1,51.1412037037037,8,11,3,False,False
A,Binding-emphasis 60/20/10/10,ATP-SMI-91E7552C2382,Hit16,0.6,0.2,0.1,0.1,42.4224537037037,14,12,-2,False,False
A,Binding-emphasis 60/20/10/10,ATP-SMI-FCA9CDF3313B,Hit9,0.6,0.2,0.1,0.1,46.7037037037037,12,13,1,False,False
A,Binding-emphasis 60/20/10/10,ATP-SMI-4417138BF81D,Hit17,0.6,0.2,0.1,0.1,39.45601851851852,17,14,-3,False,False
A,Binding-emphasis 60/20/10/10,ATP-SMI-CFA68A98711F,Hit15,0.6,0.2,0.1,0.1,41.927083333333336,15,15,0,False,False
A,Binding-emphasis 60/20/10/10,ATP-SMI-94F73967C042,Hit12,0.6,0.2,0.1,0.1,41.7037037037037,16,16,0,False,False
A,Binding-emphasis 60/20/10/10,ATP-SMI-15737353FB69,Hit7,0.6,0.2,0.1,0.1,44.982638888888886,13,17,4,False,False
B,ATP-target-emphasis 30/50/10/10,ATP-SMI-C93E6EC67CDB,Hit2,0.3,0.5,0.1,0.1,57.6568287037037,8,1,-7,False,False
B,ATP-target-emphasis 30/50/10/10,ATP-SMI-9DA3213A09E8,Hit1,0.3,0.5,0.1,0.1,64.36226851851852,2,2,0,True,True
B,ATP-target-emphasis 30/50/10/10,ATP-SMI-5D3E7B6B6796,Hit4,0.3,0.5,0.1,0.1,64.03414351851852,3,3,0,True,True
B,ATP-target-emphasis 30/50/10/10,ATP-SMI-96FD6257D8BA,Hit5,0.3,0.5,0.1,0.1,63.95601851851852,4,4,0,False,True
B,ATP-target-emphasis 30/50/10/10,ATP-SMI-E9798004BA11,Hit6,0.3,0.5,0.1,0.1,61.78993055555556,6,5,-1,False,False
B,ATP-target-emphasis 30/50/10/10,ATP-SMI-5B36D3E11A3B,Hit13,0.3,0.5,0.1,0.1,65.54745370370371,1,6,5,True,True
B,ATP-target-emphasis 30/50/10/10,ATP-SMI-C3308BEE03AC,Hit10,0.3,0.5,0.1,0.1,48.1880787037037,12,7,-5,False,False
B,ATP-target-emphasis 30/50/10/10,ATP-SMI-874C2DE25FE4,Hit3,0.3,0.5,0.1,0.1,42.402199074074076,15,8,-7,False,False
B,ATP-target-emphasis 30/50/10/10,ATP-SMI-775D33706F04,Hit14,0.3,0.5,0.1,0.1,56.0474537037037,9,9,0,False,False
B,ATP-target-emphasis 30/50/10/10,ATP-SMI-CDED936B42F4,Hit11,0.3,0.5,0.1,0.1,63.2662037037037,5,10,5,False,True
B,ATP-target-emphasis 30/50/10/10,ATP-SMI-BF69AB71C1A4,Hit8,0.3,0.5,0.1,0.1,45.0474537037037,13,11,-2,False,False
B,ATP-target-emphasis 30/50/10/10,ATP-SMI-91E7552C2382,Hit16,0.3,0.5,0.1,0.1,58.5005787037037,7,12,5,False,False
B,ATP-target-emphasis 30/50/10/10,ATP-SMI-FCA9CDF3313B,Hit9,0.3,0.5,0.1,0.1,42.5787037037037,14,13,-1,False,False
B,ATP-target-emphasis 30/50/10/10,ATP-SMI-4417138BF81D,Hit17,0.3,0.5,0.1,0.1,53.98726851851852,10,14,4,False,False
B,ATP-target-emphasis 30/50/10/10,ATP-SMI-CFA68A98711F,Hit15,0.3,0.5,0.1,0.1,49.755208333333336,11,15,4,False,False
B,ATP-target-emphasis 30/50/10/10,ATP-SMI-94F73967C042,Hit12,0.3,0.5,0.1,0.1,38.8912037037037,16,16,0,False,False
B,ATP-target-emphasis 30/50/10/10,ATP-SMI-15737353FB69,Hit7,0.3,0.5,0.1,0.1,35.748263888888886,17,17,0,False,False
C,Equal weighting 25/25/25/25,ATP-SMI-C93E6EC67CDB,Hit2,0.25,0.25,0.25,0.25,73.98582175925927,1,1,0,True,True
C,Equal weighting 25/25/25/25,ATP-SMI-9DA3213A09E8,Hit1,0.25,0.25,0.25,0.25,68.7181712962963,3,2,-1,True,True
C,Equal weighting 25/25/25/25,ATP-SMI-5D3E7B6B6796,Hit4,0.25,0.25,0.25,0.25,60.5541087962963,6,3,-3,False,False
C,Equal weighting 25/25/25/25,ATP-SMI-96FD6257D8BA,Hit5,0.25,0.25,0.25,0.25,57.3900462962963,11,4,-7,False,False
C,Equal weighting 25/25/25/25,ATP-SMI-E9798004BA11,Hit6,0.25,0.25,0.25,0.25,57.131076388888886,12,5,-7,False,False
C,Equal weighting 25/25/25/25,ATP-SMI-5B36D3E11A3B,Hit13,0.25,0.25,0.25,0.25,69.18113425925927,2,6,4,True,True
C,Equal weighting 25/25/25/25,ATP-SMI-C3308BEE03AC,Hit10,0.25,0.25,0.25,0.25,66.25144675925927,4,7,3,False,True
C,Equal weighting 25/25/25/25,ATP-SMI-874C2DE25FE4,Hit3,0.25,0.25,0.25,0.25,47.72424768518519,16,8,-8,False,False
C,Equal weighting 25/25/25/25,ATP-SMI-775D33706F04,Hit14,0.25,0.25,0.25,0.25,66.05613425925927,5,9,4,False,True
C,Equal weighting 25/25/25/25,ATP-SMI-CDED936B42F4,Hit11,0.25,0.25,0.25,0.25,58.79050925925926,9,10,1,False,False
C,Equal weighting 25/25/25/25,ATP-SMI-BF69AB71C1A4,Hit8,0.25,0.25,0.25,0.25,59.80613425925926,7,11,4,False,False
C,Equal weighting 25/25/25/25,ATP-SMI-91E7552C2382,Hit16,0.25,0.25,0.25,0.25,58.90769675925926,8,12,4,False,False
C,Equal weighting 25/25/25/25,ATP-SMI-FCA9CDF3313B,Hit9,0.25,0.25,0.25,0.25,50.82175925925926,15,13,-2,False,False
C,Equal weighting 25/25/25/25,ATP-SMI-4417138BF81D,Hit17,0.25,0.25,0.25,0.25,58.4056712962963,10,14,4,False,False
C,Equal weighting 25/25/25/25,ATP-SMI-CFA68A98711F,Hit15,0.25,0.25,0.25,0.25,53.294270833333336,14,15,1,False,False
C,Equal weighting 25/25/25/25,ATP-SMI-94F73967C042,Hit12,0.25,0.25,0.25,0.25,54.10300925925926,13,16,3,False,False
C,Equal weighting 25/25/25/25,ATP-SMI-15737353FB69,Hit7,0.25,0.25,0.25,0.25,43.27690972222222,17,17,0,False,False
D,Balanced binding/ATP/AB/drug 40/25/20/15,ATP-SMI-C93E6EC67CDB,Hit2,0.4,0.25,0.2,0.15,74.09461805555556,1,1,0,True,True
D,Balanced binding/ATP/AB/drug 40/25/20/15,ATP-SMI-9DA3213A09E8,Hit1,0.4,0.25,0.2,0.15,69.76215277777777,2,2,0,True,True
D,Balanced binding/ATP/AB/drug 40/25/20/15,ATP-SMI-5D3E7B6B6796,Hit4,0.4,0.25,0.2,0.15,60.53559027777778,4,3,-1,False,True
D,Balanced binding/ATP/AB/drug 40/25/20/15,ATP-SMI-96FD6257D8BA,Hit5,0.4,0.25,0.2,0.15,59.24652777777778,6,4,-2,False,False
D,Balanced binding/ATP/AB/drug 40/25/20/15,ATP-SMI-E9798004BA11,Hit6,0.4,0.25,0.2,0.15,57.700520833333336,7,5,-2,False,False
D,Balanced binding/ATP/AB/drug 40/25/20/15,ATP-SMI-5B36D3E11A3B,Hit13,0.4,0.25,0.2,0.15,60.53993055555556,3,6,3,True,True
D,Balanced binding/ATP/AB/drug 40/25/20/15,ATP-SMI-C3308BEE03AC,Hit10,0.4,0.25,0.2,0.15,59.67274305555556,5,7,2,False,True
D,Balanced binding/ATP/AB/drug 40/25/20/15,ATP-SMI-874C2DE25FE4,Hit3,0.4,0.25,0.2,0.15,51.212673611111114,11,8,-3,False,False
D,Balanced binding/ATP/AB/drug 40/25/20/15,ATP-SMI-775D33706F04,Hit14,0.4,0.25,0.2,0.15,57.66493055555556,8,9,1,False,False
D,Balanced binding/ATP/AB/drug 40/25/20/15,ATP-SMI-CDED936B42F4,Hit11,0.4,0.25,0.2,0.15,53.77430555555556,10,10,0,False,False
D,Balanced binding/ATP/AB/drug 40/25/20/15,ATP-SMI-BF69AB71C1A4,Hit8,0.4,0.25,0.2,0.15,54.66493055555556,9,11,2,False,False
D,Balanced binding/ATP/AB/drug 40/25/20/15,ATP-SMI-91E7552C2382,Hit16,0.4,0.25,0.2,0.15,51.07899305555556,12,12,0,False,False
D,Balanced binding/ATP/AB/drug 40/25/20/15,ATP-SMI-FCA9CDF3313B,Hit9,0.4,0.25,0.2,0.15,47.18055555555556,16,13,-3,False,False
D,Balanced binding/ATP/AB/drug 40/25/20/15,ATP-SMI-4417138BF81D,Hit17,0.4,0.25,0.2,0.15,49.57465277777778,13,14,1,False,False
D,Balanced binding/ATP/AB/drug 40/25/20/15,ATP-SMI-CFA68A98711F,Hit15,0.4,0.25,0.2,0.15,47.2734375,14,15,1,False,False
D,Balanced binding/ATP/AB/drug 40/25/20/15,ATP-SMI-94F73967C042,Hit12,0.4,0.25,0.2,0.15,47.21180555555556,15,16,1,False,False
D,Balanced binding/ATP/AB/drug 40/25/20/15,ATP-SMI-15737353FB69,Hit7,0.4,0.25,0.2,0.15,41.45052083333333,17,17,0,False,False
