acquisition_id,canonical_id,compound_code,title,variant,pose_index,source_file,priority,wave,selection_arm,exported_structure_file,canonical_smiles,structure_qc_status,mmgbsa_protocol_id,protein_structure_id,software_version,mmgbsa_dg_bind_kcal_mol,calculation_status,calculation_date,operator,notes
ATP-ACQ-0001,ATP-HTVS-66618B00A972,44098,m_270004bbb____24792670____7548988,44098-1,2,运行/运行/ATP-VSW/ATP-VSW-DOCK_HTVS_1-002_lib.maegz,P0,1,exploitation,,,,,,,,,,,
ATP-ACQ-0002,ATP-HTVS-40E764CABCB1,58370,m_66bab____89518____10970556,58370-1,346,运行/运行/ATP-VSW/ATP-VSW-DOCK_HTVS_1-002_lib.maegz,P0,1,descriptor_diversity,,,,,,,,,,,
ATP-ACQ-0003,ATP-HTVS-442C36D59863,49602,m_270004bbb____21660890____8300602,49602-1,47,运行/运行/ATP-VSW/ATP-VSW-DOCK_HTVS_1-002_lib.maegz,P0,1,score_calibration,,,,,,,,,,,
ATP-ACQ-0004,ATP-HTVS-780990BE0E68,83747,rxn503b____EMOL519605____EMOL7515103____EMOL317509042,83747-3,1,运行/运行/ATP-VSW/ATP-VSW-DOCK_HTVS_1-003_lib/ATP-VSW-DOCK_HTVS_1-003_lib.mae,P0,1,exploitation,,,,,,,,,,,
ATP-ACQ-0005,ATP-HTVS-837D7A211A0E,67522,m_282030aaa____21928106____22360182____21950844,67522-1,982,运行/运行/ATP-VSW/ATP-VSW-DOCK_HTVS_1-002_lib.maegz,P0,1,descriptor_diversity,,,,,,,,,,,
ATP-ACQ-0006,ATP-HTVS-45A004EDB829,35234,m_2230bbb____8627194____7471132,35234-2,48,运行/运行/ATP-VSW/ATP-VSW-DOCK_HTVS_1-002_lib.maegz,P0,1,score_calibration,,,,,,,,,,,
ATP-ACQ-0007,ATP-HTVS-D6043925B579,66273,m_270004bbb____16500566____7548060,66273-2,1,运行/运行/ATP-VSW/ATP-VSW-DOCK_HTVS_1-001_lib/ATP-VSW-DOCK_HTVS_1-001_lib,P0,1,exploitation,,,,,,,,,,,
ATP-ACQ-0008,ATP-HTVS-43E54E69D2FC,49761,m_2230bdc____14772912____666388,49761-2,1331,运行/运行/ATP-VSW/ATP-VSW-DOCK_HTVS_1-001_lib/ATP-VSW-DOCK_HTVS_1-001_lib,P0,1,descriptor_diversity,,,,,,,,,,,
ATP-ACQ-0009,ATP-HTVS-1402A7ED8177,450,YAS_R004____OTV1509977____OTV7113231893____OTV7020431351,450-1,112,运行/运行/ATP-VSW/ATP-VSW-DOCK_HTVS_1-002_lib.maegz,P0,1,score_calibration,,,,,,,,,,,
ATP-ACQ-0010,ATP-HTVS-6EF9F712D3BB,38274,m_270004bbb____8288884____20640242,38274-1,10,运行/运行/ATP-VSW/ATP-VSW-DOCK_HTVS_1-002_lib.maegz,P0,1,exploitation,,,,,,,,,,,
ATP-ACQ-0011,ATP-HTVS-1952D56C5A08,95489,rxn502b____EMOL5415347____EMOL7515103____EMOL324170366,95489-1,625,运行/运行/ATP-VSW/ATP-VSW-DOCK_HTVS_1-001_lib/ATP-VSW-DOCK_HTVS_1-001_lib,P0,1,descriptor_diversity,,,,,,,,,,,
ATP-ACQ-0012,ATP-HTVS-AD7D334F30DB,88673,rxn503b____EMOL491633____EMOL44466703____EMOL313110234,88673-4,94,运行/运行/ATP-VSW/ATP-VSW-DOCK_HTVS_1-001_lib/ATP-VSW-DOCK_HTVS_1-001_lib,P0,1,score_calibration,,,,,,,,,,,
ATP-ACQ-0013,ATP-HTVS-CEDCE5F1BEB7,20034,WXDL_15E____QS5063____LN00244457____BT0555,20034-1,3,运行/运行/ATP-VSW/ATP-VSW-DOCK_HTVS_1-002_lib.maegz,P0,1,exploitation,,,,,,,,,,,
ATP-ACQ-0014,ATP-HTVS-83530B88E656,71585,rxn512c____EMOL884318____EMOL523944____EMOL2873214,71585-2,1390,运行/运行/ATP-VSW/ATP-VSW-DOCK_HTVS_1-001_lib/ATP-VSW-DOCK_HTVS_1-001_lib,P0,1,descriptor_diversity,,,,,,,,,,,
ATP-ACQ-0015,ATP-HTVS-1356F7D69808,27907,m_2430bbb____22525962____12219700,27907-1,176,运行/运行/ATP-VSW/ATP-VSW-DOCK_HTVS_1-003_lib/ATP-VSW-DOCK_HTVS_1-003_lib.mae,P0,1,score_calibration,,,,,,,,,,,
ATP-ACQ-0016,ATP-HTVS-65F4836C7042,84577,rxn503c____EMOL478035____EMOL49259969____EMOL313110234,84577-4,2,运行/运行/ATP-VSW/ATP-VSW-DOCK_HTVS_1-001_lib/ATP-VSW-DOCK_HTVS_1-001_lib,P0,1,exploitation,,,,,,,,,,,
ATP-ACQ-0017,ATP-HTVS-542A37ED863C,14243,a1____51052____400834,14243-2,569,运行/运行/ATP-VSW/ATP-VSW-DOCK_HTVS_1-003_lib/ATP-VSW-DOCK_HTVS_1-003_lib.mae,P0,1,descriptor_diversity,,,,,,,,,,,
ATP-ACQ-0018,ATP-HTVS-3E3A2065ACC9,14370,a4____241131____9264,14370-1,178,运行/运行/ATP-VSW/ATP-VSW-DOCK_HTVS_1-002_lib.maegz,P0,1,score_calibration,,,,,,,,,,,
ATP-ACQ-0019,ATP-HTVS-60D4F7FF4B6B,48865,m_270004beb____23853920____7548658,48865-1,5,运行/运行/ATP-VSW/ATP-VSW-DOCK_HTVS_1-001_lib/ATP-VSW-DOCK_HTVS_1-001_lib,P0,1,exploitation,,,,,,,,,,,
ATP-ACQ-0020,ATP-HTVS-BE963CFE3042,38017,m_282030aaa____21899824____22360182____21952560,38017-5,1247,运行/运行/ATP-VSW/ATP-VSW-DOCK_HTVS_1-001_lib/ATP-VSW-DOCK_HTVS_1-001_lib,P0,1,descriptor_diversity,,,,,,,,,,,
ATP-ACQ-0021,ATP-HTVS-8F8686BB907F,97314,rxn503b____EMOL483931____EMOL13728749____EMOL313110234,97314-3,239,运行/运行/ATP-VSW/ATP-VSW-DOCK_HTVS_1-003_lib/ATP-VSW-DOCK_HTVS_1-003_lib.mae,P0,1,score_calibration,,,,,,,,,,,
ATP-ACQ-0022,ATP-HTVS-AD7FBCC01633,85217,rxn503b____EMOL521529____EMOL44466703____EMOL313110234,85217-4,3,运行/运行/ATP-VSW/ATP-VSW-DOCK_HTVS_1-001_lib/ATP-VSW-DOCK_HTVS_1-001_lib,P0,1,exploitation,,,,,,,,,,,
ATP-ACQ-0023,ATP-HTVS-F8D25E752EF8,79427,rxn512b____EMOL299981165____EMOL1939773____EMOL6185419,79427-1,671,运行/运行/ATP-VSW/ATP-VSW-DOCK_HTVS_1-003_lib/ATP-VSW-DOCK_HTVS_1-003_lib.mae,P0,1,descriptor_diversity,,,,,,,,,,,
ATP-ACQ-0024,ATP-HTVS-7EF96EA99BCF,95361,rxn502b____EMOL5849923____EMOL30488121____EMOL49839592,95361-1,228,运行/运行/ATP-VSW/ATP-VSW-DOCK_HTVS_1-001_lib/ATP-VSW-DOCK_HTVS_1-001_lib,P0,1,score_calibration,,,,,,,,,,,
ATP-ACQ-0025,ATP-HTVS-2AD5F3716208,34434,m_269862bba____8257516____13192834,34434-2,4,运行/运行/ATP-VSW/ATP-VSW-DOCK_HTVS_1-002_lib.maegz,P1,2,exploitation,,,,,,,,,,,
ATP-ACQ-0026,ATP-HTVS-48C487957C1E,66849,m_11bca____235000____2768258,66849-1,486,运行/运行/ATP-VSW/ATP-VSW-DOCK_HTVS_1-001_lib/ATP-VSW-DOCK_HTVS_1-001_lib,P1,2,descriptor_diversity,,,,,,,,,,,
ATP-ACQ-0027,ATP-HTVS-593FD885E4E3,89665,rxn512c____EMOL530647____EMOL523944____EMOL17023805,89665-2,303,运行/运行/ATP-VSW/ATP-VSW-DOCK_HTVS_1-001_lib/ATP-VSW-DOCK_HTVS_1-001_lib,P1,2,score_calibration,,,,,,,,,,,
ATP-ACQ-0028,ATP-HTVS-E71202E475AE,88195,rxn203____EMOL44691345____EMOL42077534,88195-1,6,运行/运行/ATP-VSW/ATP-VSW-DOCK_HTVS_1-003_lib/ATP-VSW-DOCK_HTVS_1-003_lib.mae,P1,2,exploitation,,,,,,,,,,,
ATP-ACQ-0029,ATP-HTVS-7ABEAEA32F74,93505,rxn403____EMOL2873214____EMOL721951____EMOL31600616,93505-3,200,运行/运行/ATP-VSW/ATP-VSW-DOCK_HTVS_1-001_lib/ATP-VSW-DOCK_HTVS_1-001_lib,P1,2,descriptor_diversity,,,,,,,,,,,
ATP-ACQ-0030,ATP-HTVS-F7366BF3987A,91202,rxn503b____EMOL519605____EMOL30488121____EMOL1468452,91202-3,317,运行/运行/ATP-VSW/ATP-VSW-DOCK_HTVS_1-002_lib.maegz,P1,2,score_calibration,,,,,,,,,,,
ATP-ACQ-0031,ATP-HTVS-98E751432A52,90242,rxn502a____EMOL530803____EMOL44820718____EMOL2873214,90242-1,8,运行/运行/ATP-VSW/ATP-VSW-DOCK_HTVS_1-002_lib.maegz,P1,2,exploitation,,,,,,,,,,,
ATP-ACQ-0032,ATP-HTVS-0C253F9D7643,68259,m_275532bba____13829954____13834314,68259-1,575,运行/运行/ATP-VSW/ATP-VSW-DOCK_HTVS_1-003_lib/ATP-VSW-DOCK_HTVS_1-003_lib.mae,P1,2,descriptor_diversity,,,,,,,,,,,
ATP-ACQ-0033,ATP-HTVS-49CF595ADD5C,20834,N-ArylationHeterocycle____821571____76754741,20834-1,409,运行/运行/ATP-VSW/ATP-VSW-DOCK_HTVS_1-002_lib.maegz,P1,2,score_calibration,,,,,,,,,,,
ATP-ACQ-0034,ATP-HTVS-D1462A8BE621,82146,rxn503b____EMOL495084____EMOL13728749____EMOL1197208,82146-2,12,运行/运行/ATP-VSW/ATP-VSW-DOCK_HTVS_1-002_lib.maegz,P1,2,exploitation,,,,,,,,,,,
ATP-ACQ-0035,ATP-HTVS-FF081A1D735D,85411,rxn502b____EMOL480353____EMOL7515103____EMOL48601815,85411-1,179,运行/运行/ATP-VSW/ATP-VSW-DOCK_HTVS_1-003_lib/ATP-VSW-DOCK_HTVS_1-003_lib.mae,P1,2,descriptor_diversity,,,,,,,,,,,
ATP-ACQ-0036,ATP-HTVS-76EB0BEAC1B9,37825,m_282030aaa____21929760____22360182____21938720,37825-1,391,运行/运行/ATP-VSW/ATP-VSW-DOCK_HTVS_1-001_lib/ATP-VSW-DOCK_HTVS_1-001_lib,P1,2,score_calibration,,,,,,,,,,,
ATP-ACQ-0037,ATP-HTVS-8E3D409F2843,55746,m_270004bbb____15775648____7548658,55746-1,17,运行/运行/ATP-VSW/ATP-VSW-DOCK_HTVS_1-002_lib.maegz,P1,2,exploitation,,,,,,,,,,,
ATP-ACQ-0038,ATP-HTVS-9CE7151F0CF5,20835,N-ArylationHeterocycle____37094440____31229383,20835-1,703,运行/运行/ATP-VSW/ATP-VSW-DOCK_HTVS_1-003_lib/ATP-VSW-DOCK_HTVS_1-003_lib.mae,P1,2,descriptor_diversity,,,,,,,,,,,
ATP-ACQ-0039,ATP-HTVS-3254A7EDB406,72033,rxn502b____EMOL631885____EMOL30488121____EMOL50155899,72033-1,489,运行/运行/ATP-VSW/ATP-VSW-DOCK_HTVS_1-001_lib/ATP-VSW-DOCK_HTVS_1-001_lib,P1,2,score_calibration,,,,,,,,,,,
ATP-ACQ-0040,ATP-HTVS-8F383301D999,83458,rxn503b____EMOL299973501____EMOL44466703____EMOL313110234,83458-7,6,运行/运行/ATP-VSW/ATP-VSW-DOCK_HTVS_1-002_lib.maegz,P1,2,exploitation,,,,,,,,,,,
ATP-ACQ-0041,ATP-HTVS-A6940AB4AD1D,24387,m_270004bbb____25289968____24720450,24387-1,184,运行/运行/ATP-VSW/ATP-VSW-DOCK_HTVS_1-003_lib/ATP-VSW-DOCK_HTVS_1-003_lib.mae,P1,2,descriptor_diversity,,,,,,,,,,,
ATP-ACQ-0042,ATP-HTVS-A5353E166184,71683,rxn502b____EMOL485774____EMOL30488121____EMOL50155899,71683-1,485,运行/运行/ATP-VSW/ATP-VSW-DOCK_HTVS_1-003_lib/ATP-VSW-DOCK_HTVS_1-003_lib.mae,P1,2,score_calibration,,,,,,,,,,,
ATP-ACQ-0043,ATP-HTVS-DDBB6FEB6103,43170,m_270004bbb____15722580____21435080,43170-2,7,运行/运行/ATP-VSW/ATP-VSW-DOCK_HTVS_1-002_lib.maegz,P1,2,exploitation,,,,,,,,,,,
ATP-ACQ-0044,ATP-HTVS-CD22DC9E9474,28033,m_270004bbb____24792668____7548982,28033-3,393,运行/运行/ATP-VSW/ATP-VSW-DOCK_HTVS_1-001_lib/ATP-VSW-DOCK_HTVS_1-001_lib,P1,2,descriptor_diversity,,,,,,,,,,,
ATP-ACQ-0045,ATP-HTVS-F15CD1C1F5FF,30753,m_282030aaa____21893406____23157418____21967972,30753-2,603,运行/运行/ATP-VSW/ATP-VSW-DOCK_HTVS_1-001_lib/ATP-VSW-DOCK_HTVS_1-001_lib,P1,2,score_calibration,,,,,,,,,,,
ATP-ACQ-0046,ATP-HTVS-92BA88CED8DA,20033,WXDL_15E____QS5063____LN00174727____BT2076,20033-1,8,运行/运行/ATP-VSW/ATP-VSW-DOCK_HTVS_1-001_lib/ATP-VSW-DOCK_HTVS_1-001_lib,P1,2,exploitation,,,,,,,,,,,
ATP-ACQ-0047,ATP-HTVS-94941B52F5EC,56161,m_282030aaa____21917492____23157418____21967972,56161-2,655,运行/运行/ATP-VSW/ATP-VSW-DOCK_HTVS_1-001_lib/ATP-VSW-DOCK_HTVS_1-001_lib,P1,2,descriptor_diversity,,,,,,,,,,,
ATP-ACQ-0048,ATP-HTVS-85577F90127E,51907,m_282030aaa____21932362____23157418____21968946,51907-1,596,运行/运行/ATP-VSW/ATP-VSW-DOCK_HTVS_1-003_lib/ATP-VSW-DOCK_HTVS_1-003_lib.mae,P1,2,score_calibration,,,,,,,,,,,
ATP-ACQ-0049,ATP-HTVS-3FEB13A0176D,79265,rxn403____EMOL44390368____EMOL720244____EMOL1197208,79265-6,12,运行/运行/ATP-VSW/ATP-VSW-DOCK_HTVS_1-001_lib/ATP-VSW-DOCK_HTVS_1-001_lib,P1,2,exploitation,,,,,,,,,,,
ATP-ACQ-0050,ATP-HTVS-B278BB2953A5,37281,m_270004bbb____25289958____24721296,37281-1,294,运行/运行/ATP-VSW/ATP-VSW-DOCK_HTVS_1-001_lib/ATP-VSW-DOCK_HTVS_1-001_lib,P1,2,descriptor_diversity,,,,,,,,,,,
ATP-ACQ-0051,ATP-HTVS-DD1946FA5AC5,93185,rxn502a____EMOL882167____EMOL45980405____EMOL50155899,93185-1,816,运行/运行/ATP-VSW/ATP-VSW-DOCK_HTVS_1-001_lib/ATP-VSW-DOCK_HTVS_1-001_lib,P1,2,score_calibration,,,,,,,,,,,
ATP-ACQ-0052,ATP-HTVS-54A1786C1F00,83457,rxn503b____EMOL491815____EMOL44466703____EMOL313110234,83457-7,6,运行/运行/ATP-VSW/ATP-VSW-DOCK_HTVS_1-001_lib/ATP-VSW-DOCK_HTVS_1-001_lib,P1,2,exploitation,,,,,,,,,,,
ATP-ACQ-0053,ATP-HTVS-E85D4903F0A1,48227,m_270004bbb____23846716____7548984,48227-4,1198,运行/运行/ATP-VSW/ATP-VSW-DOCK_HTVS_1-003_lib/ATP-VSW-DOCK_HTVS_1-003_lib.mae,P1,2,descriptor_diversity,,,,,,,,,,,
ATP-ACQ-0054,ATP-HTVS-EE8A818A3017,72097,rxn403____EMOL8314610____EMOL24201912____EMOL530791,72097-4,815,运行/运行/ATP-VSW/ATP-VSW-DOCK_HTVS_1-001_lib/ATP-VSW-DOCK_HTVS_1-001_lib,P1,2,score_calibration,,,,,,,,,,,
ATP-ACQ-0055,ATP-HTVS-F8BD3C119C5E,34435,m_269862dba____8258832____13192834,34435-4,5,运行/运行/ATP-VSW/ATP-VSW-DOCK_HTVS_1-003_lib/ATP-VSW-DOCK_HTVS_1-003_lib.mae,P1,2,exploitation,,,,,,,,,,,
ATP-ACQ-0056,ATP-HTVS-CEC01CDE00B1,94818,rxn505a____EMOL5415347____EMOL313123100____EMOL49780033,94818-2,970,运行/运行/ATP-VSW/ATP-VSW-DOCK_HTVS_1-003_lib/ATP-VSW-DOCK_HTVS_1-003_lib.mae,P1,2,descriptor_diversity,,,,,,,,,,,
ATP-ACQ-0057,ATP-HTVS-8EE5F01B86B2,66145,m_2230bdc____17849930____666704,66145-1,1275,运行/运行/ATP-VSW/ATP-VSW-DOCK_HTVS_1-001_lib/ATP-VSW-DOCK_HTVS_1-001_lib,P1,2,score_calibration,,,,,,,,,,,
ATP-ACQ-0058,ATP-HTVS-3B3954EE8C13,84897,rxn503b____EMOL32279559____EMOL13728749____EMOL313110234,84897-3,4,运行/运行/ATP-VSW/ATP-VSW-DOCK_HTVS_1-001_lib/ATP-VSW-DOCK_HTVS_1-001_lib,P1,2,exploitation,,,,,,,,,,,
ATP-ACQ-0059,ATP-HTVS-4AC739BE8539,83970,rxn502b____EMOL49863568____EMOL13728749____EMOL44153840,83970-2,894,运行/运行/ATP-VSW/ATP-VSW-DOCK_HTVS_1-002_lib.maegz,P1,2,descriptor_diversity,,,,,,,,,,,
ATP-ACQ-0060,ATP-HTVS-F05D07B9382E,64417,m_270004beb____23855432____24720860,64417-5,1271,运行/运行/ATP-VSW/ATP-VSW-DOCK_HTVS_1-001_lib/ATP-VSW-DOCK_HTVS_1-001_lib,P1,2,score_calibration,,,,,,,,,,,
